seed,slot,oracle_price,h,c_tot,pnl_pos_tot,insurance,open_interest,cum_liquidations,cum_force_closes
1,0,60000000000,1.000000,118222847877043,3143068572681,10107866550276,3557137456,0,0
1,5,48000000000,0.421509,116416532680011,11680380206459,10133867975361,3452679353,61,4
1,10,36000000000,0.474554,106486598882432,31267968715758,10148853001468,2777863064,391,12
1,15,38700000000,0.570276,97334581201783,42065296478590,10150385178562,2344968572,674,13
1,20,41400000000,0.796228,89688597614714,39725765053021,10154435259403,2324305233,686,13
1,25,44100000000,0.867601,89118344843046,37114995165533,10154435259403,2324305233,686,13
1,30,46800000000,0.984281,89497813973395,32329720954455,10154435259403,2324305233,686,13
1,35,46800000000,1.000000,89842799313739,30007028633748,10154435259403,2324305233,686,13
1,40,46800000000,1.000000,90155061990393,29585355989554,10154435259403,2324305233,686,13
1,45,46800000000,1.000000,90386166839676,29354251140271,10154435259403,2324305233,686,13
1,50,46800000000,1.000000,90650244893977,29090173085970,10154435259403,2324305233,686,13
1,55,46800000000,1.000000,90865497448264,28874920531683,10154435259403,2324305233,686,13
1,60,46800000000,1.000000,91133670428038,28606747551909,10154435259403,2324305233,686,13
1,65,46800000000,1.000000,91371010189336,28369407790611,10154435259403,2324305233,686,13
1,70,46800000000,1.000000,91612082091466,28128335888481,10154435259403,2324305233,686,13
1,75,46800000000,1.000000,91847957079772,27892460900175,10154435259403,2324305233,686,13
1,80,46800000000,1.000000,92068796741392,27671621238555,10154435259403,2324305233,686,13
1,85,46800000000,1.000000,92280655841782,27459762138165,10154435259403,2324305233,686,13
1,90,46800000000,1.000000,92535685677082,27204732302865,10154435259403,2324305233,686,13
1,95,46800000000,1.000000,92761393428682,26979024551265,10154435259403,2324305233,686,13
1,100,46800000000,1.000000,92990650408870,26749767571077,10154435259403,2324305233,686,13
1,105,46800000000,1.000000,93214965175774,26525452804173,10154435259403,2324305233,686,13
1,110,46800000000,1.000000,93424981496566,26315436483381,10154435259403,2324305233,686,13
1,115,46800000000,1.000000,93626457392890,26113960587057,10154435259403,2324305233,686,13
1,120,46800000000,1.000000,93868988228752,25871429751195,10154435259403,2324305233,686,13
1,125,46800000000,1.000000,94083634054600,25656783925347,10154435259403,2324305233,686,13
1,130,46800000000,1.000000,94301655161632,25438762818315,10154435259403,2324305233,686,13
1,135,46800000000,1.000000,94514976273058,25225441706889,10154435259403,2324305233,686,13
1,140,46800000000,1.000000,94714699704466,25025718275481,10154435259403,2324305233,686,13
1,145,46800000000,1.000000,94906301277232,24834116702715,10154435259403,2324305233,686,13
1,150,46800000000,1.000000,95136945689032,24603472290915,10154435259403,2324305233,686,13
1,155,46800000000,1.000000,95341071733672,24399346246275,10154435259403,2324305233,686,13
1,160,46800000000,1.000000,95548407637090,24192010342857,10154435259403,2324305233,686,13
1,165,46800000000,1.000000,95751273891466,23989144088481,10154435259403,2324305233,686,13
1,170,46800000000,1.000000,95941208887546,23799209092401,10154435259403,2324305233,686,13
1,175,46800000000,1.000000,96123420076696,23616997903251,10154435259403,2324305233,686,13
1,180,46800000000,1.000000,96342760617262,23397657362685,10154435259403,2324305233,686,13
1,185,46800000000,1.000000,96536882454730,23203535525217,10154435259403,2324305233,686,13
1,190,46800000000,1.000000,96734056835812,23006361144135,10154435259403,2324305233,686,13
1,195,46800000000,1.000000,96926980625242,22813437354705,10154435259403,2324305233,686,13
2,0,60000000000,1.000000,103929972216792,2927671405114,10078871378094,2641572666,0,0
2,5,48000000000,0.325070,103539689121210,10183618334373,10086434130598,2612705359,42,3
2,10,36000000000,0.351062,98651486966933,23334536092137,10093167282858,2318775241,329,5
2,15,38700000000,0.623853,86889015032142,31980970619873,10096090105661,1841228068,604,10
2,20,41400000000,0.842025,82239487876368,29213361252424,10098640131405,1828207566,624,10
2,25,44100000000,0.927541,80457920094632,28440739478114,10098640131405,1828207566,624,10
2,30,46800000000,1.000000,80775998217162,24943775628053,10098640131405,1828207566,624,10
2,35,46800000000,1.000000,81041789166339,23290260186536,10098640131405,1828207566,624,10
2,40,46800000000,1.000000,81257556085237,23122653230278,10098640131405,1828207566,624,10
2,45,46800000000,1.000000,81446852016389,22933357299126,10098640131405,1828207566,624,10
2,50,46800000000,1.000000,81647049553577,22733159761938,10098640131405,1828207566,624,10
2,55,46800000000,1.000000,81836373859244,22543835456271,10098640131405,1828207566,624,10
2,60,46800000000,1.000000,82040144402558,22340064912957,10098640131405,1828207566,624,10
2,65,46800000000,1.000000,82219371964118,22160837351397,10098640131405,1828207566,624,10
2,70,46800000000,1.000000,82398978654902,21981230660613,10098640131405,1828207566,624,10
2,75,46800000000,1.000000,82567511482058,21812697833457,10098640131405,1828207566,624,10
2,80,46800000000,1.000000,82757930380070,21622278935445,10098640131405,1828207566,624,10
2,85,46800000000,1.000000,82941246088358,21438963227157,10098640131405,1828207566,624,10
2,90,46800000000,1.000000,83135029847606,21245179467909,10098640131405,1828207566,624,10
2,95,46800000000,1.000000,83305473475280,21074735840235,10098640131405,1828207566,624,10
2,100,46800000000,1.000000,83476277651180,20903931664335,10098640131405,1828207566,624,10
2,105,46800000000,1.000000,83636550692882,20743658622633,10098640131405,1828207566,624,10
2,110,46800000000,1.000000,83817637170320,20562572145195,10098640131405,1828207566,624,10
2,115,46800000000,1.000000,83991968584898,20388240730617,10098640131405,1828207566,624,10
2,120,46800000000,1.000000,84176255011700,20203954303815,10098640131405,1828207566,624,10
2,125,46800000000,1.000000,84338345205740,20041864109775,10098640131405,1828207566,624,10
2,130,46800000000,1.000000,84500778277454,19879431038061,10098640131405,1828207566,624,10
2,135,46800000000,1.000000,84653196345254,19727012970261,10098640131405,1828207566,624,10
2,140,46800000000,1.000000,84825407783432,19554801532083,10098640131405,1828207566,624,10
2,145,46800000000,1.000000,84991195224038,19389014091477,10098640131405,1828207566,624,10
2,150,46800000000,1.000000,85166449782278,19213759533237,10098640131405,1828207566,624,10
2,155,46800000000,1.000000,85320595943900,19059613371615,10098640131405,1828207566,624,10
2,160,46800000000,1.000000,85475068178912,18905141136603,10098640131405,1828207566,624,10
2,165,46800000000,1.000000,85620016244792,18760193070723,10098640131405,1828207566,624,10
2,170,46800000000,1.000000,85783787608916,18596421706599,10098640131405,1828207566,624,10
2,175,46800000000,1.000000,85941449815280,18438759500235,10098640131405,1828207566,624,10
2,180,46800000000,1.000000,86108115156350,18272094159165,10098640131405,1828207566,624,10
2,185,46800000000,1.000000,86254706622344,18125502693171,10098640131405,1828207566,624,10
2,190,46800000000,1.000000,86401608180752,17978601134763,10098640131405,1828207566,624,10
2,195,46800000000,1.000000,86539452349178,17840756966337,10098640131405,1828207566,624,10
3,0,60000000000,1.000000,111561360383799,3036267210203,10109011405998,4308080178,0,0
3,5,48000000000,0.557399,109214413839658,9640992673686,10118341984558,4097509526,50,0
3,10,36000000000,0.612608,91596899667322,37522019120105,10123464840613,2753021371,354,4
3,15,38700000000,0.627711,84464125417159,47980966816121,10124352052887,2446062050,633,9
3,20,41400000000,0.695207,81757556449039,47214478186292,10125241155244,2441502905,643,10
3,25,44100000000,0.819775,81096686670000,40846245274763,10125241155244,2441502905,643,10
3,30,46800000000,0.901128,81381680957650,36842395169495,10125241155244,2441502905,643,10
3,35,46800000000,1.000000,81792554931101,32328887996505,10125241155244,2441502905,643,10
3,40,46800000000,1.000000,82156826233570,31857305490496,10125241155244,2441502905,643,10
3,45,46800000000,1.000000,82452172158273,31561959565793,10125241155244,2441502905,643,10
3,50,46800000000,1.000000,82733896376745,31280235347321,10125241155244,2441502905,643,10
3,55,46800000000,1.000000,82916127096206,31098004627860,10125241155244,2441502905,643,10
3,60,46800000000,1.000000,83206306285688,30807825438378,10125241155244,2441502905,643,10
3,65,46800000000,1.000000,83454547395284,30559584328782,10125241155244,2441502905,643,10
3,70,46800000000,1.000000,83731737150956,30282394573110,10125241155244,2441502905,643,10
3,75,46800000000,1.000000,83993792923478,30020338800588,10125241155244,2441502905,643,10
3,80,46800000000,1.000000,84261727911716,29752403812350,10125241155244,2441502905,643,10
3,85,46800000000,1.000000,84440238730208,29573892993858,10125241155244,2441502905,643,10
3,90,46800000000,1.000000,84716196251966,29297935472100,10125241155244,2441502905,643,10
3,95,46800000000,1.000000,84952271077130,29061860646936,10125241155244,2441502905,643,10
3,100,46800000000,1.000000,85215875776670,28798255947396,10125241155244,2441502905,643,10
3,105,46800000000,1.000000,85465088208962,28549043515104,10125241155244,2441502905,643,10
3,110,46800000000,1.000000,85719891716714,28294240007352,10125241155244,2441502905,643,10
3,115,46800000000,1.000000,85889653728914,28124477995152,10125241155244,2441502905,643,10
3,120,46800000000,1.000000,86152086586340,27862045137726,10125241155244,2441502905,643,10
3,125,46800000000,1.000000,86376591396200,27637540327866,10125241155244,2441502905,643,10
3,130,46800000000,1.000000,86627276842406,27386854881660,10125241155244,2441502905,643,10
3,135,46800000000,1.000000,86864275385738,27149856338328,10125241155244,2441502905,643,10
3,140,46800000000,1.000000,87106590986276,26907540737790,10125241155244,2441502905,643,10
3,145,46800000000,1.000000,87268032970520,26746098753546,10125241155244,2441502905,643,10
3,150,46800000000,1.000000,87517604006654,26496527717412,10125241155244,2441502905,643,10
3,155,46800000000,1.000000,87731105846834,26283025877232,10125241155244,2441502905,643,10
3,160,46800000000,1.000000,87969505211912,26044626512154,10125241155244,2441502905,643,10
3,165,46800000000,1.000000,88194888468494,25819243255572,10125241155244,2441502905,643,10
3,170,46800000000,1.000000,88425328193486,25588803530580,10125241155244,2441502905,643,10
3,175,46800000000,1.000000,88578857914340,25435273809726,10125241155244,2441502905,643,10
3,180,46800000000,1.000000,88816197486518,25197934237548,10125241155244,2441502905,643,10
3,185,46800000000,1.000000,89019235612310,24994896111756,10125241155244,2441502905,643,10
3,190,46800000000,1.000000,89245951036448,24768180687618,10125241155244,2441502905,643,10
3,195,46800000000,1.000000,89460288270944,24553843453122,10125241155244,2441502905,643,10
4,0,60000000000,1.000000,95189983292949,2885350384532,10075883322519,2647727464,0,0
4,5,48000000000,0.469763,94312579611322,7987762237507,10086284560808,2574063249,52,3
4,10,36000000000,0.528709,85555695653509,23642944862303,10095274262447,1990327306,382,10
4,15,38700000000,0.652148,77846999429970,30987350340130,10095878627153,1701929957,651,14
4,20,41400000000,0.793918,74569689120636,29579140551204,10098105929386,1690539956,663,14
4,25,44100000000,0.919504,73491171215186,26712159444463,10098105929386,1690539956,663,14
4,30,46800000000,0.997871,73728749835706,24376269843694,10098105929386,1690539956,663,14
4,35,46800000000,1.000000,73993164019246,22132176036991,10098105929386,1690539956,663,14
4,40,46800000000,1.000000,74218186178873,21916892687724,10098105929386,1690539956,663,14
4,45,46800000000,1.000000,74415656265339,21719422601258,10098105929386,1690539956,663,14
4,50,46800000000,1.000000,74600132632191,21534946234406,10098105929386,1690539956,663,14
4,55,46800000000,1.000000,74756123496085,21378955370512,10098105929386,1690539956,663,14
4,60,46800000000,1.000000,74945703377785,21189375488812,10098105929386,1690539956,663,14
4,65,46800000000,1.000000,75124668170077,21010410696520,10098105929386,1690539956,663,14
4,70,46800000000,1.000000,75308381741971,20826697124626,10098105929386,1690539956,663,14
4,75,46800000000,1.000000,75475983563635,20659095302962,10098105929386,1690539956,663,14
4,80,46800000000,1.000000,75651328118071,20483750748526,10098105929386,1690539956,663,14
4,85,46800000000,1.000000,75803905011067,20331173855530,10098105929386,1690539956,663,14
4,90,46800000000,1.000000,75984193592389,20150885274208,10098105929386,1690539956,663,14
4,95,46800000000,1.000000,76154387329075,19980691537522,10098105929386,1690539956,663,14
4,100,46800000000,1.000000,76329097107925,19805981758672,10098105929386,1690539956,663,14
4,105,46800000000,1.000000,76488484772809,19646594093788,10098105929386,1690539956,663,14
4,110,46800000000,1.000000,76655235699295,19479843167302,10098105929386,1690539956,663,14
4,115,46800000000,1.000000,76800334806409,19334744060188,10098105929386,1690539956,663,14
4,120,46800000000,1.000000,76971787453225,19163291413372,10098105929386,1690539956,663,14
4,125,46800000000,1.000000,77133640003333,19001438863264,10098105929386,1690539956,663,14
4,130,46800000000,1.000000,77299787264569,18835291602028,10098105929386,1690539956,663,14
4,135,46800000000,1.000000,77451363347965,18683715518632,10098105929386,1690539956,663,14
4,140,46800000000,1.000000,77609941819807,18525137046790,10098105929386,1690539956,663,14
4,145,46800000000,1.000000,77747929626859,18387149239738,10098105929386,1690539956,663,14
4,150,46800000000,1.000000,77910979388047,18224099478550,10098105929386,1690539956,663,14
4,155,46800000000,1.000000,78064899552787,18070179313810,10098105929386,1690539956,663,14
4,160,46800000000,1.000000,78222903945043,17912174921554,10098105929386,1690539956,663,14
4,165,46800000000,1.000000,78367051291993,17768027574604,10098105929386,1690539956,663,14
4,170,46800000000,1.000000,78517857840955,17617221025642,10098105929386,1690539956,663,14
4,175,46800000000,1.000000,78649082872441,17485995994156,10098105929386,1690539956,663,14
4,180,46800000000,1.000000,78804141572899,17330937293698,10098105929386,1690539956,663,14
4,185,46800000000,1.000000,78950518118101,17184560748496,10098105929386,1690539956,663,14
4,190,46800000000,1.000000,79100778722989,17034300143608,10098105929386,1690539956,663,14
4,195,46800000000,1.000000,79237861415695,16897217450902,10098105929386,1690539956,663,14
5,0,60000000000,1.000000,104743480146010,3040978276054,10093695577936,3443415140,0,0
5,5,48000000000,0.428809,103926558855935,8972424037102,10104137633476,3360326951,62,4
5,10,36000000000,0.420513,94557288496696,31402353024401,10115761876807,2736989311,358,8
5,15,38700000000,0.513620,87161135119237,40104198678206,10118709244725,2437621944,619,9
5,20,41400000000,0.796770,77330757517995,38188900436787,10119627098739,2432910939,636,10
5,25,44100000000,0.879308,76150404643599,35946595782070,10119627098739,2432910939,636,10
5,30,46800000000,0.993175,76496799855221,31476542926397,10119627098739,2432910939,636,10
5,35,46800000000,1.000000,76799672504733,30071416788054,10119627098739,2432910939,636,10
5,40,46800000000,1.000000,77120951067404,29551620891163,10119627098739,2432910939,636,10
5,45,46800000000,1.000000,77382929391023,29289642567544,10119627098739,2432910939,636,10
5,50,46800000000,1.000000,77638313889887,29034258068680,10119627098739,2432910939,636,10
5,55,46800000000,1.000000,77840281128427,28832290830140,10119627098739,2432910939,636,10
5,60,46800000000,1.000000,78097609820923,28574962137644,10119627098739,2432910939,636,10
5,65,46800000000,1.000000,78325553325139,28347018633428,10119627098739,2432910939,636,10
5,70,46800000000,1.000000,78580284424735,28092287533832,10119627098739,2432910939,636,10
5,75,46800000000,1.000000,78816776439091,27855795519476,10119627098739,2432910939,636,10
5,80,46800000000,1.000000,79059625152511,27612946806056,10119627098739,2432910939,636,10
5,85,46800000000,1.000000,79253350241389,27419221717178,10119627098739,2432910939,636,10
5,90,46800000000,1.000000,79498067267641,27174504690926,10119627098739,2432910939,636,10
5,95,46800000000,1.000000,79714839272107,26957732686460,10119627098739,2432910939,636,10
5,100,46800000000,1.000000,79957086013219,26715485945348,10119627098739,2432910939,636,10
5,105,46800000000,1.000000,80181987565621,26490584392946,10119627098739,2432910939,636,10
5,110,46800000000,1.000000,80412934275715,26259637682852,10119627098739,2432910939,636,10
5,115,46800000000,1.000000,80597164907683,26075407050884,10119627098739,2432910939,636,10
5,120,46800000000,1.000000,80829888364621,25842683593946,10119627098739,2432910939,636,10
5,125,46800000000,1.000000,81036036383977,25636535574590,10119627098739,2432910939,636,10
5,130,46800000000,1.000000,81266410624495,25406161334072,10119627098739,2432910939,636,10
5,135,46800000000,1.000000,81480289763143,25192282195424,10119627098739,2432910939,636,10
5,140,46800000000,1.000000,81699917786575,24972654171992,10119627098739,2432910939,636,10
5,145,46800000000,1.000000,81875119284637,24797452673930,10119627098739,2432910939,636,10
5,150,46800000000,1.000000,82096436976595,24576134981972,10119627098739,2432910939,636,10
5,155,46800000000,1.000000,82292481691837,24380090266730,10119627098739,2432910939,636,10
5,160,46800000000,1.000000,82511565302251,24161006656316,10119627098739,2432910939,636,10
5,165,46800000000,1.000000,82714962234961,23957609723606,10119627098739,2432910939,636,10
5,170,46800000000,1.000000,82923826299823,23748745658744,10119627098739,2432910939,636,10
5,175,46800000000,1.000000,83090441181115,23582130777452,10119627098739,2432910939,636,10
5,180,46800000000,1.000000,83300912103829,23371659854738,10119627098739,2432910939,636,10
5,185,46800000000,1.000000,83487348677365,23185223281202,10119627098739,2432910939,636,10
5,190,46800000000,1.000000,83695695010999,22976876947568,10119627098739,2432910939,636,10
5,195,46800000000,1.000000,83889123470341,22783448488226,10119627098739,2432910939,636,10
6,0,60000000000,1.000000,95448118322493,2898678442308,10067703235199,2679437000,0,0
6,5,48000000000,0.416424,94981414188528,8056810565057,10078035403153,2643645931,46,1
6,10,36000000000,0.321186,90128559621355,25540939317396,10082554744153,2301767842,378,10
6,15,38700000000,0.427870,84782426691391,31663655441990,10084144399811,2098467279,625,14
6,20,41400000000,0.836276,72754530800823,30582775882467,10084338072173,2097476855,642,14
6,25,44100000000,0.933927,71678903280185,28536767218077,10084338072173,2097476855,642,14
6,30,46800000000,1.000000,71896677169300,26246320405801,10084338072173,2097476855,642,14
6,35,46800000000,1.000000,72161311064991,25444664079794,10084338072173,2097476855,642,14
6,40,46800000000,1.000000,72417017500748,25098404347977,10084338072173,2097476855,642,14
6,45,46800000000,1.000000,72656372699221,24859049149504,10084338072173,2097476855,642,14
6,50,46800000000,1.000000,72861357414745,24654064433980,10084338072173,2097476855,642,14
6,55,46800000000,1.000000,73017750075462,24497671773263,10084338072173,2097476855,642,14
6,60,46800000000,1.000000,73244572947504,24270848901221,10084338072173,2097476855,642,14
6,65,46800000000,1.000000,73444555625904,24070866222821,10084338072173,2097476855,642,14
6,70,46800000000,1.000000,73656443293422,23858978555303,10084338072173,2097476855,642,14
6,75,46800000000,1.000000,73874326246206,23641095602519,10084338072173,2097476855,642,14
6,80,46800000000,1.000000,74068748958576,23446672890149,10084338072173,2097476855,642,14
6,85,46800000000,1.000000,74218379725152,23297042123573,10084338072173,2097476855,642,14
6,90,46800000000,1.000000,74434086019482,23081335829243,10084338072173,2097476855,642,14
6,95,46800000000,1.000000,74624267556882,22891154291843,10084338072173,2097476855,642,14
6,100,46800000000,1.000000,74825770620204,22689651228521,10084338072173,2097476855,642,14
6,105,46800000000,1.000000,75032975140260,22482446708465,10084338072173,2097476855,642,14
6,110,46800000000,1.000000,75217869205164,22297552643561,10084338072173,2097476855,642,14
6,115,46800000000,1.000000,75360166575372,22155255273353,10084338072173,2097476855,642,14
6,120,46800000000,1.000000,75565301115198,21950120733527,10084338072173,2097476855,642,14
6,125,46800000000,1.000000,75746161864908,21769259983817,10084338072173,2097476855,642,14
6,130,46800000000,1.000000,75937789273194,21577632575531,10084338072173,2097476855,642,14
6,135,46800000000,1.000000,76134838710096,21380583138629,10084338072173,2097476855,642,14
6,140,46800000000,1.000000,76310671126038,21204750722687,10084338072173,2097476855,642,14
6,145,46800000000,1.000000,76445994509436,21069427339289,10084338072173,2097476855,642,14
6,150,46800000000,1.000000,76641075415620,20874346433105,10084338072173,2097476855,642,14
6,155,46800000000,1.000000,76813072189062,20702349659663,10084338072173,2097476855,642,14
6,160,46800000000,1.000000,76995307947648,20520113901077,10084338072173,2097476855,642,14
6,165,46800000000,1.000000,77182700001522,20332721847203,10084338072173,2097476855,642,14
6,170,46800000000,1.000000,77349914879652,20165506969073,10084338072173,2097476855,642,14
6,175,46800000000,1.000000,77478606070596,20036815778129,10084338072173,2097476855,642,14
6,180,46800000000,1.000000,77664126071172,19851295777553,10084338072173,2097476855,642,14
6,185,46800000000,1.000000,77827693291164,19687728557561,10084338072173,2097476855,642,14
6,190,46800000000,1.000000,78000997684218,19514424164507,10084338072173,2097476855,642,14
6,195,46800000000,1.000000,78179205662826,19336216185899,10084338072173,2097476855,642,14
7,0,60000000000,1.000000,103464862306277,2943874879938,10088554813785,3099774002,0,0
7,5,48000000000,0.452749,102971331367826,7572074398433,10097710891901,3069612427,70,0
7,10,36000000000,0.561154,91398790635344,26721889853526,10103398569135,2348123543,389,4
7,15,38700000000,0.717194,80574116388907,35998650931767,10105165689320,1806037377,685,7
7,20,41400000000,0.818942,78184041977340,34442507670276,10106838167808,1797498587,707,8
7,25,44100000000,0.938326,77717939105286,30557095456417,10106838167808,1797498587,707,8
7,30,46800000000,1.000000,78029061058828,26747717547283,10106838167808,1797498587,707,8
7,35,46800000000,1.000000,78300748302274,24190739061577,10106838167808,1797498587,707,8
7,40,46800000000,1.000000,78585782422277,23872336809594,10106838167808,1797498587,707,8
7,45,46800000000,1.000000,78776312551116,23681806680755,10106838167808,1797498587,707,8
7,50,46800000000,1.000000,78989952063240,23468167168631,10106838167808,1797498587,707,8
7,55,46800000000,1.000000,79164783747735,23293335484136,10106838167808,1797498587,707,8
7,60,46800000000,1.000000,79359221474013,23098897757858,10106838167808,1797498587,707,8
7,65,46800000000,1.000000,79557709145229,22900410086642,10106838167808,1797498587,707,8
7,70,46800000000,1.000000,79761866079447,22696253152424,10106838167808,1797498587,707,8
7,75,46800000000,1.000000,79935419626269,22522699605602,10106838167808,1797498587,707,8
7,80,46800000000,1.000000,80135584243185,22322534988686,10106838167808,1797498587,707,8
7,85,46800000000,1.000000,80306388936315,22151730295556,10106838167808,1797498587,707,8
7,90,46800000000,1.000000,80491297279407,21966821952464,10106838167808,1797498587,707,8
7,95,46800000000,1.000000,80680057079715,21778062152156,10106838167808,1797498587,707,8
7,100,46800000000,1.000000,80874208292817,21583910939054,10106838167808,1797498587,707,8
7,105,46800000000,1.000000,81039255989085,21418863242786,10106838167808,1797498587,707,8
7,110,46800000000,1.000000,81229610548125,21228508683746,10106838167808,1797498587,707,8
7,115,46800000000,1.000000,81392044111743,21066075120128,10106838167808,1797498587,707,8
7,120,46800000000,1.000000,81567890106117,20890229125754,10106838167808,1797498587,707,8
7,125,46800000000,1.000000,81747398798055,20710720433816,10106838167808,1797498587,707,8
7,130,46800000000,1.000000,81932034669849,20526084562022,10106838167808,1797498587,707,8
7,135,46800000000,1.000000,82088993386629,20369125845242,10106838167808,1797498587,707,8
7,140,46800000000,1.000000,82270018678245,20188100553626,10106838167808,1797498587,707,8
7,145,46800000000,1.000000,82424491380945,20033627850926,10106838167808,1797498587,707,8
7,150,46800000000,1.000000,82591719171801,19866400060070,10106838167808,1797498587,707,8
7,155,46800000000,1.000000,82762430151717,19695689080154,10106838167808,1797498587,707,8
7,160,46800000000,1.000000,82938017028639,19520102203232,10106838167808,1797498587,707,8
7,165,46800000000,1.000000,83087283206415,19370836025456,10106838167808,1797498587,707,8
7,170,46800000000,1.000000,83259436457637,19198682774234,10106838167808,1797498587,707,8
7,175,46800000000,1.000000,83406338460915,19051780770956,10106838167808,1797498587,707,8
7,180,46800000000,1.000000,83565370426131,18892748805740,10106838167808,1797498587,707,8
7,185,46800000000,1.000000,83727714869475,18730404362396,10106838167808,1797498587,707,8
7,190,46800000000,1.000000,83894696242365,18563422989506,10106838167808,1797498587,707,8
7,195,46800000000,1.000000,84036646892385,18421472339486,10106838167808,1797498587,707,8
8,0,60000000000,1.000000,91802183729393,2883477517899,10076953752708,2684722694,0,0
8,5,48000000000,0.368103,91314474744797,9135458000096,10085352745343,2644373067,41,0
8,10,36000000000,0.428331,85469481374089,21480885344051,10092198444371,2298563009,350,5
8,15,38700000000,0.579102,76054160046949,32131387895383,10101111252336,1765782389,641,11
8,20,41400000000,0.836853,69897330805591,29590961375981,10102004375795,1760658976,663,15
8,25,44100000000,0.903311,69382765496842,27983553902178,10102004375795,1760658976,663,15
8,30,46800000000,1.000000,69659485836789,24555188366289,10102004375795,1760658976,663,15
8,35,46800000000,1.000000,69943755716257,22697093996667,10102004375795,1760658976,663,15
8,40,46800000000,1.000000,70184056243605,22428017666359,10102004375795,1760658976,663,15
8,45,46800000000,1.000000,70348610148352,22263463761612,10102004375795,1760658976,663,15
8,50,46800000000,1.000000,70531784148346,22080289761618,10102004375795,1760658976,663,15
8,55,46800000000,1.000000,70707134678069,21904939231895,10102004375795,1760658976,663,15
8,60,46800000000,1.000000,70906538232401,21705535677563,10102004375795,1760658976,663,15
8,65,46800000000,1.000000,71105813877125,21506260032839,10102004375795,1760658976,663,15
8,70,46800000000,1.000000,71291237568281,21320836341683,10102004375795,1760658976,663,15
8,75,46800000000,1.000000,71438782764455,21173291145509,10102004375795,1760658976,663,15
8,80,46800000000,1.000000,71612935444553,20999138465411,10102004375795,1760658976,663,15
8,85,46800000000,1.000000,71780694635117,20831379274847,10102004375795,1760658976,663,15
8,90,46800000000,1.000000,71970325431167,20641748478797,10102004375795,1760658976,663,15
8,95,46800000000,1.000000,72159834586643,20452239323321,10102004375795,1760658976,663,15
8,100,46800000000,1.000000,72336170672003,20275903237961,10102004375795,1760658976,663,15
8,105,46800000000,1.000000,72476484685421,20135589224543,10102004375795,1760658976,663,15
8,110,46800000000,1.000000,72642102151271,19969971758693,10102004375795,1760658976,663,15
8,115,46800000000,1.000000,72801639472319,19810434437645,10102004375795,1760658976,663,15
8,120,46800000000,1.000000,72981976472489,19630097437475,10102004375795,1760658976,663,15
8,125,46800000000,1.000000,73162197793781,19449876116183,10102004375795,1760658976,663,15
8,130,46800000000,1.000000,73329891656417,19282182253547,10102004375795,1760658976,663,15
8,135,46800000000,1.000000,73463328887069,19148745022895,10102004375795,1760658976,663,15
8,140,46800000000,1.000000,73620829449347,18991244460617,10102004375795,1760658976,663,15
8,145,46800000000,1.000000,73772547854285,18839526055679,10102004375795,1760658976,663,15
8,150,46800000000,1.000000,73944046547081,18668027362883,10102004375795,1760658976,663,15
8,155,46800000000,1.000000,74115435230189,18496638679775,10102004375795,1760658976,663,15
8,160,46800000000,1.000000,74274910424939,18337163485025,10102004375795,1760658976,663,15
8,165,46800000000,1.000000,74401807903649,18210266006315,10102004375795,1760658976,663,15
8,170,46800000000,1.000000,74551589370959,18060484539005,10102004375795,1760658976,663,15
8,175,46800000000,1.000000,74695872064313,17916201845651,10102004375795,1760658976,663,15
8,180,46800000000,1.000000,74858965614827,17753108295137,10102004375795,1760658976,663,15
8,185,46800000000,1.000000,75021954547325,17590119362639,10102004375795,1760658976,663,15
8,190,46800000000,1.000000,75173613870815,17438460039149,10102004375795,1760658976,663,15
8,195,46800000000,1.000000,75294292110503,17317781799461,10102004375795,1760658976,663,15
9,0,60000000000,1.000000,110200176756931,3094397123453,10100988119616,3560419554,0,0
9,5,48000000000,0.465901,108468548462726,10291628305079,10132136655777,3440917804,58,0
9,10,36000000000,0.462266,98463058910478,32006340943442,10137049214061,2627453348,409,6
9,15,38700000000,0.589273,89133187863107,40934637743186,10140688859915,2192220800,697,8
9,20,41400000000,0.720125,84888015851781,39391067588426,10141057615857,2190341374,717,8
9,25,44100000000,0.836522,84197371893003,34735664210396,10141057615857,2190341374,717,8
9,30,46800000000,0.896652,84430450545617,32146318528902,10141057615857,2190341374,717,8
9,35,46800000000,0.993375,84801597760503,28642650220506,10141057615857,2190341374,717,8
9,40,46800000000,0.993904,85077203661694,28350130103162,10141057615857,2190341374,717,8
9,45,46800000000,0.993904,85341626997267,28084084889807,10141057615857,2190341374,717,8
9,50,46800000000,0.993904,85571370043242,27852932682443,10141057615857,2190341374,717,8
9,55,46800000000,0.993904,85754047107323,27669135142695,10141057615857,2190341374,717,8
9,60,46800000000,0.993904,86017765000245,27403799698899,10141057615857,2190341374,717,8
9,65,46800000000,0.993904,86263870447436,27156184729275,10141057615857,2190341374,717,8
9,70,46800000000,0.993904,86470143823759,26948646146043,10141057615857,2190341374,717,8
9,75,46800000000,0.993904,86705281882682,26712065834697,10141057615857,2190341374,717,8
9,80,46800000000,0.993904,86921392050792,26494630124373,10141057615857,2190341374,717,8
9,85,46800000000,0.993904,87101843121895,26313072231057,10141057615857,2190341374,717,8
9,90,46800000000,0.993904,87352636213909,26060740864251,10141057615857,2190341374,717,8
9,95,46800000000,0.993904,87586680045466,25825261491885,10141057615857,2190341374,717,8
9,100,46800000000,0.993904,87782843973894,25627894364283,10141057615857,2190341374,717,8
9,105,46800000000,0.993904,88006457928332,25402908842133,10141057615857,2190341374,717,8
9,110,46800000000,0.993904,88211976547906,25196129645103,10141057615857,2190341374,717,8
9,115,46800000000,0.993904,88383583721092,25023469895001,10141057615857,2190341374,717,8
9,120,46800000000,0.993904,88622085456253,24783505275813,10141057615857,2190341374,717,8
9,125,46800000000,0.993904,88844658811356,24559566735669,10141057615857,2190341374,717,8
9,130,46800000000,0.993904,89031208755632,24371872560951,10141057615857,2190341374,717,8
9,135,46800000000,0.993904,89243863401384,24157913567955,10141057615857,2190341374,717,8
9,140,46800000000,0.993904,89439309563650,23961268609071,10141057615857,2190341374,717,8
9,145,46800000000,0.993904,89602506277751,23797070904795,10141057615857,2190341374,717,8
9,150,46800000000,0.993904,89829319054817,23568866939577,10141057615857,2190341374,717,8
9,155,46800000000,0.993904,90040984100792,23355903616215,10141057615857,2190341374,717,8
9,160,46800000000,0.993904,90218391241579,23177408323659,10141057615857,2190341374,717,8
9,165,46800000000,0.993904,90420623693798,22973935450197,10141057615857,2190341374,717,8
9,170,46800000000,0.993904,90606491049300,22786928051019,10141057615857,2190341374,717,8
9,175,46800000000,0.993904,90761689500670,22630777667961,10141057615857,2190341374,717,8
9,180,46800000000,0.993904,90977386194819,22413757967715,10141057615857,2190341374,717,8
9,185,46800000000,0.993904,91178677547659,22211231966025,10141057615857,2190341374,717,8
9,190,46800000000,0.993904,91347389973298,22041484718859,10141057615857,2190341374,717,8
9,195,46800000000,0.993904,91539711023083,21847984040817,10141057615857,2190341374,717,8
10,0,60000000000,1.000000,116594627163662,3174916061294,10103428775044,3765582590,0,0
10,5,48000000000,0.370896,116065955845450,9961940453622,10112169180331,3719350097,44,1
10,10,36000000000,0.402483,107424642825153,30634036350546,10118635980349,3008754588,355,3
10,15,38700000000,0.494338,98105768948337,43791089557660,10119590092450,2589892631,616,7
10,20,41400000000,0.775692,87600395029502,41450096705280,10120056272355,2587516617,633,7
10,25,44100000000,0.866226,86311357963999,38606036344285,10120056272355,2587516617,633,7
10,30,46800000000,0.994851,86707594307293,33216347606551,10120056272355,2587516617,633,7
10,35,46800000000,1.000000,86997042288214,32126195675959,10120056272355,2587516617,633,7
10,40,46800000000,1.000000,87335324947717,31595481265696,10120056272355,2587516617,633,7
10,45,46800000000,1.000000,87618189621415,31312616591998,10120056272355,2587516617,633,7
10,50,46800000000,1.000000,87904132187131,31026674026282,10120056272355,2587516617,633,7
10,55,46800000000,1.000000,88137046656645,30793759556768,10120056272355,2587516617,633,7
10,60,46800000000,1.000000,88391922254751,30538883958662,10120056272355,2587516617,633,7
10,65,46800000000,1.000000,88640487716247,30290318497166,10120056272355,2587516617,633,7
10,70,46800000000,1.000000,88898550930519,30032255282894,10120056272355,2587516617,633,7
10,75,46800000000,1.000000,89151218052321,29779588161092,10120056272355,2587516617,633,7
10,80,46800000000,1.000000,89422581292383,29508224921030,10120056272355,2587516617,633,7
10,85,46800000000,1.000000,89646247254225,29284558959188,10120056272355,2587516617,633,7
10,90,46800000000,1.000000,89888631411963,29042174801450,10120056272355,2587516617,633,7
10,95,46800000000,1.000000,90125014692729,28805791520684,10120056272355,2587516617,633,7
10,100,46800000000,1.000000,90370430241651,28560375971762,10120056272355,2587516617,633,7
10,105,46800000000,1.000000,90610714160427,28320092052986,10120056272355,2587516617,633,7
10,110,46800000000,1.000000,90868777901577,28062028311836,10120056272355,2587516617,633,7
10,115,46800000000,1.000000,91081482005967,27849324207446,10120056272355,2587516617,633,7
10,120,46800000000,1.000000,91311986928321,27618819285092,10120056272355,2587516617,633,7
10,125,46800000000,1.000000,91536785076237,27394021137176,10120056272355,2587516617,633,7
10,130,46800000000,1.000000,91770172821297,27160633392116,10120056272355,2587516617,633,7
10,135,46800000000,1.000000,91998680437167,26932125776246,10120056272355,2587516617,633,7
10,140,46800000000,1.000000,92244096487305,26686709726108,10120056272355,2587516617,633,7
10,145,46800000000,1.000000,92446375974033,26484430239380,10120056272355,2587516617,633,7
10,150,46800000000,1.000000,92665583861517,26265222351896,10120056272355,2587516617,633,7
10,155,46800000000,1.000000,92879364663339,26051441550074,10120056272355,2587516617,633,7
10,160,46800000000,1.000000,93101314086693,25829492126720,10120056272355,2587516617,633,7
10,165,46800000000,1.000000,93318622555659,25612183657754,10120056272355,2587516617,633,7
10,170,46800000000,1.000000,93552010777365,25378795436048,10120056272355,2587516617,633,7
10,175,46800000000,1.000000,93744376556589,25186429656824,10120056272355,2587516617,633,7
10,180,46800000000,1.000000,93952841076573,24977965136840,10120056272355,2587516617,633,7
10,185,46800000000,1.000000,94156144491981,24774661721432,10120056272355,2587516617,633,7
10,190,46800000000,1.000000,94367216185305,24563590028108,10120056272355,2587516617,633,7
10,195,46800000000,1.000000,94573874377167,24356931836246,10120056272355,2587516617,633,7
11,0,60000000000,1.000000,116602905632062,3040367825940,10108714541998,3615166520,0,0
11,5,48000000000,0.500373,115282394561555,8695480152071,10118612892017,3510369610,54,0
11,10,36000000000,0.351686,108152952937735,32627468874879,10124417855987,3036688419,364,0
11,15,38700000000,0.672707,91577472692083,41685041216159,10132689443958,2328758962,660,2
11,20,41400000000,0.821286,86289309243927,40582360923933,10132973767379,2327305172,673,2
11,25,44100000000,0.949612,85121894835839,36327596238038,10132973767379,2327305172,673,2
11,30,46800000000,1.000000,85438941676298,33326585538789,10132973767379,2327305172,673,2
11,35,46800000000,1.000000,85796778259967,30373686922920,10132973767379,2327305172,673,2
11,40,46800000000,1.000000,86123940324556,29930417353411,10132973767379,2327305172,673,2
11,45,46800000000,1.000000,86377420145121,29676937532846,10132973767379,2327305172,673,2
11,50,46800000000,1.000000,86635528301265,29418829376702,10132973767379,2327305172,673,2
11,55,46800000000,1.000000,86848857505668,29205500172299,10132973767379,2327305172,673,2
11,60,46800000000,1.000000,87124346486430,28930011191537,10132973767379,2327305172,673,2
11,65,46800000000,1.000000,87358344734634,28696012943333,10132973767379,2327305172,673,2
11,70,46800000000,1.000000,87600711555750,28453646122217,10132973767379,2327305172,673,2
11,75,46800000000,1.000000,87830874195042,28223483482925,10132973767379,2327305172,673,2
11,80,46800000000,1.000000,88075961967738,27978395710229,10132973767379,2327305172,673,2
11,85,46800000000,1.000000,88280217590532,27774140087435,10132973767379,2327305172,673,2
11,90,46800000000,1.000000,88542204870144,27512152807823,10132973767379,2327305172,673,2
11,95,46800000000,1.000000,88764734875866,27289622802101,10132973767379,2327305172,673,2
11,100,46800000000,1.000000,88995223311438,27059134366529,10132973767379,2327305172,673,2
11,105,46800000000,1.000000,89214105691218,26840251986749,10132973767379,2327305172,673,2
11,110,46800000000,1.000000,89447181724428,26607175953539,10132973767379,2327305172,673,2
11,115,46800000000,1.000000,89641426789248,26412930888719,10132973767379,2327305172,673,2
11,120,46800000000,1.000000,89890574085306,26163783592661,10132973767379,2327305172,673,2
11,125,46800000000,1.000000,90102197906568,25952159771399,10132973767379,2327305172,673,2
11,130,46800000000,1.000000,90321390115326,25732967562641,10132973767379,2327305172,673,2
11,135,46800000000,1.000000,90529545080640,25524812597327,10132973767379,2327305172,673,2
11,140,46800000000,1.000000,90751198069086,25303159608881,10132973767379,2327305172,673,2
11,145,46800000000,1.000000,90935923192938,25118434485029,10132973767379,2327305172,673,2
11,150,46800000000,1.000000,91172859792408,24881497885559,10132973767379,2327305172,673,2
11,155,46800000000,1.000000,91374111940740,24680245737227,10132973767379,2327305172,673,2
11,160,46800000000,1.000000,91582561550298,24471796127669,10132973767379,2327305172,673,2
11,165,46800000000,1.000000,91780514851080,24273842826887,10132973767379,2327305172,673,2
11,170,46800000000,1.000000,91991304637614,24063053040353,10132973767379,2327305172,673,2
11,175,46800000000,1.000000,92166976392432,23887381285535,10132973767379,2327305172,673,2
11,180,46800000000,1.000000,92392300741122,23662056936845,10132973767379,2327305172,673,2
11,185,46800000000,1.000000,92583689531700,23470668146267,10132973767379,2327305172,673,2
11,190,46800000000,1.000000,92781923036304,23272434641663,10132973767379,2327305172,673,2
11,195,46800000000,1.000000,92970174655764,23084183022203,10132973767379,2327305172,673,2
12,0,60000000000,1.000000,104564446348969,2997267027582,10085706623449,3191697302,0,0
12,5,48000000000,0.297569,103742387353727,12799990516215,10096148640099,3119465728,51,3
12,10,36000000000,0.390115,97140629498504,26676628401635,10099834764019,2658046473,358,7
12,15,38700000000,0.471717,89847972111655,37514110141055,10103405818070,2390521971,644,8
12,20,41400000000,0.806359,78197686191115,36393072663038,10103844537168,2388285890,657,8
12,25,44100000000,0.912563,76778126318744,33713237851563,10103844537168,2388285890,657,8
12,30,46800000000,1.000000,77112191301048,29772219878482,10103844537168,2388285890,657,8
12,35,46800000000,1.000000,77356979263626,29298319097691,10103844537168,2388285890,657,8
12,40,46800000000,1.000000,77661133004111,28763604697846,10103844537168,2388285890,657,8
12,45,46800000000,1.000000,77940218106908,28484519595049,10103844537168,2388285890,657,8
12,50,46800000000,1.000000,78173928103532,28250809598425,10103844537168,2388285890,657,8
12,55,46800000000,1.000000,78391401593968,28033336107989,10103844537168,2388285890,657,8
12,60,46800000000,1.000000,78650984560732,27773753141225,10103844537168,2388285890,657,8
12,65,46800000000,1.000000,78839515284712,27585222417245,10103844537168,2388285890,657,8
12,70,46800000000,1.000000,79083445354756,27341292347201,10103844537168,2388285890,657,8
12,75,46800000000,1.000000,79334903605858,27089834096099,10103844537168,2388285890,657,8
12,80,46800000000,1.000000,79557172880800,26867564821157,10103844537168,2388285890,657,8
12,85,46800000000,1.000000,79765313976400,26659423725557,10103844537168,2388285890,657,8
12,90,46800000000,1.000000,80012174794756,26412562907201,10103844537168,2388285890,657,8
12,95,46800000000,1.000000,80191465637458,26233272064499,10103844537168,2388285890,657,8
12,100,46800000000,1.000000,80423440706932,26001296995025,10103844537168,2388285890,657,8
12,105,46800000000,1.000000,80662575001744,25762162700213,10103844537168,2388285890,657,8
12,110,46800000000,1.000000,80873950870624,25550786831333,10103844537168,2388285890,657,8
12,115,46800000000,1.000000,81071890981348,25352846720609,10103844537168,2388285890,657,8
12,120,46800000000,1.000000,81306653163466,25118084538491,10103844537168,2388285890,657,8
12,125,46800000000,1.000000,81477156970738,24947580731219,10103844537168,2388285890,657,8
12,130,46800000000,1.000000,81697762953682,24726974748275,10103844537168,2388285890,657,8
12,135,46800000000,1.000000,81925177288684,24499560413273,10103844537168,2388285890,657,8
12,140,46800000000,1.000000,82126193636800,24298544065157,10103844537168,2388285890,657,8
12,145,46800000000,1.000000,82314432712732,24110304989225,10103844537168,2388285890,657,8
12,150,46800000000,1.000000,82537689212098,23887048489859,10103844537168,2388285890,657,8
12,155,46800000000,1.000000,82699836636280,23724901065677,10103844537168,2388285890,657,8
12,160,46800000000,1.000000,82909630730986,23515106970971,10103844537168,2388285890,657,8
12,165,46800000000,1.000000,83125899500728,23298838201229,10103844537168,2388285890,657,8
12,170,46800000000,1.000000,83317064047690,23107673654267,10103844537168,2388285890,657,8
12,175,46800000000,1.000000,83496077535766,22928660166191,10103844537168,2388285890,657,8
12,180,46800000000,1.000000,83708392245238,22716345456719,10103844537168,2388285890,657,8
12,185,46800000000,1.000000,83862592832278,22562144869679,10103844537168,2388285890,657,8
12,190,46800000000,1.000000,84062104928878,22362632773079,10103844537168,2388285890,657,8
12,195,46800000000,1.000000,84267774377038,22156963324919,10103844537168,2388285890,657,8
13,0,60000000000,1.000000,102360156423618,3098974067876,10092432508506,3134009604,0,0
13,5,48000000000,0.543406,101521002803701,7230215778522,10101620981493,3059242088,51,1
13,10,36000000000,0.389888,93435603474717,30802123459311,10106578435892,2465788443,357,7
13,15,38700000000,0.631838,82667993645663,36042719046643,10110414408899,1952649364,640,10
13,20,41400000000,0.779880,77882153629504,35337230201582,10110619129280,1951413764,656,10
13,25,44100000000,0.885909,77481011587096,31560731847480,10110619129280,1951413764,656,10
13,30,46800000000,0.966658,77736543261536,28659969484186,10110619129280,1951413764,656,10
13,35,46800000000,1.000000,78054057166767,25776557562826,10110619129280,1951413764,656,10
13,40,46800000000,1.000000,78349574162074,25427350111179,10110619129280,1951413764,656,10
13,45,46800000000,1.000000,78579768281828,25197155991425,10110619129280,1951413764,656,10
13,50,46800000000,1.000000,78783576880808,24993347392445,10110619129280,1951413764,656,10
13,55,46800000000,1.000000,78939780363649,24837143909604,10110619129280,1951413764,656,10
13,60,46800000000,1.000000,79159094340991,24617829932262,10110619129280,1951413764,656,10
13,65,46800000000,1.000000,79380684402835,24396239870418,10110619129280,1951413764,656,10
13,70,46800000000,1.000000,79600361041159,24176563232094,10110619129280,1951413764,656,10
13,75,46800000000,1.000000,79812982664467,23963941608786,10110619129280,1951413764,656,10
13,80,46800000000,1.000000,80006819583655,23770104689598,10110619129280,1951413764,656,10
13,85,46800000000,1.000000,80157047525977,23619876747276,10110619129280,1951413764,656,10
13,90,46800000000,1.000000,80365612936213,23411311337040,10110619129280,1951413764,656,10
13,95,46800000000,1.000000,80576342880163,23200581393090,10110619129280,1951413764,656,10
13,100,46800000000,1.000000,80785253177443,22991671095810,10110619129280,1951413764,656,10
13,105,46800000000,1.000000,80987454225805,22789470047448,10110619129280,1951413764,656,10
13,110,46800000000,1.000000,81171791207065,22605133066188,10110619129280,1951413764,656,10
13,115,46800000000,1.000000,81314656485439,22462267787814,10110619129280,1951413764,656,10
13,120,46800000000,1.000000,81513000115297,22263924157956,10110619129280,1951413764,656,10
13,125,46800000000,1.000000,81713402195281,22063522077972,10110619129280,1951413764,656,10
13,130,46800000000,1.000000,81912073809301,21864850463952,10110619129280,1951413764,656,10
13,135,46800000000,1.000000,82104364994365,21672559278888,10110619129280,1951413764,656,10
13,140,46800000000,1.000000,82279667629543,21497256643710,10110619129280,1951413764,656,10
13,145,46800000000,1.000000,82415531087623,21361393185630,10110619129280,1951413764,656,10
13,150,46800000000,1.000000,82604153906221,21172770367032,10110619129280,1951413764,656,10
13,155,46800000000,1.000000,82794734290099,20982189983154,10110619129280,1951413764,656,10
13,160,46800000000,1.000000,82983669018355,20793255254898,10110619129280,1951413764,656,10
13,165,46800000000,1.000000,83166536022019,20610388251234,10110619129280,1951413764,656,10
13,170,46800000000,1.000000,83333247083827,20443677189426,10110619129280,1951413764,656,10
13,175,46800000000,1.000000,83462451880729,20314472392524,10110619129280,1951413764,656,10
13,180,46800000000,1.000000,83641830304327,20135093968926,10110619129280,1951413764,656,10
13,185,46800000000,1.000000,83823070353151,19953853920102,10110619129280,1951413764,656,10
13,190,46800000000,1.000000,84002745399637,19774178873616,10110619129280,1951413764,656,10
13,195,46800000000,1.000000,84176650100491,19600274172762,10110619129280,1951413764,656,10
14,0,60000000000,1.000000,104779726007662,3106065884540,10099164107798,3653693406,0,0
14,5,48000000000,0.309711,104123003140374,12115211191931,10109736277602,3614098004,41,2
14,10,36000000000,0.524185,93033700172563,28298547409117,10117581454054,2818821869,357,7
14,15,38700000000,0.478777,87417444781871,42700489252168,10123492977791,2586420910,617,7
14,20,41400000000,0.808862,75351833285509,40191060747007,10124101029850,2583319925,633,7
14,25,44100000000,0.872321,74475111797098,38272297763006,10124101029850,2583319925,633,7
14,30,46800000000,1.000000,74912269546720,32490321238756,10124101029850,2583319925,633,7
14,35,46800000000,1.000000,75197308412123,31914108897861,10124101029850,2583319925,633,7
14,40,46800000000,1.000000,75475008686368,31518712408996,10124101029850,2583319925,633,7
14,45,46800000000,1.000000,75791364492848,31202356602516,10124101029850,2583319925,633,7
14,50,46800000000,1.000000,76066971021500,30926750073864,10124101029850,2583319925,633,7
14,55,46800000000,1.000000,76316568589617,30677152505747,10124101029850,2583319925,633,7
14,60,46800000000,1.000000,76561816191789,30431904903575,10124101029850,2583319925,633,7
14,65,46800000000,1.000000,76826310721125,30167410374239,10124101029850,2583319925,633,7
14,70,46800000000,1.000000,77047269312297,29946451783067,10124101029850,2583319925,633,7
14,75,46800000000,1.000000,77320846640169,29672874455195,10124101029850,2583319925,633,7
14,80,46800000000,1.000000,77580977894079,29412743201285,10124101029850,2583319925,633,7
14,85,46800000000,1.000000,77820054281595,29173666813769,10124101029850,2583319925,633,7
14,90,46800000000,1.000000,78053282310945,28940438784419,10124101029850,2583319925,633,7
14,95,46800000000,1.000000,78304813976709,28688907118655,10124101029850,2583319925,633,7
14,100,46800000000,1.000000,78514943398275,28478777697089,10124101029850,2583319925,633,7
14,105,46800000000,1.000000,78775112714991,28218608380373,10124101029850,2583319925,633,7
14,110,46800000000,1.000000,79022494949145,27971226146219,10124101029850,2583319925,633,7
14,115,46800000000,1.000000,79249854214791,27743866880573,10124101029850,2583319925,633,7
14,120,46800000000,1.000000,79471651750059,27522069345305,10124101029850,2583319925,633,7
14,125,46800000000,1.000000,79710855861435,27282865233929,10124101029850,2583319925,633,7
14,130,46800000000,1.000000,79910686850577,27083034244787,10124101029850,2583319925,633,7
14,135,46800000000,1.000000,80158105281969,26835615813395,10124101029850,2583319925,633,7
14,140,46800000000,1.000000,80393363325207,26600357770157,10124101029850,2583319925,633,7
14,145,46800000000,1.000000,80609579724729,26384141370635,10124101029850,2583319925,633,7
14,150,46800000000,1.000000,80820506973945,26173214121419,10124101029850,2583319925,633,7
14,155,46800000000,1.000000,81047987703777,25945733391587,10124101029850,2583319925,633,7
14,160,46800000000,1.000000,81238024986153,25755696109211,10124101029850,2583319925,633,7
14,165,46800000000,1.000000,81473317452675,25520403642689,10124101029850,2583319925,633,7
14,170,46800000000,1.000000,81697045510725,25296675584639,10124101029850,2583319925,633,7
14,175,46800000000,1.000000,81902665155201,25091055940163,10124101029850,2583319925,633,7
14,180,46800000000,1.000000,82103254870311,24890466225053,10124101029850,2583319925,633,7
14,185,46800000000,1.000000,82319586780915,24674134314449,10124101029850,2583319925,633,7
14,190,46800000000,1.000000,82500310345389,24493410749975,10124101029850,2583319925,633,7
14,195,46800000000,1.000000,82724071139763,24269649955601,10124101029850,2583319925,633,7
15,0,60000000000,1.000000,99928907559002,2947973453230,10088512987768,3055621282,0,0
15,5,48000000000,0.623068,97714376044281,8220057826998,10129366188865,2872570406,62,2
15,10,36000000000,0.461152,90672693766065,26353070206782,10139942135320,2527044257,373,7
15,15,38700000000,0.564040,82789009314999,35520041970888,10141669852152,2256444463,678,13
15,20,41400000000,0.777775,76509607813443,33831436870244,10142526184083,2252056634,696,13
15,25,44100000000,0.906038,73777694721962,32057345264500,10142526184083,2252056634,696,13
15,30,46800000000,0.986950,74057293760675,29145931202821,10142526184083,2252056634,696,13
15,35,46800000000,1.000000,74334594764636,27775888195052,10142526184083,2252056634,696,13
15,40,46800000000,1.000000,74599395295789,27461974814559,10142526184083,2252056634,696,13
15,45,46800000000,1.000000,74867858661180,27193511449168,10142526184083,2252056634,696,13
15,50,46800000000,1.000000,75095099665974,26966270444374,10142526184083,2252056634,696,13
15,55,46800000000,1.000000,75295511567682,26765858542666,10142526184083,2252056634,696,13
15,60,46800000000,1.000000,75537865715364,26523504394984,10142526184083,2252056634,696,13
15,65,46800000000,1.000000,75753244827594,26308125282754,10142526184083,2252056634,696,13
15,70,46800000000,1.000000,75955285558884,26106084551464,10142526184083,2252056634,696,13
15,75,46800000000,1.000000,76196241275946,25865128834402,10142526184083,2252056634,696,13
15,80,46800000000,1.000000,76412388910560,25648981199788,10142526184083,2252056634,696,13
15,85,46800000000,1.000000,76607304938532,25454065171816,10142526184083,2252056634,696,13
15,90,46800000000,1.000000,76837781321442,25223588788906,10142526184083,2252056634,696,13
15,95,46800000000,1.000000,77042604714120,25018765396228,10142526184083,2252056634,696,13
15,100,46800000000,1.000000,77234743439058,24826626671290,10142526184083,2252056634,696,13
15,105,46800000000,1.000000,77463889928364,24597480181984,10142526184083,2252056634,696,13
15,110,46800000000,1.000000,77669444178216,24391925932132,10142526184083,2252056634,696,13
15,115,46800000000,1.000000,77854807381212,24206562729136,10142526184083,2252056634,696,13
15,120,46800000000,1.000000,78073988128152,23987381982196,10142526184083,2252056634,696,13
15,125,46800000000,1.000000,78268773136704,23792596973644,10142526184083,2252056634,696,13
15,130,46800000000,1.000000,78451495152444,23609874957904,10142526184083,2252056634,696,13
15,135,46800000000,1.000000,78669411183816,23391958926532,10142526184083,2252056634,696,13
15,140,46800000000,1.000000,78864891230052,23196478880296,10142526184083,2252056634,696,13
15,145,46800000000,1.000000,79041169791768,23020200318580,10142526184083,2252056634,696,13
15,150,46800000000,1.000000,79249608501372,22811761608976,10142526184083,2252056634,696,13
15,155,46800000000,1.000000,79434847106334,22626523004014,10142526184083,2252056634,696,13
15,160,46800000000,1.000000,79608613925154,22452756185194,10142526184083,2252056634,696,13
15,165,46800000000,1.000000,79815849902670,22245520207678,10142526184083,2252056634,696,13
15,170,46800000000,1.000000,80001749481684,22059620628664,10142526184083,2252056634,696,13
15,175,46800000000,1.000000,80169388639938,21891981470410,10142526184083,2252056634,696,13
15,180,46800000000,1.000000,80367611778618,21693758331730,10142526184083,2252056634,696,13
15,185,46800000000,1.000000,80543771848602,21517598261746,10142526184083,2252056634,696,13
15,190,46800000000,1.000000,80709022364286,21352347746062,10142526184083,2252056634,696,13
15,195,46800000000,1.000000,80906101716972,21155268393376,10142526184083,2252056634,696,13
16,0,60000000000,1.000000,103817637510055,2963708480244,10083099009701,2680928436,0,0
16,5,48000000000,0.442266,103460904449020,7488984759880,10091415961958,2658712268,43,3
16,10,36000000000,0.412274,96077360834370,25897889110090,10110058396936,2239567280,347,7
16,15,38700000000,0.658867,85604577997804,32095895720040,10112945007604,1723221437,610,10
16,20,41400000000,0.855429,81025275892009,30073773338919,10113201231271,1721890546,625,11
16,25,44100000000,0.978333,80173612514020,27166228812749,10113201231271,1721890546,625,11
16,30,46800000000,1.000000,80413468798813,24413320359297,10113201231271,1721890546,625,11
16,35,46800000000,1.000000,80658336237533,22619068821557,10113201231271,1721890546,625,11
16,40,46800000000,1.000000,80915952884293,22315146226017,10113201231271,1721890546,625,11
16,45,46800000000,1.000000,81117025880996,22114073229314,10113201231271,1721890546,625,11
16,50,46800000000,1.000000,81277488918836,21953610191474,10113201231271,1721890546,625,11
16,55,46800000000,1.000000,81451830260379,21779268849931,10113201231271,1721890546,625,11
16,60,46800000000,1.000000,81636762768807,21594336341503,10113201231271,1721890546,625,11
16,65,46800000000,1.000000,81821410913499,21409688196811,10113201231271,1721890546,625,11
16,70,46800000000,1.000000,82014813882159,21216285228151,10113201231271,1721890546,625,11
16,75,46800000000,1.000000,82199966742771,21031132367539,10113201231271,1721890546,625,11
16,80,46800000000,1.000000,82351596063147,20879503047163,10113201231271,1721890546,625,11
16,85,46800000000,1.000000,82519231118181,20711867992129,10113201231271,1721890546,625,11
16,90,46800000000,1.000000,82695100093629,20535999016681,10113201231271,1721890546,625,11
16,95,46800000000,1.000000,82870698641889,20360400468421,10113201231271,1721890546,625,11
16,100,46800000000,1.000000,83054622940731,20176476169579,10113201231271,1721890546,625,11
16,105,46800000000,1.000000,83230701468915,20000397641395,10113201231271,1721890546,625,11
16,110,46800000000,1.000000,83374899443973,19856199666337,10113201231271,1721890546,625,11
16,115,46800000000,1.000000,83534318713191,19696780397119,10113201231271,1721890546,625,11
16,120,46800000000,1.000000,83701568358993,19529530751317,10113201231271,1721890546,625,11
16,125,46800000000,1.000000,83868560831271,19362538279039,10113201231271,1721890546,625,11
16,130,46800000000,1.000000,84043471009461,19187628100849,10113201231271,1721890546,625,11
16,135,46800000000,1.000000,84210919937691,19020179172619,10113201231271,1721890546,625,11
16,140,46800000000,1.000000,84348050777157,18883048333153,10113201231271,1721890546,625,11
16,145,46800000000,1.000000,84499656916167,18731442194143,10113201231271,1721890546,625,11
16,150,46800000000,1.000000,84658709665023,18572389445287,10113201231271,1721890546,625,11
16,155,46800000000,1.000000,84817517844477,18413581265833,10113201231271,1721890546,625,11
16,160,46800000000,1.000000,84983855683491,18247243426819,10113201231271,1721890546,625,11
16,165,46800000000,1.000000,85143097948059,18088001162251,10113201231271,1721890546,625,11
16,170,46800000000,1.000000,85273508012019,17957591098291,10113201231271,1721890546,625,11
16,175,46800000000,1.000000,85417683941577,17813415168733,10113201231271,1721890546,625,11
16,180,46800000000,1.000000,85568941523169,17662157587141,10113201231271,1721890546,625,11
16,185,46800000000,1.000000,85719966521697,17511132588613,10113201231271,1721890546,625,11
16,190,46800000000,1.000000,85878152151537,17352946958773,10113201231271,1721890546,625,11
16,195,46800000000,1.000000,86029589960733,17201509149577,10113201231271,1721890546,625,11
17,0,60000000000,1.000000,94446896012761,2978709189150,10082684798089,2890282116,0,0
17,5,48000000000,0.417585,92826607489584,10971047342183,10100341962759,2823376177,53,2
17,10,36000000000,0.510553,85948782675190,22438477615490,10103475800222,2340927938,357,6
17,15,38700000000,0.507791,79546942273528,35161573067274,10106633034075,1974222826,638,8
17,20,41400000000,0.831289,71279162233719,31423611296466,10107031879772,1971926697,657,10
17,25,44100000000,0.879436,70588706800478,30488344755064,10107031879772,1971926697,657,10
17,30,46800000000,1.000000,70911497162969,26095018663429,10107031879772,1971926697,657,10
17,35,46800000000,1.000000,71211728402904,24775314553696,10107031879772,1971926697,657,10
17,40,46800000000,1.000000,71458464225686,24497142008834,10107031879772,1971926697,657,10
17,45,46800000000,1.000000,71636994194292,24318612040228,10107031879772,1971926697,657,10
17,50,46800000000,1.000000,71837923461409,24117682773111,10107031879772,1971926697,657,10
17,55,46800000000,1.000000,72028172965313,23927433269207,10107031879772,1971926697,657,10
17,60,46800000000,1.000000,72244227061007,23711379173513,10107031879772,1971926697,657,10
17,65,46800000000,1.000000,72464159519279,23491446715241,10107031879772,1971926697,657,10
17,70,46800000000,1.000000,72668261225267,23287345009253,10107031879772,1971926697,657,10
17,75,46800000000,1.000000,72828052722803,23127553511717,10107031879772,1971926697,657,10
17,80,46800000000,1.000000,73017648796061,22937957438459,10107031879772,1971926697,657,10
17,85,46800000000,1.000000,73200855254507,22754750980013,10107031879772,1971926697,657,10
17,90,46800000000,1.000000,73406320549865,22549285684655,10107031879772,1971926697,657,10
17,95,46800000000,1.000000,73615474129463,22340132105057,10107031879772,1971926697,657,10
17,100,46800000000,1.000000,73809572820929,22146033413591,10107031879772,1971926697,657,10
17,105,46800000000,1.000000,73961532945047,21994073289473,10107031879772,1971926697,657,10
17,110,46800000000,1.000000,74141836924211,21813769310309,10107031879772,1971926697,657,10
17,115,46800000000,1.000000,74316064443263,21639541791257,10107031879772,1971926697,657,10
17,120,46800000000,1.000000,74511459894707,21444146339813,10107031879772,1971926697,657,10
17,125,46800000000,1.000000,74710362867767,21245243366753,10107031879772,1971926697,657,10
17,130,46800000000,1.000000,74894948792027,21060657442493,10107031879772,1971926697,657,10
17,135,46800000000,1.000000,75039461358215,20916144876305,10107031879772,1971926697,657,10
17,140,46800000000,1.000000,75210928648241,20744677586279,10107031879772,1971926697,657,10
17,145,46800000000,1.000000,75376617285281,20578988949239,10107031879772,1971926697,657,10
17,150,46800000000,1.000000,75562436415395,20393169819125,10107031879772,1971926697,657,10
17,155,46800000000,1.000000,75751591163675,20204015070845,10107031879772,1971926697,657,10
17,160,46800000000,1.000000,75927130541015,20028475693505,10107031879772,1971926697,657,10
17,165,46800000000,1.000000,76064560553441,19891045681079,10107031879772,1971926697,657,10
17,170,46800000000,1.000000,76227624240209,19727981994311,10107031879772,1971926697,657,10
17,175,46800000000,1.000000,76385192485331,19570413749189,10107031879772,1971926697,657,10
17,180,46800000000,1.000000,76561904629253,19393701605267,10107031879772,1971926697,657,10
17,185,46800000000,1.000000,76741788912821,19213817321699,10107031879772,1971926697,657,10
17,190,46800000000,1.000000,76908725114039,19046881120481,10107031879772,1971926697,657,10
17,195,46800000000,1.000000,77039419688489,18916186546031,10107031879772,1971926697,657,10
18,0,60000000000,1.000000,96321905990573,2936670200641,10072973808786,2468699970,0,0
18,5,48000000000,0.453135,95593956723265,8057779100473,10086330296781,2417984529,50,1
18,10,36000000000,0.542903,87191076766044,22164750730347,10107161884781,2007472249,333,7
18,15,38700000000,0.642150,80236634006004,29552437005591,10117820901339,1668557970,633,12
18,20,41400000000,0.847501,75190576281157,28344973036199,10118580522325,1664471137,649,13
18,25,44100000000,0.944408,74794530326595,25855821579468,10118580522325,1664471137,649,13
18,30,46800000000,1.000000,75044640626857,23379217249298,10118580522325,1664471137,649,13
18,35,46800000000,1.000000,75293789860202,21890309218453,10118580522325,1664471137,649,13
18,40,46800000000,1.000000,75521217138160,21610163424755,10118580522325,1664471137,649,13
18,45,46800000000,1.000000,75714304484004,21417076078911,10118580522325,1664471137,649,13
18,50,46800000000,1.000000,75871390653840,21259989909075,10118580522325,1664471137,649,13
18,55,46800000000,1.000000,76040518309857,21090862253058,10118580522325,1664471137,649,13
18,60,46800000000,1.000000,76227939547143,20903441015772,10118580522325,1664471137,649,13
18,65,46800000000,1.000000,76413012604161,20718367958754,10118580522325,1664471137,649,13
18,70,46800000000,1.000000,76589779639611,20541600923304,10118580522325,1664471137,649,13
18,75,46800000000,1.000000,76762310690349,20369069872566,10118580522325,1664471137,649,13
18,80,46800000000,1.000000,76911714510915,20219666052000,10118580522325,1664471137,649,13
18,85,46800000000,1.000000,77074180394811,20057200168104,10118580522325,1664471137,649,13
18,90,46800000000,1.000000,77252416126653,19878964436262,10118580522325,1664471137,649,13
18,95,46800000000,1.000000,77428418762283,19702961800632,10118580522325,1664471137,649,13
18,100,46800000000,1.000000,77596522454169,19534858108746,10118580522325,1664471137,649,13
18,105,46800000000,1.000000,77760597766641,19370782796274,10118580522325,1664471137,649,13
18,110,46800000000,1.000000,77902679313429,19228701249486,10118580522325,1664471137,649,13
18,115,46800000000,1.000000,78057182752515,19074197810400,10118580522325,1664471137,649,13
18,120,46800000000,1.000000,78226683160017,18904697402898,10118580522325,1664471137,649,13
18,125,46800000000,1.000000,78394059915321,18737320647594,10118580522325,1664471137,649,13
18,130,46800000000,1.000000,78553924853661,18577455709254,10118580522325,1664471137,649,13
18,135,46800000000,1.000000,78709958843319,18421421719596,10118580522325,1664471137,649,13
18,140,46800000000,1.000000,78845076980571,18286303582344,10118580522325,1664471137,649,13
18,145,46800000000,1.000000,78992008213731,18139372349184,10118580522325,1664471137,649,13
18,150,46800000000,1.000000,79153201414683,17978179148232,10118580522325,1664471137,649,13
18,155,46800000000,1.000000,79312375043619,17819005519296,10118580522325,1664471137,649,13
18,160,46800000000,1.000000,79464405009291,17666975553624,10118580522325,1664471137,649,13
18,165,46800000000,1.000000,79612791780927,17518588781988,10118580522325,1664471137,649,13
18,170,46800000000,1.000000,79741287784941,17390092777974,10118580522325,1664471137,649,13
18,175,46800000000,1.000000,79881017925549,17250362637366,10118580522325,1664471137,649,13
18,180,46800000000,1.000000,80034311055837,17097069507078,10118580522325,1664471137,649,13
18,185,46800000000,1.000000,80185683593061,16945696969854,10118580522325,1664471137,649,13
18,190,46800000000,1.000000,80330262577851,16801117985064,10118580522325,1664471137,649,13
18,195,46800000000,1.000000,80471376921249,16660003641666,10118580522325,1664471137,649,13
19,0,60000000000,1.000000,103796752312641,2961214166688,10088720520671,3194248496,0,0
19,5,48000000000,0.354580,103440848807814,9336011235155,10095477360372,3159143447,45,0
19,10,36000000000,0.545537,91622557039137,27724157903786,10099563960150,2369113848,380,2
19,15,38700000000,0.649796,82704901507417,36996045206698,10101906859873,2023429504,663,3
19,20,41400000000,0.800327,78454467184028,35346880123267,10103144769651,2016945364,677,3
19,25,44100000000,0.906634,77500539300966,32254462914884,10103144769651,2016945364,677,3
19,30,46800000000,0.979563,77767996220275,29580075071498,10103144769651,2016945364,677,3
19,35,46800000000,1.000000,78123986372961,26368489132297,10103144769651,2016945364,677,3
19,40,46800000000,1.000000,78401066569997,26088634223021,10103144769651,2016945364,677,3
19,45,46800000000,1.000000,78606021762538,25883679030480,10103144769651,2016945364,677,3
19,50,46800000000,1.000000,78832784571924,25656916221094,10103144769651,2016945364,677,3
19,55,46800000000,1.000000,79007851777965,25481849015053,10103144769651,2016945364,677,3
19,60,46800000000,1.000000,79244730377799,25244970415219,10103144769651,2016945364,677,3
19,65,46800000000,1.000000,79469322930801,25020377862217,10103144769651,2016945364,677,3
19,70,46800000000,1.000000,79687708656417,24801992136601,10103144769651,2016945364,677,3
19,75,46800000000,1.000000,79876869339885,24612831453133,10103144769651,2016945364,677,3
19,80,46800000000,1.000000,80087506971057,24402193821961,10103144769651,2016945364,677,3
19,85,46800000000,1.000000,80256715905579,24232984887439,10103144769651,2016945364,677,3
19,90,46800000000,1.000000,80481985097067,24007715695951,10103144769651,2016945364,677,3
19,95,46800000000,1.000000,80695570380291,23794130412727,10103144769651,2016945364,677,3
19,100,46800000000,1.000000,80903253032433,23586447760585,10103144769651,2016945364,677,3
19,105,46800000000,1.000000,81083142960273,23406557832745,10103144769651,2016945364,677,3
19,110,46800000000,1.000000,81283457251515,23206243541503,10103144769651,2016945364,677,3
19,115,46800000000,1.000000,81444373264623,23045327528395,10103144769651,2016945364,677,3
19,120,46800000000,1.000000,81658602024141,22831098768877,10103144769651,2016945364,677,3
19,125,46800000000,1.000000,81861719503275,22627981289743,10103144769651,2016945364,677,3
19,130,46800000000,1.000000,82059223638933,22430477154085,10103144769651,2016945364,677,3
19,135,46800000000,1.000000,82230297170259,22259403622759,10103144769651,2016945364,677,3
19,140,46800000000,1.000000,82420794068247,22068906724771,10103144769651,2016945364,677,3
19,145,46800000000,1.000000,82573823595663,21915877197355,10103144769651,2016945364,677,3
19,150,46800000000,1.000000,82777553014461,21712147778557,10103144769651,2016945364,677,3
19,155,46800000000,1.000000,82970715716007,21518985077011,10103144769651,2016945364,677,3
19,160,46800000000,1.000000,83158540183893,21331160609125,10103144769651,2016945364,677,3
19,165,46800000000,1.000000,83321229410133,21168471382885,10103144769651,2016945364,677,3
19,170,46800000000,1.000000,83502390064509,20987310728509,10103144769651,2016945364,677,3
19,175,46800000000,1.000000,83647919622381,20841781170637,10103144769651,2016945364,677,3
19,180,46800000000,1.000000,83841664272531,20648036520487,10103144769651,2016945364,677,3
19,185,46800000000,1.000000,84025360079655,20464340713363,10103144769651,2016945364,677,3
19,190,46800000000,1.000000,84203979279699,20285721513319,10103144769651,2016945364,677,3
19,195,46800000000,1.000000,84358695114987,20131005678031,10103144769651,2016945364,677,3
20,0,60000000000,1.000000,116363702419870,3106035473341,10111065106789,5077760178,0,0
20,5,48000000000,0.263254,115526689858113,14932275062981,10123132194220,5023242882,49,2
20,10,36000000000,0.249369,108856784476583,42481390550953,10130490441973,4552088560,354,8
20,15,38700000000,0.264209,103948602059947,58670719942481,10130843587304,4384532140,615,11
20,20,41400000000,0.864275,72188504061075,54675167749022,10137908579574,4348335945,625,12
20,25,44100000000,0.920279,69009386618497,54802401942090,10137908579574,4348335945,625,12
20,30,46800000000,1.000000,69517103078006,47935754379858,10137908579574,4348335945,625,12
20,35,46800000000,1.000000,69932555339589,48683129757717,10137908579574,4348335945,625,12
20,40,46800000000,1.000000,70444343777403,47980341177723,10137908579574,4348335945,625,12
20,45,46800000000,1.000000,70874746723313,47549938231813,10137908579574,4348335945,625,12
20,50,46800000000,1.000000,71310432751433,47114252203693,10137908579574,4348335945,625,12
20,55,46800000000,1.000000,71575051702824,46849633252302,10137908579574,4348335945,625,12
20,60,46800000000,1.000000,71990430976920,46434253978206,10137908579574,4348335945,625,12
20,65,46800000000,1.000000,72387512017218,46037172937908,10137908579574,4348335945,625,12
20,70,46800000000,1.000000,72806931501720,45617753453406,10137908579574,4348335945,625,12
20,75,46800000000,1.000000,73204828336422,45219856618704,10137908579574,4348335945,625,12
20,80,46800000000,1.000000,73618440295638,44806244659488,10137908579574,4348335945,625,12
20,85,46800000000,1.000000,73871149869432,44553535085694,10137908579574,4348335945,625,12
20,90,46800000000,1.000000,74266171426044,44158513529082,10137908579574,4348335945,625,12
20,95,46800000000,1.000000,74643791544276,43780893410850,10137908579574,4348335945,625,12
20,100,46800000000,1.000000,75042655300812,43382029654314,10137908579574,4348335945,625,12
20,105,46800000000,1.000000,75421051231476,43003633723650,10137908579574,4348335945,625,12
20,110,46800000000,1.000000,75814392089232,42610292865894,10137908579574,4348335945,625,12
20,115,46800000000,1.000000,76054716379380,42369968575746,10137908579574,4348335945,625,12
20,120,46800000000,1.000000,76430377949274,41994307005852,10137908579574,4348335945,625,12
20,125,46800000000,1.000000,76789490924394,41635194030732,10137908579574,4348335945,625,12
20,130,46800000000,1.000000,77168806388202,41255878566924,10137908579574,4348335945,625,12
20,135,46800000000,1.000000,77528657153166,40896027801960,10137908579574,4348335945,625,12
20,140,46800000000,1.000000,77902720395078,40521964560048,10137908579574,4348335945,625,12
20,145,46800000000,1.000000,78131266403748,40293418551378,10137908579574,4348335945,625,12
20,150,46800000000,1.000000,78488516818866,39936168136260,10137908579574,4348335945,625,12
20,155,46800000000,1.000000,78830029684956,39594655270170,10137908579574,4348335945,625,12
20,160,46800000000,1.000000,79190754916602,39233930038524,10137908579574,4348335945,625,12
20,165,46800000000,1.000000,79532969413608,38891715541518,10137908579574,4348335945,625,12
20,170,46800000000,1.000000,79888699834770,38535985120356,10137908579574,4348335945,625,12
20,175,46800000000,1.000000,80106044814918,38318640140208,10137908579574,4348335945,625,12
20,180,46800000000,1.000000,80445786404856,37978898550270,10137908579574,4348335945,625,12
20,185,46800000000,1.000000,80770561742430,37654123212696,10137908579574,4348335945,625,12
20,190,46800000000,1.000000,81113607848670,37311077106456,10137908579574,4348335945,625,12
20,195,46800000000,1.000000,81439050430104,36985634525022,10137908579574,4348335945,625,12
21,0,60000000000,1.000000,91629828838816,2853320712495,10070788448689,2773793476,0,0
21,5,48000000000,0.379828,91006060792244,9133468077743,10078729152615,2723972144,47,2
21,10,36000000000,0.390487,85356528260228,23337293880208,10084498097002,2342284902,356,6
21,15,38700000000,0.435277,80096587436393,33015518414836,10086457043229,2111896672,611,9
21,20,41400000000,0.845856,68211037712031,31040796879670,10086864313820,2109751891,623,9
21,25,44100000000,0.912220,67086183302632,30015677363291,10086864313820,2109751891,623,9
21,30,46800000000,1.000000,67379966942312,26248424401609,10086864313820,2109751891,623,9
21,35,46800000000,1.000000,67627660764744,25808672914152,10086864313820,2109751891,623,9
21,40,46800000000,1.000000,67878386128598,25433127999658,10086864313820,2109751891,623,9
21,45,46800000000,1.000000,68115348367622,25196165760634,10086864313820,2109751891,623,9
21,50,46800000000,1.000000,68333371672550,24978142455706,10086864313820,2109751891,623,9
21,55,46800000000,1.000000,68507221616819,24804292511437,10086864313820,2109751891,623,9
21,60,46800000000,1.000000,68732455815773,24579058312483,10086864313820,2109751891,623,9
21,65,46800000000,1.000000,68935170096473,24376344031783,10086864313820,2109751891,623,9
21,70,46800000000,1.000000,69135915190781,24175598937475,10086864313820,2109751891,623,9
21,75,46800000000,1.000000,69349025790605,23962488337651,10086864313820,2109751891,623,9
21,80,46800000000,1.000000,69556375637993,23755138490263,10086864313820,2109751891,623,9
21,85,46800000000,1.000000,69722878733399,23588635394857,10086864313820,2109751891,623,9
21,90,46800000000,1.000000,69937074215495,23374439912761,10086864313820,2109751891,623,9
21,95,46800000000,1.000000,70129853479517,23181660648739,10086864313820,2109751891,623,9
21,100,46800000000,1.000000,70320760066691,22990754061565,10086864313820,2109751891,623,9
21,105,46800000000,1.000000,70523426126813,22788088001443,10086864313820,2109751891,623,9
21,110,46800000000,1.000000,70720613768543,22590900359713,10086864313820,2109751891,623,9
21,115,46800000000,1.000000,70878956555549,22432557572707,10086864313820,2109751891,623,9
21,120,46800000000,1.000000,71082654327743,22228859800513,10086864313820,2109751891,623,9
21,125,46800000000,1.000000,71265985489565,22045528638691,10086864313820,2109751891,623,9
21,130,46800000000,1.000000,71447535754463,21863978373793,10086864313820,2109751891,623,9
21,135,46800000000,1.000000,71640269160917,21671244967339,10086864313820,2109751891,623,9
21,140,46800000000,1.000000,71827792646375,21483721481881,10086864313820,2109751891,623,9
21,145,46800000000,1.000000,71978375061359,21333139066897,10086864313820,2109751891,623,9
21,150,46800000000,1.000000,72172089615839,21139424512417,10086864313820,2109751891,623,9
21,155,46800000000,1.000000,72346435726559,20965078401697,10086864313820,2109751891,623,9
21,160,46800000000,1.000000,72519088222001,20792425906255,10086864313820,2109751891,623,9
21,165,46800000000,1.000000,72702375773939,20609138354317,10086864313820,2109751891,623,9
21,170,46800000000,1.000000,72880708742483,20430805385773,10086864313820,2109751891,623,9
21,175,46800000000,1.000000,73023911120795,20287603007461,10086864313820,2109751891,623,9
21,180,46800000000,1.000000,73208131734665,20103382393591,10086864313820,2109751891,623,9
21,185,46800000000,1.000000,73373933151191,19937580977065,10086864313820,2109751891,623,9
21,190,46800000000,1.000000,73538123956493,19773390171763,10086864313820,2109751891,623,9
21,195,46800000000,1.000000,73712428594589,19599085533667,10086864313820,2109751891,623,9
22,0,60000000000,1.000000,109695281897935,3028924363342,10106885738723,3579734944,0,0
22,5,48000000000,0.524413,108792286702253,7474265429622,10119206009311,3503675534,46,4
22,10,36000000000,0.529238,96267781033950,31060621965253,10124843137875,2626861479,366,5
22,15,38700000000,0.575675,88736629910413,41634087104497,10126743067254,2305230586,662,9
22,20,41400000000,0.755376,82108310580043,40503924108674,10127081897597,2303503622,675,9
22,25,44100000000,0.879838,81306488628089,35685568244439,10127081897597,2303503622,675,9
22,30,46800000000,1.000000,81705967671761,30557713514146,10127081897597,2303503622,675,9
22,35,46800000000,1.000000,81913005172288,29632589891879,10127081897597,2303503622,675,9
22,40,46800000000,1.000000,82260717054188,29148805315639,10127081897597,2303503622,675,9
22,45,46800000000,1.000000,82522039171199,28887483198628,10127081897597,2303503622,675,9
22,50,46800000000,1.000000,82775050543523,28634471826304,10127081897597,2303503622,675,9
22,55,46800000000,1.000000,83017467175625,28392055194202,10127081897597,2303503622,675,9
22,60,46800000000,1.000000,83237314011743,28172208358084,10127081897597,2303503622,675,9
22,65,46800000000,1.000000,83442210456803,27967311913024,10127081897597,2303503622,675,9
22,70,46800000000,1.000000,83690864530535,27718657839292,10127081897597,2303503622,675,9
22,75,46800000000,1.000000,83934246771995,27475275597832,10127081897597,2303503622,675,9
22,80,46800000000,1.000000,84170392905401,27239129464426,10127081897597,2303503622,675,9
22,85,46800000000,1.000000,84408960362981,27000562006846,10127081897597,2303503622,675,9
22,90,46800000000,1.000000,84618032516615,26791489853212,10127081897597,2303503622,675,9
22,95,46800000000,1.000000,84812886997229,26596635372598,10127081897597,2303503622,675,9
22,100,46800000000,1.000000,85049354547209,26360167822618,10127081897597,2303503622,675,9
22,105,46800000000,1.000000,85280808637037,26128713732790,10127081897597,2303503622,675,9
22,110,46800000000,1.000000,85505381260217,25904141109610,10127081897597,2303503622,675,9
22,115,46800000000,1.000000,85732256538527,25677265831300,10127081897597,2303503622,675,9
22,120,46800000000,1.000000,85931082076493,25478440293334,10127081897597,2303503622,675,9
22,125,46800000000,1.000000,86116386748547,25293135621280,10127081897597,2303503622,675,9
22,130,46800000000,1.000000,86341265035595,25068257334232,10127081897597,2303503622,675,9
22,135,46800000000,1.000000,86561375571989,24848146797838,10127081897597,2303503622,675,9
22,140,46800000000,1.000000,86774941902185,24634580467642,10127081897597,2303503622,675,9
22,145,46800000000,1.000000,86990698034579,24418824335248,10127081897597,2303503622,675,9
22,150,46800000000,1.000000,87179779142753,24229743227074,10127081897597,2303503622,675,9
22,155,46800000000,1.000000,87356002042115,24053520327712,10127081897597,2303503622,675,9
22,160,46800000000,1.000000,87569859055655,23839663314172,10127081897597,2303503622,675,9
22,165,46800000000,1.000000,87779181985679,23630340384148,10127081897597,2303503622,675,9
22,170,46800000000,1.000000,87982281440783,23427240929044,10127081897597,2303503622,675,9
22,175,46800000000,1.000000,88187463375797,23222058994030,10127081897597,2303503622,675,9
22,180,46800000000,1.000000,88367277628301,23042244741526,10127081897597,2303503622,675,9
22,185,46800000000,1.000000,88534863852275,22874658517552,10127081897597,2303503622,675,9
22,190,46800000000,1.000000,88738239744179,22671282625648,10127081897597,2303503622,675,9
22,195,46800000000,1.000000,88937303767889,22472218601938,10127081897597,2303503622,675,9
23,0,60000000000,1.000000,105970030159016,3075986134476,10092297706508,3400282156,0,0
23,5,48000000000,0.426297,105348281597940,8647165972195,10103769366825,3368602372,56,3
23,10,36000000000,0.428565,95956151536353,30491552450938,10114543855001,2784935515,388,7
23,15,38700000000,0.732787,80449425965489,38983597509762,10122233810319,2056199193,669,10
23,20,41400000000,0.849841,77317366645205,37298811688895,10122872019298,2052946344,684,10
23,25,44100000000,0.965406,76700430554117,33472960981288,10122872019298,2052946344,684,10
23,30,46800000000,1.000000,77002673936949,29924801509388,10122872019298,2052946344,684,10
23,35,46800000000,1.000000,77339106447766,26911697827471,10122872019298,2052946344,684,10
23,40,46800000000,1.000000,77618308453716,26581940518781,10122872019298,2052946344,684,10
23,45,46800000000,1.000000,77871332507910,26328916464587,10122872019298,2052946344,684,10
23,50,46800000000,1.000000,78096159721920,26104089250577,10122872019298,2052946344,684,10
23,55,46800000000,1.000000,78271905124843,25928343847654,10122872019298,2052946344,684,10
23,60,46800000000,1.000000,78497072747095,25703176225402,10122872019298,2052946344,684,10
23,65,46800000000,1.000000,78727068920131,25473180052366,10122872019298,2052946344,684,10
23,70,46800000000,1.000000,78934886578741,25265362393756,10122872019298,2052946344,684,10
23,75,46800000000,1.000000,79159322121019,25040926851478,10122872019298,2052946344,684,10
23,80,46800000000,1.000000,79372492730287,24827756242210,10122872019298,2052946344,684,10
23,85,46800000000,1.000000,79542651941929,24657597030568,10122872019298,2052946344,684,10
23,90,46800000000,1.000000,79756784110357,24443464862140,10122872019298,2052946344,684,10
23,95,46800000000,1.000000,79975508182495,24224740790002,10122872019298,2052946344,684,10
23,100,46800000000,1.000000,80173140707791,24027108264706,10122872019298,2052946344,684,10
23,105,46800000000,1.000000,80386576675225,23813672297272,10122872019298,2052946344,684,10
23,110,46800000000,1.000000,80589299803657,23610949168840,10122872019298,2052946344,684,10
23,115,46800000000,1.000000,80751119520835,23449129451662,10122872019298,2052946344,684,10
23,120,46800000000,1.000000,80954757082219,23245491890278,10122872019298,2052946344,684,10
23,125,46800000000,1.000000,81162761498365,23037487474132,10122872019298,2052946344,684,10
23,130,46800000000,1.000000,81350708063455,22849540909042,10122872019298,2052946344,684,10
23,135,46800000000,1.000000,81553683544819,22646565427678,10122872019298,2052946344,684,10
23,140,46800000000,1.000000,81746471222749,22453777749748,10122872019298,2052946344,684,10
23,145,46800000000,1.000000,81900360163639,22299888808858,10122872019298,2052946344,684,10
23,150,46800000000,1.000000,82094017458385,22106231514112,10122872019298,2052946344,684,10
23,155,46800000000,1.000000,82291827588433,21908421384064,10122872019298,2052946344,684,10
23,160,46800000000,1.000000,82470562901815,21729686070682,10122872019298,2052946344,684,10
23,165,46800000000,1.000000,82663590565015,21536658407482,10122872019298,2052946344,684,10
23,170,46800000000,1.000000,82846929728425,21353319244072,10122872019298,2052946344,684,10
23,175,46800000000,1.000000,82993276579975,21206972392522,10122872019298,2052946344,684,10
23,180,46800000000,1.000000,83177442740473,21022806232024,10122872019298,2052946344,684,10
23,185,46800000000,1.000000,83365558206025,20834690766472,10122872019298,2052946344,684,10
23,190,46800000000,1.000000,83535533710741,20664715261756,10122872019298,2052946344,684,10
23,195,46800000000,1.000000,83719101097789,20481147874708,10122872019298,2052946344,684,10
24,0,60000000000,1.000000,102062865515718,3030031585921,10088771898361,3266268552,0,0
24,5,48000000000,0.821180,97160953209878,9648257751527,10097761080034,2698215337,36,2
24,10,36000000000,0.531245,89039205947227,30147957930538,10126515284602,2261519198,351,5
24,15,38700000000,0.610577,82024241503490,37714785987888,10129632771274,2012091996,629,6
24,20,41400000000,0.707879,79557551301333,36005006566610,10136920596734,1974947116,642,6
24,25,44100000000,0.826819,78395553755578,32230995995295,10136920596734,1974947116,642,6
24,30,46800000000,0.896657,78631265194404,29457733421304,10136920596734,1974947116,642,6
24,35,46800000000,0.993489,78963447348454,26252222155727,10136920596734,1974947116,642,6
24,40,46800000000,0.994026,79231020410385,25968861779299,10136920596734,1974947116,642,6
24,45,46800000000,0.994026,79462643119499,25735847077368,10136920596734,1974947116,642,6
24,50,46800000000,0.994026,79668345746464,25528908230550,10136920596734,1974947116,642,6
24,55,46800000000,0.994026,79852776903240,25343368689929,10136920596734,1974947116,642,6
24,60,46800000000,0.994026,80085172692234,25109576262119,10136920596734,1974947116,642,6
24,65,46800000000,0.994026,80300352510422,24893103268637,10136920596734,1974947116,642,6
24,70,46800000000,0.994026,80503341273566,24688894595273,10136920596734,1974947116,642,6
24,75,46800000000,0.994026,80714735388336,24476230056305,10136920596734,1974947116,642,6
24,80,46800000000,0.994026,80910318544126,24279471496073,10136920596734,1974947116,642,6
24,85,46800000000,0.994026,81087434144103,24101291476877,10136920596734,1974947116,642,6
24,90,46800000000,0.994026,81308440227111,23878957204229,10136920596734,1974947116,642,6
24,95,46800000000,0.994026,81513074093144,23673093541349,10136920596734,1974947116,642,6
24,100,46800000000,0.994026,81706114387123,23478893124899,10136920596734,1974947116,642,6
24,105,46800000000,0.994026,81907148087059,23276651264201,10136920596734,1974947116,642,6
24,110,46800000000,0.994026,82093145722173,23089535831153,10136920596734,1974947116,642,6
24,115,46800000000,0.994026,82261580895492,22920088405739,10136920596734,1974947116,642,6
24,120,46800000000,0.994026,82471755481511,22708650724589,10136920596734,1974947116,642,6
24,125,46800000000,0.994026,82666360252132,22512876429437,10136920596734,1974947116,642,6
24,130,46800000000,0.994026,82849939650901,22328193765731,10136920596734,1974947116,642,6
24,135,46800000000,0.994026,83041120699042,22135863768719,10136920596734,1974947116,642,6
24,140,46800000000,0.994026,83218002599257,21957918853799,10136920596734,1974947116,642,6
24,145,46800000000,0.994026,83378182773117,21796776038267,10136920596734,1974947116,642,6
24,150,46800000000,0.994026,83578056713016,21595700907491,10136920596734,1974947116,642,6
24,155,46800000000,0.994026,83763123913443,21409521500861,10136920596734,1974947116,642,6
24,160,46800000000,0.994026,83937706095120,21233890125191,10136920596734,1974947116,642,6
24,165,46800000000,0.994026,84119517369677,21050986211663,10136920596734,1974947116,642,6
24,170,46800000000,0.994026,84287730296849,20881762368077,10136920596734,1974947116,642,6
24,175,46800000000,0.994026,84440060048411,20728517153861,10136920596734,1974947116,642,6
24,180,46800000000,0.994026,84630138176576,20537296705115,10136920596734,1974947116,642,6
24,185,46800000000,0.994026,84806135242763,20360241941897,10136920596734,1974947116,642,6
24,190,46800000000,0.994026,84972161160374,20193218251259,10136920596734,1974947116,642,6
24,195,46800000000,0.994026,85145061873382,20019278449517,10136920596734,1974947116,642,6
25,0,60000000000,1.000000,107728586831683,2965162318464,10089808849853,3552984816,0,0
25,5,48000000000,0.567329,106937839628443,6602810549295,10099750983802,3486093931,36,0
25,10,36000000000,0.467460,95678088141229,32069841065863,10114116174616,2807253818,377,3
25,15,38700000000,0.715689,82492750078542,39354023251519,10125580108393,2383148939,681,5
25,20,41400000000,0.797562,79096686503560,39566261417719,10130336582254,2358488239,698,6
25,25,44100000000,0.965825,77003229548225,34840684442283,10130336582254,2358488239,698,6
25,30,46800000000,1.000000,77246748631635,33316424881993,10130336582254,2358488239,698,6
25,35,46800000000,1.000000,77597893189100,29932997158148,10130336582254,2358488239,698,6
25,40,46800000000,1.000000,77936504821290,29554279169758,10130336582254,2358488239,698,6
25,45,46800000000,1.000000,78203326709350,29287457281698,10130336582254,2358488239,698,6
25,50,46800000000,1.000000,78468545986949,29022238004099,10130336582254,2358488239,698,6
25,55,46800000000,1.000000,78640286551849,28850497439199,10130336582254,2358488239,698,6
25,60,46800000000,1.000000,78898475550499,28592308440549,10130336582254,2358488239,698,6
25,65,46800000000,1.000000,79140924998233,28349858992815,10130336582254,2358488239,698,6
25,70,46800000000,1.000000,79392407819995,28098376171053,10130336582254,2358488239,698,6
25,75,46800000000,1.000000,79634384809645,27856399181403,10130336582254,2358488239,698,6
25,80,46800000000,1.000000,79885022501527,27605761489521,10130336582254,2358488239,698,6
25,85,46800000000,1.000000,80054247971119,27436536019929,10130336582254,2358488239,698,6
25,90,46800000000,1.000000,80299783139809,27191000851239,10130336582254,2358488239,698,6
25,95,46800000000,1.000000,80530350152173,26960433838875,10130336582254,2358488239,698,6
25,100,46800000000,1.000000,80769507813415,26721276177633,10130336582254,2358488239,698,6
25,105,46800000000,1.000000,80999625522853,26491158468195,10130336582254,2358488239,698,6
25,110,46800000000,1.000000,81237979473859,26252804517189,10130336582254,2358488239,698,6
25,115,46800000000,1.000000,81398911211563,26091872779485,10130336582254,2358488239,698,6
25,120,46800000000,1.000000,81632412713935,25858371277113,10130336582254,2358488239,698,6
25,125,46800000000,1.000000,81851679648577,25639104342471,10130336582254,2358488239,698,6
25,130,46800000000,1.000000,82079116204783,25411667786265,10130336582254,2358488239,698,6
25,135,46800000000,1.000000,82297955856841,25192828134207,10130336582254,2358488239,698,6
25,140,46800000000,1.000000,82524628092691,24966155898357,10130336582254,2358488239,698,6
25,145,46800000000,1.000000,82677672574021,24813111417027,10130336582254,2358488239,698,6
25,150,46800000000,1.000000,82899730179313,24591053811735,10130336582254,2358488239,698,6
25,155,46800000000,1.000000,83108250852469,24382533138579,10130336582254,2358488239,698,6
25,160,46800000000,1.000000,83324540754367,24166243236681,10130336582254,2358488239,698,6
25,165,46800000000,1.000000,83532655085935,23958128905113,10130336582254,2358488239,698,6
25,170,46800000000,1.000000,83748218126773,23742565864275,10130336582254,2358488239,698,6
25,175,46800000000,1.000000,83893761905719,23597022085329,10130336582254,2358488239,698,6
25,180,46800000000,1.000000,84104936478859,23385847512189,10130336582254,2358488239,698,6
25,185,46800000000,1.000000,84303237564109,23187546426939,10130336582254,2358488239,698,6
25,190,46800000000,1.000000,84508927108651,22981856882397,10130336582254,2358488239,698,6
25,195,46800000000,1.000000,84706841767249,22783942223799,10130336582254,2358488239,698,6
26,0,60000000000,1.000000,104429411447724,2956631571688,10089913980588,3087375018,0,0
26,5,48000000000,0.422082,102597894029121,11310750160022,10103994895448,2914733743,57,3
26,10,36000000000,0.522861,94272968819539,25003626439015,10129560327203,2359964197,338,8
26,15,38700000000,0.571499,86183586559824,37021232676275,10134763651199,2034084010,615,10
26,20,41400000000,0.820737,79517962845161,33899996385950,10135023228511,2032724452,628,10
26,25,44100000000,0.878215,78925940574922,32355401815542,10135023228511,2032724452,628,10
26,30,46800000000,0.995519,79258606489055,28208738962313,10135023228511,2032724452,628,10
26,35,46800000000,1.000000,79589286065646,26030407210613,10135023228511,2032724452,628,10
26,40,46800000000,1.000000,79827152933297,25725540940782,10135023228511,2032724452,628,10
26,45,46800000000,1.000000,80040970016452,25511723857627,10135023228511,2032724452,628,10
26,50,46800000000,1.000000,80255208129880,25297485744199,10135023228511,2032724452,628,10
26,55,46800000000,1.000000,80464077769341,25088616104738,10135023228511,2032724452,628,10
26,60,46800000000,1.000000,80699073233685,24853620640394,10135023228511,2032724452,628,10
26,65,46800000000,1.000000,80917063573317,24635630300762,10135023228511,2032724452,628,10
26,70,46800000000,1.000000,81104397747513,24448296126566,10135023228511,2032724452,628,10
26,75,46800000000,1.000000,81290039647167,24262654226912,10135023228511,2032724452,628,10
26,80,46800000000,1.000000,81493790547969,24058903326110,10135023228511,2032724452,628,10
26,85,46800000000,1.000000,81693669571035,23859024303044,10135023228511,2032724452,628,10
26,90,46800000000,1.000000,81917147919447,23635545954632,10135023228511,2032724452,628,10
26,95,46800000000,1.000000,82124454563451,23428239310628,10135023228511,2032724452,628,10
26,100,46800000000,1.000000,82302607499199,23250086374880,10135023228511,2032724452,628,10
26,105,46800000000,1.000000,82479151098741,23073542775338,10135023228511,2032724452,628,10
26,110,46800000000,1.000000,82672916178069,22879777696010,10135023228511,2032724452,628,10
26,115,46800000000,1.000000,82862999140293,22689694733786,10135023228511,2032724452,628,10
26,120,46800000000,1.000000,83075524825953,22477169048126,10135023228511,2032724452,628,10
26,125,46800000000,1.000000,83272671381603,22280022492476,10135023228511,2032724452,628,10
26,130,46800000000,1.000000,83442093050805,22110600823274,10135023228511,2032724452,628,10
26,135,46800000000,1.000000,83609984257263,21942709616816,10135023228511,2032724452,628,10
26,140,46800000000,1.000000,83794252919679,21758440954400,10135023228511,2032724452,628,10
26,145,46800000000,1.000000,83975019925209,21577673948870,10135023228511,2032724452,628,10
26,150,46800000000,1.000000,84177129737589,21375564136490,10135023228511,2032724452,628,10
26,155,46800000000,1.000000,84364614150477,21188079723602,10135023228511,2032724452,628,10
26,160,46800000000,1.000000,84525732472029,21026961402050,10135023228511,2032724452,628,10
26,165,46800000000,1.000000,84685395338853,20867298535226,10135023228511,2032724452,628,10
26,170,46800000000,1.000000,84860633003307,20692060870772,10135023228511,2032724452,628,10
26,175,46800000000,1.000000,85032540626979,20520153247100,10135023228511,2032724452,628,10
26,180,46800000000,1.000000,85224745047669,20327948826410,10135023228511,2032724452,628,10
26,185,46800000000,1.000000,85403040858699,20149653015380,10135023228511,2032724452,628,10
26,190,46800000000,1.000000,85556262779325,19996431094754,10135023228511,2032724452,628,10
26,195,46800000000,1.000000,85708100576991,19844593297088,10135023228511,2032724452,628,10
27,0,60000000000,1.000000,92861878542997,2853372981390,10073508475613,2952770818,0,0
27,5,48000000000,0.386630,92104954001452,9315784368550,10082042668400,2890563365,43,1
27,10,36000000000,0.291250,87182519497613,29245554478951,10088479797921,2573407281,361,5
27,15,38700000000,0.405067,81287546154784,35575242977583,10090871504528,2287141178,618,9
27,20,41400000000,0.853136,67734044019605,32777558248516,10091009319339,2286362812,634,9
27,25,44100000000,0.931226,66547009297433,31303620883800,10091009319339,2286362812,634,9
27,30,46800000000,1.000000,66786638436014,28389338054780,10091009319339,2286362812,634,9
27,35,46800000000,1.000000,67072127653348,27629985575790,10091009319339,2286362812,634,9
27,40,46800000000,1.000000,67354775566424,27263392674434,10091009319339,2286362812,634,9
27,45,46800000000,1.000000,67610347751939,27007820488919,10091009319339,2286362812,634,9
27,50,46800000000,1.000000,67818272349708,26799895891150,10091009319339,2286362812,634,9
27,55,46800000000,1.000000,67992222128309,26625946112549,10091009319339,2286362812,634,9
27,60,46800000000,1.000000,68237085803939,26381082436919,10091009319339,2286362812,634,9
27,65,46800000000,1.000000,68468276416469,26149891824389,10091009319339,2286362812,634,9
27,70,46800000000,1.000000,68699606219837,25918562021021,10091009319339,2286362812,634,9
27,75,46800000000,1.000000,68933099851901,25685068388957,10091009319339,2286362812,634,9
27,80,46800000000,1.000000,69130839659675,25487328581183,10091009319339,2286362812,634,9
27,85,46800000000,1.000000,69297158396873,25321009843985,10091009319339,2286362812,634,9
27,90,46800000000,1.000000,69530021316059,25088146924799,10091009319339,2286362812,634,9
27,95,46800000000,1.000000,69749881288235,24868286952623,10091009319339,2286362812,634,9
27,100,46800000000,1.000000,69969873629483,24648294611375,10091009319339,2286362812,634,9
27,105,46800000000,1.000000,70191923750435,24426244490423,10091009319339,2286362812,634,9
27,110,46800000000,1.000000,70379972340125,24238195900733,10091009319339,2286362812,634,9
27,115,46800000000,1.000000,70538139804251,24080028436607,10091009319339,2286362812,634,9
27,120,46800000000,1.000000,70759590123149,23858578117709,10091009319339,2286362812,634,9
27,125,46800000000,1.000000,70968674769155,23649493471703,10091009319339,2286362812,634,9
27,130,46800000000,1.000000,71177885296781,23440282944077,10091009319339,2286362812,634,9
27,135,46800000000,1.000000,71389052752277,23229115488581,10091009319339,2286362812,634,9
27,140,46800000000,1.000000,71567885089865,23050283150993,10091009319339,2286362812,634,9
27,145,46800000000,1.000000,71718300774455,22899867466403,10091009319339,2286362812,634,9
27,150,46800000000,1.000000,71928897824429,22689270416429,10091009319339,2286362812,634,9
27,155,46800000000,1.000000,72127735242233,22490432998625,10091009319339,2286362812,634,9
27,160,46800000000,1.000000,72326692372193,22291475868665,10091009319339,2286362812,634,9
27,165,46800000000,1.000000,72527510521271,22090657719587,10091009319339,2286362812,634,9
27,170,46800000000,1.000000,72697578295049,21920589945809,10091009319339,2286362812,634,9
27,175,46800000000,1.000000,72840622114439,21777546126419,10091009319339,2286362812,634,9
27,180,46800000000,1.000000,73040897813453,21577270427405,10091009319339,2286362812,634,9
27,185,46800000000,1.000000,73229990219561,21388178021297,10091009319339,2286362812,634,9
27,190,46800000000,1.000000,73419196470665,21198971770193,10091009319339,2286362812,634,9
27,195,46800000000,1.000000,73610172532247,21007995708611,10091009319339,2286362812,634,9
28,0,60000000000,1.000000,120374821296139,3208986695431,10125371008430,4702815380,0,0
28,5,48000000000,0.399411,117625743959420,14893731164626,10134707983340,4447653315,42,3
28,10,36000000000,0.429551,107419384076301,37596753813959,10140071400793,3782252194,364,9
28,15,38700000000,0.512045,95525468490208,54755011690045,10146676900437,3391683805,644,12
28,20,41400000000,0.839776,81358907920503,50254563512464,10147690271529,3386504203,661,13
28,25,44100000000,0.903785,79533214694006,48715449229423,10147690271529,3386504203,661,13
28,30,46800000000,1.000000,80050509213029,42287622196091,10147690271529,3386504203,661,13
28,35,46800000000,1.000000,80481747151252,40721115543789,10147690271529,3386504203,661,13
28,40,46800000000,1.000000,80818632483915,40380279427486,10147690271529,3386504203,661,13
28,45,46800000000,1.000000,81196417157887,40002494753514,10147690271529,3386504203,661,13
28,50,46800000000,1.000000,81569644829083,39629267082318,10147690271529,3386504203,661,13
28,55,46800000000,1.000000,81867365579457,39331546331944,10147690271529,3386504203,661,13
28,60,46800000000,1.000000,82197838467195,39001073444206,10147690271529,3386504203,661,13
28,65,46800000000,1.000000,82557970176831,38640941734570,10147690271529,3386504203,661,13
28,70,46800000000,1.000000,82830981843795,38367930067606,10147690271529,3386504203,661,13
28,75,46800000000,1.000000,83153495215593,38045416695808,10147690271529,3386504203,661,13
28,80,46800000000,1.000000,83508096094437,37690815816964,10147690271529,3386504203,661,13
28,85,46800000000,1.000000,83795002681557,37403909229844,10147690271529,3386504203,661,13
28,90,46800000000,1.000000,84109279109487,37089632801914,10147690271529,3386504203,661,13
28,95,46800000000,1.000000,84451760782065,36747151129336,10147690271529,3386504203,661,13
28,100,46800000000,1.000000,84711392160897,36487519750504,10147690271529,3386504203,661,13
28,105,46800000000,1.000000,85018099168383,36180812743018,10147690271529,3386504203,661,13
28,110,46800000000,1.000000,85355321075775,35843590835626,10147690271529,3386504203,661,13
28,115,46800000000,1.000000,85628166385281,35570745526120,10147690271529,3386504203,661,13
28,120,46800000000,1.000000,85927040141271,35271871770130,10147690271529,3386504203,661,13
28,125,46800000000,1.000000,86252736804009,34946175107392,10147690271529,3386504203,661,13
28,130,46800000000,1.000000,86499643661853,34699268249548,10147690271529,3386504203,661,13
28,135,46800000000,1.000000,86791318974165,34407592937236,10147690271529,3386504203,661,13
28,140,46800000000,1.000000,87112013652909,34086898258492,10147690271529,3386504203,661,13
28,145,46800000000,1.000000,87371486827563,33827425083838,10147690271529,3386504203,661,13
28,150,46800000000,1.000000,87655712795517,33543199115884,10147690271529,3386504203,661,13
28,155,46800000000,1.000000,87965447081019,33233464830382,10147690271529,3386504203,661,13
28,160,46800000000,1.000000,88200253046061,32998658865340,10147690271529,3386504203,661,13
28,165,46800000000,1.000000,88477633365945,32721278545456,10147690271529,3386504203,661,13
28,170,46800000000,1.000000,88782610814277,32416301097124,10147690271529,3386504203,661,13
28,175,46800000000,1.000000,89029367221545,32169544689856,10147690271529,3386504203,661,13
28,180,46800000000,1.000000,89299663289055,31899248622346,10147690271529,3386504203,661,13
28,185,46800000000,1.000000,89594217512709,31604694398692,10147690271529,3386504203,661,13
28,190,46800000000,1.000000,89817515649135,31381396262266,10147690271529,3386504203,661,13
28,195,46800000000,1.000000,90081301573383,31117610338018,10147690271529,3386504203,661,13
29,0,60000000000,1.000000,93086126043029,2892134539440,10075967417531,2545263808,0,0
29,5,48000000000,0.455740,91908849709050,8893583124423,10092213561374,2488976917,54,1
29,10,36000000000,0.584309,83285235750041,21681841061321,10100094164289,1944568219,351,4
29,15,38700000000,0.639817,76127073043571,30983361569769,10103478882676,1569136243,634,5
29,20,41400000000,0.825940,72393492993294,28518709305989,10105982732537,1556374521,644,5
29,25,44100000000,0.912559,72042458770520,26196434957783,10105982732537,1556374521,644,5
29,30,46800000000,1.000000,72338848087188,22347271599190,10105982732537,1556374521,644,5
29,35,46800000000,1.000000,72560683253479,20938027295499,10105982732537,1556374521,644,5
29,40,46800000000,1.000000,72774165317622,20658298254916,10105982732537,1556374521,644,5
29,45,46800000000,1.000000,72953952438286,20478511134252,10105982732537,1556374521,644,5
29,50,46800000000,1.000000,73122019068232,20310444504306,10105982732537,1556374521,644,5
29,55,46800000000,1.000000,73296300712829,20136162859709,10105982732537,1556374521,644,5
29,60,46800000000,1.000000,73466187051701,19966276520837,10105982732537,1556374521,644,5
29,65,46800000000,1.000000,73633828092431,19798635480107,10105982732537,1556374521,644,5
29,70,46800000000,1.000000,73795666416041,19636797156497,10105982732537,1556374521,644,5
29,75,46800000000,1.000000,73954663136411,19477800436127,10105982732537,1556374521,644,5
29,80,46800000000,1.000000,74114373623615,19318089948923,10105982732537,1556374521,644,5
29,85,46800000000,1.000000,74283173028479,19149290544059,10105982732537,1556374521,644,5
29,90,46800000000,1.000000,74444733246407,18987730326131,10105982732537,1556374521,644,5
29,95,46800000000,1.000000,74604158208107,18828305364431,10105982732537,1556374521,644,5
29,100,46800000000,1.000000,74758064843699,18674398728839,10105982732537,1556374521,644,5
29,105,46800000000,1.000000,74909269142681,18523194429857,10105982732537,1556374521,644,5
29,110,46800000000,1.000000,75061152226793,18371311345745,10105982732537,1556374521,644,5
29,115,46800000000,1.000000,75221678781029,18210784791509,10105982732537,1556374521,644,5
29,120,46800000000,1.000000,75375320940689,18057142631849,10105982732537,1556374521,644,5
29,125,46800000000,1.000000,75526932493019,17905531079519,10105982732537,1556374521,644,5
29,130,46800000000,1.000000,75673296171923,17759167400615,10105982732537,1556374521,644,5
29,135,46800000000,1.000000,75817089955709,17615373616829,10105982732537,1556374521,644,5
29,140,46800000000,1.000000,75961529257433,17470934315105,10105982732537,1556374521,644,5
29,145,46800000000,1.000000,76114188413423,17318275159115,10105982732537,1556374521,644,5
29,150,46800000000,1.000000,76260300578435,17172162994103,10105982732537,1556374521,644,5
29,155,46800000000,1.000000,76404481656161,17027981916377,10105982732537,1556374521,644,5
29,160,46800000000,1.000000,76543672058501,16888791514037,10105982732537,1556374521,644,5
29,165,46800000000,1.000000,76680418516163,16752045056375,10105982732537,1556374521,644,5
29,170,46800000000,1.000000,76817778854933,16614684717605,10105982732537,1556374521,644,5
29,175,46800000000,1.000000,76962956193305,16469507379233,10105982732537,1556374521,644,5
29,180,46800000000,1.000000,77101907408525,16330556164013,10105982732537,1556374521,644,5
29,185,46800000000,1.000000,77239022178893,16193441393645,10105982732537,1556374521,644,5
29,190,46800000000,1.000000,77371390866725,16061072705813,10105982732537,1556374521,644,5
29,195,46800000000,1.000000,77501435387249,15931028185289,10105982732537,1556374521,644,5
30,0,60000000000,1.000000,96192688480022,2962002291554,10092233228424,3175838874,0,0
30,5,48000000000,0.474996,95161875998005,8376219839302,10106378314554,3121802651,54,0
30,10,36000000000,0.433129,86400486078687,29397457569392,10113541435080,2386460177,372,6
30,15,38700000000,0.613241,76225663909519,37352425848184,10115222555873,1801848585,659,10
30,20,41400000000,0.703143,74165341976337,35503280982917,10117701523454,1788486741,670,10
30,25,44100000000,0.812097,73893396827957,31074879033408,10117701523454,1788486741,670,10
30,30,46800000000,0.912262,74151567182326,27379926990241,10117701523454,1788486741,670,10
30,35,46800000000,1.000000,74435888054777,24578885743887,10117701523454,1788486741,670,10
30,40,46800000000,1.000000,74715966876398,24120464206206,10117701523454,1788486741,670,10
30,45,46800000000,1.000000,74922488712565,23913942370039,10117701523454,1788486741,670,10
30,50,46800000000,1.000000,75122925248311,23713505834293,10117701523454,1788486741,670,10
30,55,46800000000,1.000000,75302662537491,23533768545113,10117701523454,1788486741,670,10
30,60,46800000000,1.000000,75527372517927,23309058564677,10117701523454,1788486741,670,10
30,65,46800000000,1.000000,75706965325845,23129465756759,10117701523454,1788486741,670,10
30,70,46800000000,1.000000,75908063885691,22928367196913,10117701523454,1788486741,670,10
30,75,46800000000,1.000000,76092637994361,22743793088243,10117701523454,1788486741,670,10
30,80,46800000000,1.000000,76283260967067,22553170115537,10117701523454,1788486741,670,10
30,85,46800000000,1.000000,76456051338303,22380379744301,10117701523454,1788486741,670,10
30,90,46800000000,1.000000,76669748293761,22166682788843,10117701523454,1788486741,670,10
30,95,46800000000,1.000000,76840539267267,21995891815337,10117701523454,1788486741,670,10
30,100,46800000000,1.000000,77031781996779,21804649085825,10117701523454,1788486741,670,10
30,105,46800000000,1.000000,77207310137529,21629120945075,10117701523454,1788486741,670,10
30,110,46800000000,1.000000,77388590687937,21447840394667,10117701523454,1788486741,670,10
30,115,46800000000,1.000000,77552912611791,21283518470813,10117701523454,1788486741,670,10
30,120,46800000000,1.000000,77756136290061,21080294792543,10117701523454,1788486741,670,10
30,125,46800000000,1.000000,77918556806361,20917874276243,10117701523454,1788486741,670,10
30,130,46800000000,1.000000,78100426739253,20736004343351,10117701523454,1788486741,670,10
30,135,46800000000,1.000000,78267352254651,20569078827953,10117701523454,1788486741,670,10
30,140,46800000000,1.000000,78439748254209,20396682828395,10117701523454,1788486741,670,10
30,145,46800000000,1.000000,78596016768693,20240414313911,10117701523454,1788486741,670,10
30,150,46800000000,1.000000,78789280464771,20047150617833,10117701523454,1788486741,670,10
30,155,46800000000,1.000000,78943740759693,19892690322911,10117701523454,1788486741,670,10
30,160,46800000000,1.000000,79116697256211,19719733826393,10117701523454,1788486741,670,10
30,165,46800000000,1.000000,79275441760287,19560989322317,10117701523454,1788486741,670,10
30,170,46800000000,1.000000,79439388640617,19397042441987,10117701523454,1788486741,670,10
30,175,46800000000,1.000000,79587998443089,19248432639515,10117701523454,1788486741,670,10
30,180,46800000000,1.000000,79771790294961,19064640787643,10117701523454,1788486741,670,10
30,185,46800000000,1.000000,79918680498543,18917750584061,10117701523454,1788486741,670,10
30,190,46800000000,1.000000,80083160405913,18753270676691,10117701523454,1788486741,670,10
30,195,46800000000,1.000000,80234124849867,18602306232737,10117701523454,1788486741,670,10
31,0,60000000000,1.000000,101272797407226,3051284569578,10092411023196,3357779722,0,0
31,5,48000000000,0.472631,100713863663759,7614870818346,10103605827375,3314089855,45,0
31,10,36000000000,0.389251,92692109681025,29831994899275,10112252253702,2700790688,358,6
31,15,38700000000,0.462629,86050330112776,39451263751979,10114863707216,2403611305,631,10
31,20,41400000000,0.772880,75035947751963,37864469755245,10115843070515,2396258132,651,11
31,25,44100000000,0.874630,74043591806979,34594114065106,10115843070515,2396258132,651,11
31,30,46800000000,1.000000,74397621282018,29734790095308,10115843070515,2396258132,651,11
31,35,46800000000,1.000000,74617234244609,29501076671848,10115843070515,2396258132,651,11
31,40,46800000000,1.000000,74944271125903,29031132858914,10115843070515,2396258132,651,11
31,45,46800000000,1.000000,75217411878368,28757992106449,10115843070515,2396258132,651,11
31,50,46800000000,1.000000,75476898440325,28498505544492,10115843070515,2396258132,651,11
31,55,46800000000,1.000000,75681737607202,28293666377615,10115843070515,2396258132,651,11
31,60,46800000000,1.000000,75894601092208,28080802892609,10115843070515,2396258132,651,11
31,65,46800000000,1.000000,76128073843996,27847330140821,10115843070515,2396258132,651,11
31,70,46800000000,1.000000,76373406904480,27601997080337,10115843070515,2396258132,651,11
31,75,46800000000,1.000000,76629704557906,27345699426911,10115843070515,2396258132,651,11
31,80,46800000000,1.000000,76865587324816,27109816660001,10115843070515,2396258132,651,11
31,85,46800000000,1.000000,77068408763008,26906995221809,10115843070515,2396258132,651,11
31,90,46800000000,1.000000,77270839819492,26704564165325,10115843070515,2396258132,651,11
31,95,46800000000,1.000000,77492870083372,26482533901445,10115843070515,2396258132,651,11
31,100,46800000000,1.000000,77726179382896,26249224601921,10115843070515,2396258132,651,11
31,105,46800000000,1.000000,77969915901088,26005488083729,10115843070515,2396258132,651,11
31,110,46800000000,1.000000,78194238065332,25781165919485,10115843070515,2396258132,651,11
31,115,46800000000,1.000000,78387119234824,25588284749993,10115843070515,2396258132,651,11
31,120,46800000000,1.000000,78579629155258,25395774829559,10115843070515,2396258132,651,11
31,125,46800000000,1.000000,78790777726936,25184626257881,10115843070515,2396258132,651,11
31,130,46800000000,1.000000,79012652549386,24962751435431,10115843070515,2396258132,651,11
31,135,46800000000,1.000000,79244443553020,24730960431797,10115843070515,2396258132,651,11
31,140,46800000000,1.000000,79457771699140,24517632285677,10115843070515,2396258132,651,11
31,145,46800000000,1.000000,79641199772308,24334204212509,10115843070515,2396258132,651,11
31,150,46800000000,1.000000,79824274791148,24151129193669,10115843070515,2396258132,651,11
31,155,46800000000,1.000000,80025074981728,23950329003089,10115843070515,2396258132,651,11
31,160,46800000000,1.000000,80236075730104,23739328254713,10115843070515,2396258132,651,11
31,165,46800000000,1.000000,80456506668196,23518897316621,10115843070515,2396258132,651,11
31,170,46800000000,1.000000,80659379612434,23316024372383,10115843070515,2396258132,651,11
31,175,46800000000,1.000000,80833817884780,23141586100037,10115843070515,2396258132,651,11
31,180,46800000000,1.000000,81007920405958,22967483578859,10115843070515,2396258132,651,11
31,185,46800000000,1.000000,81198879389278,22776524595539,10115843070515,2396258132,651,11
31,190,46800000000,1.000000,81399539001586,22575864983231,10115843070515,2396258132,651,11
31,195,46800000000,1.000000,81609166630456,22366237354361,10115843070515,2396258132,651,11
32,0,60000000000,1.000000,94773973585547,2853651136455,10071726277998,2758386726,0,0
32,5,48000000000,0.672022,93050915271654,6795193477679,10081915901115,2603348927,39,0
32,10,36000000000,0.534547,83441975475745,26502179375775,10090711318062,1995167465,340,4
32,15,38700000000,0.660969,76769709461568,31515825763982,10098652825092,1687244619,612,5
32,20,41400000000,0.776654,73402838829605,31154288352700,10100416851449,1678197756,630,5
32,25,44100000000,0.896697,73032580470021,27396503827250,10100416851449,1678197756,630,5
32,30,46800000000,0.959938,73219875928683,25396503967305,10100416851449,1678197756,630,5
32,35,46800000000,1.000000,73513890943927,22516583026838,10100416851449,1678197756,630,5
32,40,46800000000,1.000000,73769629121767,22210553216378,10100416851449,1678197756,630,5
32,45,46800000000,1.000000,73975988629352,22004193708793,10100416851449,1678197756,630,5
32,50,46800000000,1.000000,74159301566954,21820880771191,10100416851449,1678197756,630,5
32,55,46800000000,1.000000,74285725547368,21694456790777,10100416851449,1678197756,630,5
32,60,46800000000,1.000000,74484459179824,21495723158321,10100416851449,1678197756,630,5
32,65,46800000000,1.000000,74676309406768,21303872931377,10100416851449,1678197756,630,5
32,70,46800000000,1.000000,74865373672882,21114808665263,10100416851449,1678197756,630,5
32,75,46800000000,1.000000,75053485351702,20926696986443,10100416851449,1678197756,630,5
32,80,46800000000,1.000000,75227782055908,20752400282237,10100416851449,1678197756,630,5
32,85,46800000000,1.000000,75348969770020,20631212568125,10100416851449,1678197756,630,5
32,90,46800000000,1.000000,75537963477034,20442218861111,10100416851449,1678197756,630,5
32,95,46800000000,1.000000,75720411133876,20259771204269,10100416851449,1678197756,630,5
32,100,46800000000,1.000000,75900209369920,20079972968225,10100416851449,1678197756,630,5
32,105,46800000000,1.000000,76079101704904,19901080633241,10100416851449,1678197756,630,5
32,110,46800000000,1.000000,76244856136306,19735326201839,10100416851449,1678197756,630,5
32,115,46800000000,1.000000,76360104446686,19620077891459,10100416851449,1678197756,630,5
32,120,46800000000,1.000000,76539835581610,19440346756535,10100416851449,1678197756,630,5
32,125,46800000000,1.000000,76713341487934,19266840850211,10100416851449,1678197756,630,5
32,130,46800000000,1.000000,76884327821284,19095854516861,10100416851449,1678197756,630,5
32,135,46800000000,1.000000,77054452651768,18925729686377,10100416851449,1678197756,630,5
32,140,46800000000,1.000000,77212083466762,18768098871383,10100416851449,1678197756,630,5
32,145,46800000000,1.000000,77321683463170,18658498874975,10100416851449,1678197756,630,5
32,150,46800000000,1.000000,77492605984150,18487576353995,10100416851449,1678197756,630,5
32,155,46800000000,1.000000,77657608374628,18322573963517,10100416851449,1678197756,630,5
32,160,46800000000,1.000000,77820214676320,18159967661825,10100416851449,1678197756,630,5
32,165,46800000000,1.000000,77982001697470,17998180640675,10100416851449,1678197756,630,5
32,170,46800000000,1.000000,78131907034066,17848275304079,10100416851449,1678197756,630,5
32,175,46800000000,1.000000,78236135540158,17744046797987,10100416851449,1678197756,630,5
32,180,46800000000,1.000000,78398681156866,17581501181279,10100416851449,1678197756,630,5
32,185,46800000000,1.000000,78555596788498,17424585549647,10100416851449,1678197756,630,5
32,190,46800000000,1.000000,78710233763560,17269948574585,10100416851449,1678197756,630,5
32,195,46800000000,1.000000,78864091610878,17116090727267,10100416851449,1678197756,630,5
33,0,60000000000,1.000000,98671901138513,2949366682965,10085201178522,2771294038,0,0
33,5,48000000000,0.612528,96570985838448,8236116410319,10090629729916,2566182329,53,1
33,10,36000000000,0.492642,89447483616930,24693649931986,10093867863351,2053810628,356,6
33,15,38700000000,0.644836,80696482453797,32429582653793,10098221614663,1656613734,660,13
33,20,41400000000,0.778025,77775750878287,30631166770542,10098895546166,1653178813,666,13
33,25,44100000000,0.873679,77416750088365,27688455712786,10098895546166,1653178813,666,13
33,30,46800000000,0.969683,77656388517204,24700023913551,10098895546166,1653178813,666,13
33,35,46800000000,1.000000,77943368363771,22120189182894,10098895546166,1653178813,666,13
33,40,46800000000,1.000000,78185548750816,21830845899469,10098895546166,1653178813,666,13
33,45,46800000000,1.000000,78373584542613,21642810107672,10098895546166,1653178813,666,13
33,50,46800000000,1.000000,78549566908077,21466827742208,10098895546166,1653178813,666,13
33,55,46800000000,1.000000,78698789815328,21317604834957,10098895546166,1653178813,666,13
33,60,46800000000,1.000000,78898487536700,21117907113585,10098895546166,1653178813,666,13
33,65,46800000000,1.000000,79081543146428,20934851503857,10098895546166,1653178813,666,13
33,70,46800000000,1.000000,79263800655752,20752593994533,10098895546166,1653178813,666,13
33,75,46800000000,1.000000,79432010506604,20584384143681,10098895546166,1653178813,666,13
33,80,46800000000,1.000000,79598351953544,20418042696741,10098895546166,1653178813,666,13
33,85,46800000000,1.000000,79743564543284,20272830107001,10098895546166,1653178813,666,13
33,90,46800000000,1.000000,79933475089298,20082919560987,10098895546166,1653178813,666,13
33,95,46800000000,1.000000,80107559152766,19908835497519,10098895546166,1653178813,666,13
33,100,46800000000,1.000000,80280884230604,19735510419681,10098895546166,1653178813,666,13
33,105,46800000000,1.000000,80440850125058,19575544525227,10098895546166,1653178813,666,13
33,110,46800000000,1.000000,80599039185968,19417355464317,10098895546166,1653178813,666,13
33,115,46800000000,1.000000,80737134914060,19279259736225,10098895546166,1653178813,666,13
33,120,46800000000,1.000000,80917737953660,19098656696625,10098895546166,1653178813,666,13
33,125,46800000000,1.000000,81083290165838,18933104484447,10098895546166,1653178813,666,13
33,130,46800000000,1.000000,81248120590352,18768274059933,10098895546166,1653178813,666,13
33,135,46800000000,1.000000,81400246564298,18616148085987,10098895546166,1653178813,666,13
33,140,46800000000,1.000000,81550682787122,18465711863163,10098895546166,1653178813,666,13
33,145,46800000000,1.000000,81682010450498,18334384199787,10098895546166,1653178813,666,13
33,150,46800000000,1.000000,81853762144262,18162632506023,10098895546166,1653178813,666,13
33,155,46800000000,1.000000,82011200650772,18005193999513,10098895546166,1653178813,666,13
33,160,46800000000,1.000000,82167952744328,17848441905957,10098895546166,1653178813,666,13
33,165,46800000000,1.000000,82312623031892,17703771618393,10098895546166,1653178813,666,13
33,170,46800000000,1.000000,82455686382914,17560708267371,10098895546166,1653178813,666,13
33,175,46800000000,1.000000,82580577683966,17435816966319,10098895546166,1653178813,666,13
33,180,46800000000,1.000000,82743911835758,17272482814527,10098895546166,1653178813,666,13
33,185,46800000000,1.000000,82893634288880,17122760361405,10098895546166,1653178813,666,13
33,190,46800000000,1.000000,83042703970262,16973690680023,10098895546166,1653178813,666,13
33,195,46800000000,1.000000,83180283974204,16836110676081,10098895546166,1653178813,666,13
34,0,60000000000,1.000000,98597642969386,2988641499219,10082442531395,3206238662,0,0
34,5,48000000000,1.000000,94554974762395,6712571263807,10091062168129,2845464538,64,3
34,10,36000000000,0.437633,88503050404176,29863200736745,10096545902013,2431119100,378,8
34,15,38700000000,0.575108,80927635441328,35892651729210,10098928401085,2100022640,686,13
34,20,41400000000,0.755574,74265249390805,36135513853555,10100432485627,2091820766,702,13
34,25,44100000000,0.880715,73746614026797,31589887591035,10100432485627,2091820766,702,13
34,30,46800000000,0.928931,73941249080878,29740697726506,10100432485627,2091820766,702,13
34,35,46800000000,1.000000,74262661743249,26864959974054,10100432485627,2091820766,702,13
34,40,46800000000,1.000000,74570203990432,26499588639791,10100432485627,2091820766,702,13
34,45,46800000000,1.000000,74806647715540,26263144914683,10100432485627,2091820766,702,13
34,50,46800000000,1.000000,75036313150134,26033479480089,10100432485627,2091820766,702,13
34,55,46800000000,1.000000,75182708888461,25887083741762,10100432485627,2091820766,702,13
34,60,46800000000,1.000000,75423203969953,25646588660270,10100432485627,2091820766,702,13
34,65,46800000000,1.000000,75649450845607,25420341784616,10100432485627,2091820766,702,13
34,70,46800000000,1.000000,75873427686901,25196364943322,10100432485627,2091820766,702,13
34,75,46800000000,1.000000,76091084255329,24978708374894,10100432485627,2091820766,702,13
34,80,46800000000,1.000000,76308624560503,24761168069720,10100432485627,2091820766,702,13
34,85,46800000000,1.000000,76451433550153,24618359080070,10100432485627,2091820766,702,13
34,90,46800000000,1.000000,76680141979753,24389650650470,10100432485627,2091820766,702,13
34,95,46800000000,1.000000,76895300507341,24174492122882,10100432485627,2091820766,702,13
34,100,46800000000,1.000000,77108300254783,23961492375440,10100432485627,2091820766,702,13
34,105,46800000000,1.000000,77315289485575,23754503144648,10100432485627,2091820766,702,13
34,110,46800000000,1.000000,77522168151259,23547624478964,10100432485627,2091820766,702,13
34,115,46800000000,1.000000,77657978079499,23411814550724,10100432485627,2091820766,702,13
34,120,46800000000,1.000000,77875477520263,23194315109960,10100432485627,2091820766,702,13
34,125,46800000000,1.000000,78080091139159,22989701491064,10100432485627,2091820766,702,13
34,130,46800000000,1.000000,78282651779749,22787140850474,10100432485627,2091820766,702,13
34,135,46800000000,1.000000,78479496478609,22590296151614,10100432485627,2091820766,702,13
34,140,46800000000,1.000000,78676236031219,22393556599004,10100432485627,2091820766,702,13
34,145,46800000000,1.000000,78805389921691,22264402708532,10100432485627,2091820766,702,13
34,150,46800000000,1.000000,79012229725723,22057562904500,10100432485627,2091820766,702,13
34,155,46800000000,1.000000,79206815241433,21862977388790,10100432485627,2091820766,702,13
34,160,46800000000,1.000000,79399448395003,21670344235220,10100432485627,2091820766,702,13
34,165,46800000000,1.000000,79586645744977,21483146885246,10100432485627,2091820766,702,13
34,170,46800000000,1.000000,79773743101957,21296049528266,10100432485627,2091820766,702,13
34,175,46800000000,1.000000,79896567166699,21173225463524,10100432485627,2091820766,702,13
34,180,46800000000,1.000000,80093269762237,20976522867986,10100432485627,2091820766,702,13
34,185,46800000000,1.000000,80278318651531,20791473978692,10100432485627,2091820766,702,13
34,190,46800000000,1.000000,80461510863805,20608281766418,10100432485627,2091820766,702,13
34,195,46800000000,1.000000,80639533681087,20430258949136,10100432485627,2091820766,702,13
35,0,60000000000,1.000000,100748483985279,2916798468634,10080546546087,2684266436,0,0
35,5,48000000000,0.509468,99275955657364,8579466779953,10098910708576,2617377349,51,2
35,10,36000000000,0.487305,91652823829801,24583406247181,10113377396369,2276359714,322,7
35,15,38700000000,0.724155,80369680869186,32098692776315,10131705470331,1906148560,598,13
35,20,41400000000,0.865645,77137180230170,30581661794792,10135796854443,1885295430,610,13
35,25,44100000000,0.969458,75982811551649,28497598651025,10135796854443,1885295430,610,13
35,30,46800000000,1.000000,76250432585255,26403863019963,10135796854443,1885295430,610,13
35,35,46800000000,1.000000,76534046019636,24418646052962,10135796854443,1885295430,610,13
35,40,46800000000,1.000000,76762565858643,24133526481695,10135796854443,1885295430,610,13
35,45,46800000000,1.000000,76984890302023,23911202038315,10135796854443,1885295430,610,13
35,50,46800000000,1.000000,77182404419095,23713687921243,10135796854443,1885295430,610,13
35,55,46800000000,1.000000,77365327525607,23530764814731,10135796854443,1885295430,610,13
35,60,46800000000,1.000000,77584439283515,23311653056823,10135796854443,1885295430,610,13
35,65,46800000000,1.000000,77769620990519,23126471349819,10135796854443,1885295430,610,13
35,70,46800000000,1.000000,77956116827891,22939975512447,10135796854443,1885295430,610,13
35,75,46800000000,1.000000,78155752358063,22740339982275,10135796854443,1885295430,610,13
35,80,46800000000,1.000000,78343464140519,22552628199819,10135796854443,1885295430,610,13
35,85,46800000000,1.000000,78518569113299,22377523227039,10135796854443,1885295430,610,13
35,90,46800000000,1.000000,78726942214961,22169150125377,10135796854443,1885295430,610,13
35,95,46800000000,1.000000,78903048175775,21993044164563,10135796854443,1885295430,610,13
35,100,46800000000,1.000000,79080403861253,21815688479085,10135796854443,1885295430,610,13
35,105,46800000000,1.000000,79270255264037,21625837076301,10135796854443,1885295430,610,13
35,110,46800000000,1.000000,79448767301321,21447325039017,10135796854443,1885295430,610,13
35,115,46800000000,1.000000,79615290387905,21280801952433,10135796854443,1885295430,610,13
35,120,46800000000,1.000000,79813451134157,21082641206181,10135796854443,1885295430,610,13
35,125,46800000000,1.000000,79980926150615,20915166189723,10135796854443,1885295430,610,13
35,130,46800000000,1.000000,80149589642885,20746502697453,10135796854443,1885295430,610,13
35,135,46800000000,1.000000,80330136437939,20565955902399,10135796854443,1885295430,610,13
35,140,46800000000,1.000000,80499899609303,20396192731035,10135796854443,1885295430,610,13
35,145,46800000000,1.000000,80658261407819,20237830932519,10135796854443,1885295430,610,13
35,150,46800000000,1.000000,80846710305851,20049382034487,10135796854443,1885295430,610,13
35,155,46800000000,1.000000,81005977380059,19890114960279,10135796854443,1885295430,610,13
35,160,46800000000,1.000000,81166374683063,19729717657275,10135796854443,1885295430,610,13
35,165,46800000000,1.000000,81338072888645,19558019451693,10135796854443,1885295430,610,13
35,170,46800000000,1.000000,81499515975437,19396576364901,10135796854443,1885295430,610,13
35,175,46800000000,1.000000,81650116470107,19245975870231,10135796854443,1885295430,610,13
35,180,46800000000,1.000000,81829329497009,19066762843329,10135796854443,1885295430,610,13
35,185,46800000000,1.000000,81980790899879,18915301440459,10135796854443,1885295430,610,13
35,190,46800000000,1.000000,82133327139017,18762765201321,10135796854443,1885295430,610,13
35,195,46800000000,1.000000,82296610424063,18599481916275,10135796854443,1885295430,610,13
36,0,60000000000,1.000000,100286810241074,2956001427950,10084653330976,3001455164,0,0
36,5,48000000000,0.430352,99768670923033,8052469744412,10093398394831,2969285499,51,3
36,10,36000000000,0.565782,89122460023287,24906065391409,10113596527018,2438317812,368,8
36,15,38700000000,0.621238,81626125957227,34745682965444,10116000112115,2066641848,666,10
36,20,41400000000,0.866452,74380440124291,33274738459320,10116061710154,2066305537,676,11
36,25,44100000000,0.945073,73658058929788,31270962386875,10116061710154,2066305537,676,11
36,30,46800000000,1.000000,73922669409082,28049907374530,10116061710154,2066305537,676,11
36,35,46800000000,1.000000,74240004713383,26067254794489,10116061710154,2066305537,676,11
36,40,46800000000,1.000000,74537614869445,25728808885327,10116061710154,2066305537,676,11
36,45,46800000000,1.000000,74736330699990,25530093054782,10116061710154,2066305537,676,11
36,50,46800000000,1.000000,74955607724376,25310816030396,10116061710154,2066305537,676,11
36,55,46800000000,1.000000,75116869688706,25149554066066,10116061710154,2066305537,676,11
36,60,46800000000,1.000000,75348842443572,24917581311200,10116061710154,2066305537,676,11
36,65,46800000000,1.000000,75576091618206,24690332136566,10116061710154,2066305537,676,11
36,70,46800000000,1.000000,75803952754110,24462471000662,10116061710154,2066305537,676,11
36,75,46800000000,1.000000,75986448409848,24279975344924,10116061710154,2066305537,676,11
36,80,46800000000,1.000000,76193647978632,24072775776140,10116061710154,2066305537,676,11
36,85,46800000000,1.000000,76349448057552,23916975697220,10116061710154,2066305537,676,11
36,90,46800000000,1.000000,76570051839156,23696371915616,10116061710154,2066305537,676,11
36,95,46800000000,1.000000,76786163543112,23480260211660,10116061710154,2066305537,676,11
36,100,46800000000,1.000000,77002857216186,23263566538586,10116061710154,2066305537,676,11
36,105,46800000000,1.000000,77176408768968,23090014985804,10116061710154,2066305537,676,11
36,110,46800000000,1.000000,77373453497208,22892970257564,10116061710154,2066305537,676,11
36,115,46800000000,1.000000,77521617822174,22744805932598,10116061710154,2066305537,676,11
36,120,46800000000,1.000000,77731409823522,22535013931250,10116061710154,2066305537,676,11
36,125,46800000000,1.000000,77936929903548,22329493851224,10116061710154,2066305537,676,11
36,130,46800000000,1.000000,78143003430456,22123420324316,10116061710154,2066305537,676,11
36,135,46800000000,1.000000,78308049230160,21958374524612,10116061710154,2066305537,676,11
36,140,46800000000,1.000000,78495436806060,21770986948712,10116061710154,2066305537,676,11
36,145,46800000000,1.000000,78636339604794,21630084149978,10116061710154,2066305537,676,11
36,150,46800000000,1.000000,78835849710738,21430574044034,10116061710154,2066305537,676,11
36,155,46800000000,1.000000,79031297261946,21235126492826,10116061710154,2066305537,676,11
36,160,46800000000,1.000000,79227271135650,21039152619122,10116061710154,2066305537,676,11
36,165,46800000000,1.000000,79384228049136,20882195705636,10116061710154,2066305537,676,11
36,170,46800000000,1.000000,79562431769298,20703991985474,10116061710154,2066305537,676,11
36,175,46800000000,1.000000,79696428929004,20569994825768,10116061710154,2066305537,676,11
36,180,46800000000,1.000000,79886161054470,20380262700302,10116061710154,2066305537,676,11
36,185,46800000000,1.000000,80072029731006,20194394023766,10116061710154,2066305537,676,11
36,190,46800000000,1.000000,80258398934832,20008024819940,10116061710154,2066305537,676,11
36,195,46800000000,1.000000,80407663397580,19858760357192,10116061710154,2066305537,676,11
37,0,60000000000,1.000000,103037485245442,3038008433680,10090519320878,3410264294,0,0
37,5,48000000000,0.374857,102330528473642,9958940478966,10102307466840,3353344899,61,2
37,10,36000000000,0.343723,95845817912138,29713237528508,10107082581550,2947269492,423,10
37,15,38700000000,0.484121,86594025370295,40202525356824,10109120258190,2385878162,711,14
37,20,41400000000,0.813656,75705121211117,37301891478337,10110000896953,2381230616,732,15
37,25,44100000000,0.882442,74661062121414,35577340490965,10110000896953,2381230616,732,15
37,30,46800000000,1.000000,75036389880185,30434129686061,10110000896953,2381230616,732,15
37,35,46800000000,1.000000,75322758998402,29442132051861,10110000896953,2381230616,732,15
37,40,46800000000,1.000000,75610560696806,29059542267777,10110000896953,2381230616,732,15
37,45,46800000000,1.000000,75896448023423,28773654941160,10110000896953,2381230616,732,15
37,50,46800000000,1.000000,76128274794953,28541828169630,10110000896953,2381230616,732,15
37,55,46800000000,1.000000,76341286766307,28328816198276,10110000896953,2381230616,732,15
37,60,46800000000,1.000000,76583159484867,28086943479716,10110000896953,2381230616,732,15
37,65,46800000000,1.000000,76826246300481,27843856664102,10110000896953,2381230616,732,15
37,70,46800000000,1.000000,77063149823906,27606953140677,10110000896953,2381230616,732,15
37,75,46800000000,1.000000,77301730163668,27368372800915,10110000896953,2381230616,732,15
37,80,46800000000,1.000000,77520620018716,27149482945867,10110000896953,2381230616,732,15
37,85,46800000000,1.000000,77729626532584,26940476431999,10110000896953,2381230616,732,15
37,90,46800000000,1.000000,77959655981086,26710446983497,10110000896953,2381230616,732,15
37,95,46800000000,1.000000,78190820929330,26479282035253,10110000896953,2381230616,732,15
37,100,46800000000,1.000000,78416163215434,26253939749149,10110000896953,2381230616,732,15
37,105,46800000000,1.000000,78643052728204,26027050236379,10110000896953,2381230616,732,15
37,110,46800000000,1.000000,78851214802444,25818888162139,10110000896953,2381230616,732,15
37,115,46800000000,1.000000,79049977917514,25620125047069,10110000896953,2381230616,732,15
37,120,46800000000,1.000000,79268733634186,25401369330397,10110000896953,2381230616,732,15
37,125,46800000000,1.000000,79488569199886,25181533764697,10110000896953,2381230616,732,15
37,130,46800000000,1.000000,79702867471900,24967235492683,10110000896953,2381230616,732,15
37,135,46800000000,1.000000,79918637140966,24751465823617,10110000896953,2381230616,732,15
37,140,46800000000,1.000000,80116597202260,24553505762323,10110000896953,2381230616,732,15
37,145,46800000000,1.000000,80305618946968,24364484017615,10110000896953,2381230616,732,15
37,150,46800000000,1.000000,80513653456840,24156449507743,10110000896953,2381230616,732,15
37,155,46800000000,1.000000,80722714892404,23947388072179,10110000896953,2381230616,732,15
37,160,46800000000,1.000000,80926510416766,23743592547817,10110000896953,2381230616,732,15
37,165,46800000000,1.000000,81131705225206,23538397739377,10110000896953,2381230616,732,15
37,170,46800000000,1.000000,81319963273762,23350139690821,10110000896953,2381230616,732,15
37,175,46800000000,1.000000,81499721072242,23170381892341,10110000896953,2381230616,732,15
37,180,46800000000,1.000000,81697559821204,22972543143379,10110000896953,2381230616,732,15
37,185,46800000000,1.000000,81896375166346,22773727798237,10110000896953,2381230616,732,15
37,190,46800000000,1.000000,82090182682102,22579920282481,10110000896953,2381230616,732,15
37,195,46800000000,1.000000,82285320903142,22384782061441,10110000896953,2381230616,732,15
38,0,60000000000,1.000000,111075505100573,3045395809758,10094016089669,3153725266,0,0
38,5,48000000000,0.364118,110543650114383,9794550595352,10104890005055,3121661564,50,2
38,10,36000000000,0.446142,100554248661521,30364622265154,10113737368042,2468565026,350,7
38,15,38700000000,0.653083,89640375806450,37446711282094,10118746823701,1983878616,656,14
38,20,41400000000,0.839998,84620102347621,35088437883309,10120583942991,1974508504,665,14
38,25,44100000000,0.937914,84466403525023,31589169721556,10120583942991,1974508504,665,14
38,30,46800000000,1.000000,84732638258153,28855710327172,10120583942991,1974508504,665,14
38,35,46800000000,1.000000,85077152687499,26042889287646,10120583942991,1974508504,665,14
38,40,46800000000,1.000000,85334757415920,25739581619805,10120583942991,1974508504,665,14
38,45,46800000000,1.000000,85563015065047,25511323970678,10120583942991,1974508504,665,14
38,50,46800000000,1.000000,85752034346947,25322304688778,10120583942991,1974508504,665,14
38,55,46800000000,1.000000,85952422940154,25121916095571,10120583942991,1974508504,665,14
38,60,46800000000,1.000000,86190245135052,24884093900673,10120583942991,1974508504,665,14
38,65,46800000000,1.000000,86415840055056,24658498980669,10120583942991,1974508504,665,14
38,70,46800000000,1.000000,86604378667182,24469960368543,10120583942991,1974508504,665,14
38,75,46800000000,1.000000,86811913897278,24262425138447,10120583942991,1974508504,665,14
38,80,46800000000,1.000000,86990936227224,24083402808501,10120583942991,1974508504,665,14
38,85,46800000000,1.000000,87183646773210,23890692262515,10120583942991,1974508504,665,14
38,90,46800000000,1.000000,87409813314240,23664525721485,10120583942991,1974508504,665,14
38,95,46800000000,1.000000,87624351838512,23449987197213,10120583942991,1974508504,665,14
38,100,46800000000,1.000000,87803650182714,23270688853011,10120583942991,1974508504,665,14
38,105,46800000000,1.000000,88001014121640,23073324914085,10120583942991,1974508504,665,14
38,110,46800000000,1.000000,88171262576046,22903076459679,10120583942991,1974508504,665,14
38,115,46800000000,1.000000,88354528387692,22719810648033,10120583942991,1974508504,665,14
38,120,46800000000,1.000000,88569610517910,22504728517815,10120583942991,1974508504,665,14
38,125,46800000000,1.000000,88773634519722,22300704516003,10120583942991,1974508504,665,14
38,130,46800000000,1.000000,88944145460856,22130193574869,10120583942991,1974508504,665,14
38,135,46800000000,1.000000,89131836602952,21942502432773,10120583942991,1974508504,665,14
38,140,46800000000,1.000000,89293741189116,21780597846609,10120583942991,1974508504,665,14
38,145,46800000000,1.000000,89468025152634,21606313883091,10120583942991,1974508504,665,14
38,150,46800000000,1.000000,89672566118238,21401772917487,10120583942991,1974508504,665,14
38,155,46800000000,1.000000,89866590913962,21207748121763,10120583942991,1974508504,665,14
38,160,46800000000,1.000000,90028745122452,21045593913273,10120583942991,1974508504,665,14
38,165,46800000000,1.000000,90207237531006,20867101504719,10120583942991,1974508504,665,14
38,170,46800000000,1.000000,90361207181322,20713131854403,10120583942991,1974508504,665,14
38,175,46800000000,1.000000,90526949496516,20547389539209,10120583942991,1974508504,665,14
38,180,46800000000,1.000000,90721465919700,20352873116025,10120583942991,1974508504,665,14
38,185,46800000000,1.000000,90905981569860,20168357465865,10120583942991,1974508504,665,14
38,190,46800000000,1.000000,91060188608622,20014150427103,10120583942991,1974508504,665,14
38,195,46800000000,1.000000,91229933113206,19844405922519,10120583942991,1974508504,665,14
39,0,60000000000,1.000000,103741064980691,2954464684445,10085151334864,3021185514,0,0
39,5,48000000000,0.582428,101761630361784,8452134951313,10096293954658,2838805469,53,1
39,10,36000000000,0.381019,95942113467827,28178516664289,10102004064287,2509811413,368,3
39,15,38700000000,0.634378,84427926373417,35071789780145,10103991852131,2147742198,639,4
39,20,41400000000,0.798802,79690464085284,33776183836672,10109721271391,2118511979,658,4
39,25,44100000000,0.927883,77870931100822,31038436557649,10109721271391,2118511979,658,4
39,30,46800000000,0.974017,78100226099534,29332890159780,10109721271391,2118511979,658,4
39,35,46800000000,1.000000,78415198313161,26712987601722,10109721271391,2118511979,658,4
39,40,46800000000,1.000000,78696024275809,26370181288494,10109721271391,2118511979,658,4
39,45,46800000000,1.000000,78940030213163,26126175351140,10109721271391,2118511979,658,4
39,50,46800000000,1.000000,79145790389711,25920415174592,10109721271391,2118511979,658,4
39,55,46800000000,1.000000,79330550628597,25735654935706,10109721271391,2118511979,658,4
39,60,46800000000,1.000000,79553601882645,25512603681658,10109721271391,2118511979,658,4
39,65,46800000000,1.000000,79775367451413,25290838112890,10109721271391,2118511979,658,4
39,70,46800000000,1.000000,80004095522589,25062110041714,10109721271391,2118511979,658,4
39,75,46800000000,1.000000,80217373875711,24848831688592,10109721271391,2118511979,658,4
39,80,46800000000,1.000000,80413080745029,24653124819274,10109721271391,2118511979,658,4
39,85,46800000000,1.000000,80591853771519,24474351792784,10109721271391,2118511979,658,4
39,90,46800000000,1.000000,80803973294643,24262232269660,10109721271391,2118511979,658,4
39,95,46800000000,1.000000,81014870143845,24051335420458,10109721271391,2118511979,658,4
39,100,46800000000,1.000000,81232388263617,23833817300686,10109721271391,2118511979,658,4
39,105,46800000000,1.000000,81435213855291,23630991709012,10109721271391,2118511979,658,4
39,110,46800000000,1.000000,81621329140731,23444876423572,10109721271391,2118511979,658,4
39,115,46800000000,1.000000,81791340510195,23274865054108,10109721271391,2118511979,658,4
39,120,46800000000,1.000000,81993064066155,23073141498148,10109721271391,2118511979,658,4
39,125,46800000000,1.000000,82193624871273,22872580693030,10109721271391,2118511979,658,4
39,130,46800000000,1.000000,82400482438785,22665723125518,10109721271391,2118511979,658,4
39,135,46800000000,1.000000,82593367558401,22472838005902,10109721271391,2118511979,658,4
39,140,46800000000,1.000000,82770361343001,22295844221302,10109721271391,2118511979,658,4
39,145,46800000000,1.000000,82932040463613,22134165100690,10109721271391,2118511979,658,4
39,150,46800000000,1.000000,83123877558057,21942328006246,10109721271391,2118511979,658,4
39,155,46800000000,1.000000,83314608888231,21751596676072,10109721271391,2118511979,658,4
39,160,46800000000,1.000000,83511328376793,21554877187510,10109721271391,2118511979,658,4
39,165,46800000000,1.000000,83694760206249,21371445358054,10109721271391,2118511979,658,4
39,170,46800000000,1.000000,83863079534175,21203126030128,10109721271391,2118511979,658,4
39,175,46800000000,1.000000,84016834769229,21049370795074,10109721271391,2118511979,658,4
39,180,46800000000,1.000000,84199269937305,20866935626998,10109721271391,2118511979,658,4
39,185,46800000000,1.000000,84380653534533,20685552029770,10109721271391,2118511979,658,4
39,190,46800000000,1.000000,84567731810805,20498473753498,10109721271391,2118511979,658,4
39,195,46800000000,1.000000,84742173655533,20324031908770,10109721271391,2118511979,658,4
40,0,60000000000,1.000000,102251451524933,3067410584529,10096084890538,3674935170,0,0
40,5,48000000000,0.609612,99147484312302,10105621877195,10106957173945,3317809224,61,4
40,10,36000000000,0.475412,91132735364600,29810000276203,10110188196634,2751854692,389,8
40,15,38700000000,0.622194,79127181169464,42070413087719,10111799217980,2117071850,677,12
40,20,41400000000,0.725750,76215786600127,40078297755974,10112329044594,2114293439,695,13
40,25,44100000000,0.823343,75740129207551,35905433723007,10112329044594,2114293439,695,13
40,30,46800000000,0.915926,76019781481367,31970745471866,10112329044594,2114293439,695,13
40,35,46800000000,1.000000,76397042323131,28242672141005,10112329044594,2114293439,695,13
40,40,46800000000,1.000000,76712925599822,27856636155354,10112329044594,2114293439,695,13
40,45,46800000000,1.000000,76933214356775,27636347398401,10112329044594,2114293439,695,13
40,50,46800000000,1.000000,77176780905605,27392780849571,10112329044594,2114293439,695,13
40,55,46800000000,1.000000,77355372012842,27214189742334,10112329044594,2114293439,695,13
40,60,46800000000,1.000000,77617603517300,26951958237876,10112329044594,2114293439,695,13
40,65,46800000000,1.000000,77851925669408,26717636085768,10112329044594,2114293439,695,13
40,70,46800000000,1.000000,78085793976416,26483767778760,10112329044594,2114293439,695,13
40,75,46800000000,1.000000,78286121193284,26283440561892,10112329044594,2114293439,695,13
40,80,46800000000,1.000000,78516923509406,26052638245770,10112329044594,2114293439,695,13
40,85,46800000000,1.000000,78689138073440,25880423681736,10112329044594,2114293439,695,13
40,90,46800000000,1.000000,78938517624944,25631044130232,10112329044594,2114293439,695,13
40,95,46800000000,1.000000,79161355660016,25408206095160,10112329044594,2114293439,695,13
40,100,46800000000,1.000000,79383762092780,25185799662396,10112329044594,2114293439,695,13
40,105,46800000000,1.000000,79574271282668,24995290472508,10112329044594,2114293439,695,13
40,110,46800000000,1.000000,79793761988852,24775799766324,10112329044594,2114293439,695,13
40,115,46800000000,1.000000,79957536325802,24612025429374,10112329044594,2114293439,695,13
40,120,46800000000,1.000000,80194693798046,24374867957130,10112329044594,2114293439,695,13
40,125,46800000000,1.000000,80406610552100,24162951203076,10112329044594,2114293439,695,13
40,130,46800000000,1.000000,80618116856918,23951444898258,10112329044594,2114293439,695,13
40,135,46800000000,1.000000,80799289201010,23770272554166,10112329044594,2114293439,695,13
40,140,46800000000,1.000000,81008022678596,23561539076580,10112329044594,2114293439,695,13
40,145,46800000000,1.000000,81163770443402,23405791311774,10112329044594,2114293439,695,13
40,150,46800000000,1.000000,81389304839672,23180256915504,10112329044594,2114293439,695,13
40,155,46800000000,1.000000,81590835564236,22978726190940,10112329044594,2114293439,695,13
40,160,46800000000,1.000000,81791975955386,22777585799790,10112329044594,2114293439,695,13
40,165,46800000000,1.000000,81964269051908,22605292703268,10112329044594,2114293439,695,13
40,170,46800000000,1.000000,82162772512268,22406789242908,10112329044594,2114293439,695,13
40,175,46800000000,1.000000,82310887086908,22258674668268,10112329044594,2114293439,695,13
40,180,46800000000,1.000000,82525368053678,22044193701498,10112329044594,2114293439,695,13
40,185,46800000000,1.000000,82717021767506,21852539987670,10112329044594,2114293439,695,13
40,190,46800000000,1.000000,82908304278194,21661257476982,10112329044594,2114293439,695,13
40,195,46800000000,1.000000,83072153298620,21497408456556,10112329044594,2114293439,695,13
41,0,60000000000,1.000000,94892963269836,2986527408404,10083064321760,2746719586,0,0
41,5,48000000000,0.536023,94370399120273,6527797093281,10093107592351,2704904664,46,2
41,10,36000000000,0.498570,85433213803853,24937538859354,10096232213147,2082930162,376,8
41,15,38700000000,0.703049,75519488697770,31784044115839,10097318042085,1611900927,674,12
41,20,41400000000,0.800189,73176951208395,30852787694248,10097538623132,1610748850,686,14
41,25,44100000000,0.927253,72761065492660,27073453368116,10097538623132,1610748850,686,14
41,30,46800000000,1.000000,73018409823749,23851915496592,10097538623132,1610748850,686,14
41,35,46800000000,1.000000,73243638718157,21792440545944,10097538623132,1610748850,686,14
41,40,46800000000,1.000000,73500839247921,21507062639060,10097538623132,1610748850,686,14
41,45,46800000000,1.000000,73695693728363,21312208158618,10097538623132,1610748850,686,14
41,50,46800000000,1.000000,73886681099627,21121220787354,10097538623132,1610748850,686,14
41,55,46800000000,1.000000,74033815391236,20974086495745,10097538623132,1610748850,686,14
41,60,46800000000,1.000000,74193562898902,20814338988079,10097538623132,1610748850,686,14
41,65,46800000000,1.000000,74375414961952,20632486925029,10097538623132,1610748850,686,14
41,70,46800000000,1.000000,74560806390064,20447095496917,10097538623132,1610748850,686,14
41,75,46800000000,1.000000,74740324837306,20267577049675,10097538623132,1610748850,686,14
41,80,46800000000,1.000000,74919888607678,20088013279303,10097538623132,1610748850,686,14
41,85,46800000000,1.000000,75061754302804,19946147584177,10097538623132,1610748850,686,14
41,90,46800000000,1.000000,75213672593002,19794229293979,10097538623132,1610748850,686,14
41,95,46800000000,1.000000,75386612095600,19621289791381,10097538623132,1610748850,686,14
41,100,46800000000,1.000000,75562917499048,19444984387933,10097538623132,1610748850,686,14
41,105,46800000000,1.000000,75733637756188,19274264130793,10097538623132,1610748850,686,14
41,110,46800000000,1.000000,75904401115186,19103500771795,10097538623132,1610748850,686,14
41,115,46800000000,1.000000,76039313979682,18968587907299,10097538623132,1610748850,686,14
41,120,46800000000,1.000000,76183786762096,18824115124885,10097538623132,1610748850,686,14
41,125,46800000000,1.000000,76348250508280,18659651378701,10097538623132,1610748850,686,14
41,130,46800000000,1.000000,76515915192700,18491986694281,10097538623132,1610748850,686,14
41,135,46800000000,1.000000,76678268458564,18329633428417,10097538623132,1610748850,686,14
41,140,46800000000,1.000000,76840662713896,18167239173085,10097538623132,1610748850,686,14
41,145,46800000000,1.000000,76968963505750,18038938381231,10097538623132,1610748850,686,14
41,150,46800000000,1.000000,77106355684300,17901546202681,10097538623132,1610748850,686,14
41,155,46800000000,1.000000,77262759070462,17745142816519,10097538623132,1610748850,686,14
41,160,46800000000,1.000000,77422206517084,17585695369897,10097538623132,1610748850,686,14
41,165,46800000000,1.000000,77576602857418,17431299029563,10097538623132,1610748850,686,14
41,170,46800000000,1.000000,77731038178288,17276863708693,10097538623132,1610748850,686,14
41,175,46800000000,1.000000,77853050954680,17154850932301,10097538623132,1610748850,686,14
41,180,46800000000,1.000000,77983709549458,17024192337523,10097538623132,1610748850,686,14
41,185,46800000000,1.000000,78132447613522,16875454273459,10097538623132,1610748850,686,14
41,190,46800000000,1.000000,78284080548766,16723821338215,10097538623132,1610748850,686,14
41,195,46800000000,1.000000,78430909932256,16576991954725,10097538623132,1610748850,686,14
42,0,60000000000,1.000000,108347160172236,3057462471045,10106705356719,3740884308,0,0
42,5,48000000000,0.330654,107483456392737,11828147553433,10116852674670,3673159447,60,0
42,10,36000000000,0.397163,98188604161804,33218190127227,10129701334148,3051068573,386,5
42,15,38700000000,0.533799,88105587348161,43599310491007,10132493965084,2521434002,681,6
42,20,41400000000,0.758393,79104587749318,42555944047251,10132593164787,2520928397,687,6
42,25,44100000000,0.883615,78297836431107,37438134181589,10132593164787,2520928397,687,6
42,30,46800000000,0.972026,78604494002249,33717455159504,10132593164787,2520928397,687,6
42,35,46800000000,1.000000,78938870226322,31880060519344,10132593164787,2520928397,687,6
42,40,46800000000,1.000000,79241628893562,31392593593904,10132593164787,2520928397,687,6
42,45,46800000000,1.000000,79545178589339,31089043898127,10132593164787,2520928397,687,6
42,50,46800000000,1.000000,79762872687005,30871349800461,10132593164787,2520928397,687,6
42,55,46800000000,1.000000,80030010474786,30604212012680,10132593164787,2520928397,687,6
42,60,46800000000,1.000000,80315544216594,30318678270872,10132593164787,2520928397,687,6
42,65,46800000000,1.000000,80561595913512,30072626573954,10132593164787,2520928397,687,6
42,70,46800000000,1.000000,80790163832034,29844058655432,10132593164787,2520928397,687,6
42,75,46800000000,1.000000,81065566496418,29568655991048,10132593164787,2520928397,687,6
42,80,46800000000,1.000000,81272435551410,29361786936056,10132593164787,2520928397,687,6
42,85,46800000000,1.000000,81529921357242,29104301130224,10132593164787,2520928397,687,6
42,90,46800000000,1.000000,81801461104584,28832761382882,10132593164787,2520928397,687,6
42,95,46800000000,1.000000,82035453820014,28598768667452,10132593164787,2520928397,687,6
42,100,46800000000,1.000000,82252819636338,28381402851128,10132593164787,2520928397,687,6
42,105,46800000000,1.000000,82514724829794,28119497657672,10132593164787,2520928397,687,6
42,110,46800000000,1.000000,82711455242670,27922767244796,10132593164787,2520928397,687,6
42,115,46800000000,1.000000,82956321682056,27677900805410,10132593164787,2520928397,687,6
42,120,46800000000,1.000000,83214553279950,27419669207516,10132593164787,2520928397,687,6
42,125,46800000000,1.000000,83437078024152,27197144463314,10132593164787,2520928397,687,6
42,130,46800000000,1.000000,83643790752486,26990431734980,10132593164787,2520928397,687,6
42,135,46800000000,1.000000,83892859985826,26741362501640,10132593164787,2520928397,687,6
42,140,46800000000,1.000000,84079948651140,26554273836326,10132593164787,2520928397,687,6
42,145,46800000000,1.000000,84312814198500,26321408288966,10132593164787,2520928397,687,6
42,150,46800000000,1.000000,84558389878674,26075832608792,10132593164787,2520928397,687,6
42,155,46800000000,1.000000,84770008696266,25864213791200,10132593164787,2520928397,687,6
42,160,46800000000,1.000000,84966590444172,25667632043294,10132593164787,2520928397,687,6
42,165,46800000000,1.000000,85203452806578,25430769680888,10132593164787,2520928397,687,6
42,170,46800000000,1.000000,85381372265592,25252850221874,10132593164787,2520928397,687,6
42,175,46800000000,1.000000,85602825084084,25031397403382,10132593164787,2520928397,687,6
42,180,46800000000,1.000000,85836365112396,24797857375070,10132593164787,2520928397,687,6
42,185,46800000000,1.000000,86037612502260,24596609985206,10132593164787,2520928397,687,6
42,190,46800000000,1.000000,86224559788620,24409662698846,10132593164787,2520928397,687,6
42,195,46800000000,1.000000,86449813538502,24184408948964,10132593164787,2520928397,687,6
43,0,60000000000,1.000000,105889437080063,2997742859496,10097183060441,3877667524,0,0
43,5,48000000000,0.473817,104391491711391,9457595820919,10111700282745,3764309207,65,2
43,10,36000000000,0.315652,97988293892517,34460860146043,10118444936170,3368837937,380,8
43,15,38700000000,0.424005,89886353045210,44756406205609,10121082541534,2993540717,648,12
43,20,41400000000,0.838332,72511602708834,43358652782250,10123832134807,2979511628,666,12
43,25,44100000000,0.929008,71273315067162,40459525406352,10123832134807,2979511628,666,12
43,30,46800000000,1.000000,71653224548295,35617719491702,10123832134807,2979511628,666,12
43,35,46800000000,1.000000,71947726354878,35412612007701,10123832134807,2979511628,666,12
43,40,46800000000,1.000000,72329214294413,34870741853086,10123832134807,2979511628,666,12
43,45,46800000000,1.000000,72651203535935,34548752611564,10123832134807,2979511628,666,12
43,50,46800000000,1.000000,72951326216357,34248629931142,10123832134807,2979511628,666,12
43,55,46800000000,1.000000,73186448279759,34013507867740,10123832134807,2979511628,666,12
43,60,46800000000,1.000000,73466519860205,33733436287294,10123832134807,2979511628,666,12
43,65,46800000000,1.000000,73750806191735,33449149955764,10123832134807,2979511628,666,12
43,70,46800000000,1.000000,74048704140017,33151252007482,10123832134807,2979511628,666,12
43,75,46800000000,1.000000,74342947674881,32857008472618,10123832134807,2979511628,666,12
43,80,46800000000,1.000000,74628285250439,32571670897060,10123832134807,2979511628,666,12
43,85,46800000000,1.000000,74853448581521,32346507565978,10123832134807,2979511628,666,12
43,90,46800000000,1.000000,75119793867857,32080162279642,10123832134807,2979511628,666,12
43,95,46800000000,1.000000,75390147340511,31809808806988,10123832134807,2979511628,666,12
43,100,46800000000,1.000000,75673445325257,31526510822242,10123832134807,2979511628,666,12
43,105,46800000000,1.000000,75953267999141,31246688148358,10123832134807,2979511628,666,12
43,110,46800000000,1.000000,76224621194273,30975334953226,10123832134807,2979511628,666,12
43,115,46800000000,1.000000,76438749281705,30761206865794,10123832134807,2979511628,666,12
43,120,46800000000,1.000000,76692040998737,30507915148762,10123832134807,2979511628,666,12
43,125,46800000000,1.000000,76949144461355,30250811686144,10123832134807,2979511628,666,12
43,130,46800000000,1.000000,77218558025945,29981398121554,10123832134807,2979511628,666,12
43,135,46800000000,1.000000,77484666604529,29715289542970,10123832134807,2979511628,666,12
43,140,46800000000,1.000000,77742720793157,29457235354342,10123832134807,2979511628,666,12
43,145,46800000000,1.000000,77946354473711,29253601673788,10123832134807,2979511628,666,12
43,150,46800000000,1.000000,78187232376359,29012723771140,10123832134807,2979511628,666,12
43,155,46800000000,1.000000,78431735210939,28768220936560,10123832134807,2979511628,666,12
43,160,46800000000,1.000000,78687944830211,28512011317288,10123832134807,2979511628,666,12
43,165,46800000000,1.000000,78941011440701,28258944706798,10123832134807,2979511628,666,12
43,170,46800000000,1.000000,79186418406371,28013537741128,10123832134807,2979511628,666,12
43,175,46800000000,1.000000,79380072010403,27819884137096,10123832134807,2979511628,666,12
43,180,46800000000,1.000000,79609144499129,27590811648370,10123832134807,2979511628,666,12
43,185,46800000000,1.000000,79841664262109,27358291885390,10123832134807,2979511628,666,12
43,190,46800000000,1.000000,80085317060687,27114639086812,10123832134807,2979511628,666,12
43,195,46800000000,1.000000,80325980889101,26873975258398,10123832134807,2979511628,666,12
44,0,60000000000,1.000000,101804346249292,2996064040618,10089323710090,2906086432,0,0
44,5,48000000000,0.396125,101207359273912,9046602981393,10098790792409,2855862467,55,2
44,10,36000000000,0.628942,89894478208862,23671515012522,10107247090253,2017257211,337,6
44,15,38700000000,0.609442,83712828265061,34568259744492,10109554392696,1737901009,618,8
44,20,41400000000,0.733804,81012067315461,32385410540658,10113115414461,1719751051,630,8
44,25,44100000000,0.820612,80665708847112,29381627700188,10113115414461,1719751051,630,8
44,30,46800000000,0.944985,80960848216718,25202274806600,10113115414461,1719751051,630,8
44,35,46800000000,1.000000,81217644852215,23135039243170,10113115414461,1719751051,630,8
44,40,46800000000,1.000000,81468424984406,22780293550339,10113115414461,1719751051,630,8
44,45,46800000000,1.000000,81654435426996,22594283107749,10113115414461,1719751051,630,8
44,50,46800000000,1.000000,81850440055686,22398278479059,10113115414461,1719751051,630,8
44,55,46800000000,1.000000,82035133946490,22213584588255,10113115414461,1719751051,630,8
44,60,46800000000,1.000000,82225363758810,22023354775935,10113115414461,1719751051,630,8
44,65,46800000000,1.000000,82411489196988,21837229337757,10113115414461,1719751051,630,8
44,70,46800000000,1.000000,82593317878860,21655400655885,10113115414461,1719751051,630,8
44,75,46800000000,1.000000,82761250153944,21487468380801,10113115414461,1719751051,630,8
44,80,46800000000,1.000000,82947527242686,21301191292059,10113115414461,1719751051,630,8
44,85,46800000000,1.000000,83123820597156,21124897937589,10113115414461,1719751051,630,8
44,90,46800000000,1.000000,83304727255896,20943991278849,10113115414461,1719751051,630,8
44,95,46800000000,1.000000,83481730695534,20766987839211,10113115414461,1719751051,630,8
44,100,46800000000,1.000000,83654647962702,20594070572043,10113115414461,1719751051,630,8
44,105,46800000000,1.000000,83814349885368,20434368649377,10113115414461,1719751051,630,8
44,110,46800000000,1.000000,83991497543160,20257220991585,10113115414461,1719751051,630,8
44,115,46800000000,1.000000,84159150769176,20089567765569,10113115414461,1719751051,630,8
44,120,46800000000,1.000000,84331191201552,19917527333193,10113115414461,1719751051,630,8
44,125,46800000000,1.000000,84499519711530,19749198823215,10113115414461,1719751051,630,8
44,130,46800000000,1.000000,84663962312052,19584756222693,10113115414461,1719751051,630,8
44,135,46800000000,1.000000,84815837251416,19432881283329,10113115414461,1719751051,630,8
44,140,46800000000,1.000000,84984302911314,19264415623431,10113115414461,1719751051,630,8
44,145,46800000000,1.000000,85143739461030,19104979073715,10113115414461,1719751051,630,8
44,150,46800000000,1.000000,85307348200434,18941370334311,10113115414461,1719751051,630,8
44,155,46800000000,1.000000,85467426938484,18781291596261,10113115414461,1719751051,630,8
44,160,46800000000,1.000000,85623810215298,18624908319447,10113115414461,1719751051,630,8
44,165,46800000000,1.000000,85768241771466,18480476763279,10113115414461,1719751051,630,8
44,170,46800000000,1.000000,85928450937840,18320267596905,10113115414461,1719751051,630,8
44,175,46800000000,1.000000,86080073510280,18168645024465,10113115414461,1719751051,630,8
44,180,46800000000,1.000000,86235663793488,18013054741257,10113115414461,1719751051,630,8
44,185,46800000000,1.000000,86387897080614,17860821454131,10113115414461,1719751051,630,8
44,190,46800000000,1.000000,86536616020842,17712102513903,10113115414461,1719751051,630,8
44,195,46800000000,1.000000,86673968993724,17574749541021,10113115414461,1719751051,630,8
45,0,60000000000,1.000000,100646333360576,2906084452222,10084468187202,2796606522,0,0
45,5,48000000000,0.485651,99264294093343,8792767444969,10102375982294,2704914317,44,2
45,10,36000000000,0.549430,90803916426949,23159184551142,10108612233202,2139478210,329,6
45,15,38700000000,0.614845,82984524848476,33408442892130,10111363331938,1758033333,585,7
45,20,41400000000,0.803666,78564440007571,31057997929139,10112185230646,1753826084,596,7
45,25,44100000000,0.891761,78032668156434,28586163339468,10112185230646,1753826084,596,7
45,30,46800000000,1.000000,78331106119932,24859433284224,10112185230646,1753826084,596,7
45,35,46800000000,1.000000,78573870922985,23186561884711,10112185230646,1753826084,596,7
45,40,46800000000,1.000000,78806789535488,22819883940028,10112185230646,1753826084,596,7
45,45,46800000000,1.000000,79015284362991,22611389112525,10112185230646,1753826084,596,7
45,50,46800000000,1.000000,79208200723479,22418472752037,10112185230646,1753826084,596,7
45,55,46800000000,1.000000,79391263410170,22235410065346,10112185230646,1753826084,596,7
45,60,46800000000,1.000000,79583753515424,22042919960092,10112185230646,1753826084,596,7
45,65,46800000000,1.000000,79764009197738,21862664277778,10112185230646,1753826084,596,7
45,70,46800000000,1.000000,79939633305344,21687040170172,10112185230646,1753826084,596,7
45,75,46800000000,1.000000,80120572343678,21506101131838,10112185230646,1753826084,596,7
45,80,46800000000,1.000000,80303782490894,21322890984622,10112185230646,1753826084,596,7
45,85,46800000000,1.000000,80481019726418,21145653749098,10112185230646,1753826084,596,7
45,90,46800000000,1.000000,80664075901118,20962597574398,10112185230646,1753826084,596,7
45,95,46800000000,1.000000,80835497261348,20791176214168,10112185230646,1753826084,596,7
45,100,46800000000,1.000000,81002514040274,20624159435242,10112185230646,1753826084,596,7
45,105,46800000000,1.000000,81174585265388,20452088210128,10112185230646,1753826084,596,7
45,110,46800000000,1.000000,81348816292448,20277857183068,10112185230646,1753826084,596,7
45,115,46800000000,1.000000,81517367139884,20109306335632,10112185230646,1753826084,596,7
45,120,46800000000,1.000000,81691451740640,19935221734876,10112185230646,1753826084,596,7
45,125,46800000000,1.000000,81854471748644,19772201726872,10112185230646,1753826084,596,7
45,130,46800000000,1.000000,82013303043608,19613370431908,10112185230646,1753826084,596,7
45,135,46800000000,1.000000,82176941066534,19449732408982,10112185230646,1753826084,596,7
45,140,46800000000,1.000000,82342633039598,19284040435918,10112185230646,1753826084,596,7
45,145,46800000000,1.000000,82502923218248,19123750257268,10112185230646,1753826084,596,7
45,150,46800000000,1.000000,82668475941470,18958197534046,10112185230646,1753826084,596,7
45,155,46800000000,1.000000,82823506347056,18803167128460,10112185230646,1753826084,596,7
45,160,46800000000,1.000000,82974553328072,18652120147444,10112185230646,1753826084,596,7
45,165,46800000000,1.000000,83130171459566,18496502015950,10112185230646,1753826084,596,7
45,170,46800000000,1.000000,83287742877338,18338930598178,10112185230646,1753826084,596,7
45,175,46800000000,1.000000,83440177242410,18186496233106,10112185230646,1753826084,596,7
45,180,46800000000,1.000000,83597616234842,18029057240674,10112185230646,1753826084,596,7
45,185,46800000000,1.000000,83745048607946,17881624867570,10112185230646,1753826084,596,7
45,190,46800000000,1.000000,83888692784018,17737980691498,10112185230646,1753826084,596,7
45,195,46800000000,1.000000,84036684078758,17589989396758,10112185230646,1753826084,596,7
46,0,60000000000,1.000000,104619300048755,3151982929742,10105129021503,4433011250,0,0
46,5,48000000000,1.000000,96680794708271,8689665020053,10171193107442,4067640302,54,1
46,10,36000000000,0.461280,89141588120202,40159178131635,10210185038643,3571833273,367,5
46,15,38700000000,0.584875,79183589603212,48695573559827,10212011571495,2544531768,627,6
46,20,41400000000,0.646629,76336523008259,48447039917860,10212612517188,2540975325,643,6
46,25,44100000000,0.771097,75626814103576,41547283937926,10212612517188,2540975325,643,6
46,30,46800000000,0.822417,75833475182893,38703402138947,10212612517188,2540975325,643,6
46,35,46800000000,0.935039,76247296874638,33599127387194,10212612517188,2540975325,643,6
46,40,46800000000,0.937234,76602645625576,33141316722072,10212612517188,2540975325,643,6
46,45,46800000000,0.937234,76900445013985,32823573732975,10212612517188,2540975325,643,6
46,50,46800000000,0.937234,77175671301502,32529915563463,10212612517188,2540975325,643,6
46,55,46800000000,0.937234,77329006033378,32366312016824,10212612517188,2540975325,643,6
46,60,46800000000,0.937234,77610105349788,32066387502128,10212612517188,2540975325,643,6
46,65,46800000000,0.937234,77880644341428,31777730536304,10212612517188,2540975325,643,6
46,70,46800000000,0.937234,78132469049648,31509041147912,10212612517188,2540975325,643,6
46,75,46800000000,0.937234,78406652392003,31216495769522,10212612517188,2540975325,643,6
46,80,46800000000,0.937234,78668404883527,30937213735028,10212612517188,2540975325,643,6
46,85,46800000000,0.937234,78815712722753,30780040701554,10212612517188,2540975325,643,6
46,90,46800000000,0.937234,79083035375816,30494815472258,10212612517188,2540975325,643,6
46,95,46800000000,0.937234,79340315264926,30220305569984,10212612517188,2540975325,643,6
46,100,46800000000,0.937234,79579798056749,29964784635128,10212612517188,2540975325,643,6
46,105,46800000000,0.937234,79840543687121,29686576891202,10212612517188,2540975325,643,6
46,110,46800000000,0.937234,80089467702082,29420982455288,10212612517188,2540975325,643,6
46,115,46800000000,0.937234,80229555991446,29271512464334,10212612517188,2540975325,643,6
46,120,46800000000,0.937234,80483777174612,29000266109306,10212612517188,2540975325,643,6
46,125,46800000000,0.937234,80728447789277,28739209923578,10212612517188,2540975325,643,6
46,130,46800000000,0.937234,80956193541457,28496212056962,10212612517188,2540975325,643,6
46,135,46800000000,0.937234,81204160041571,28231639260608,10212612517188,2540975325,643,6
46,140,46800000000,0.937234,81440884302950,27979061594786,10212612517188,2540975325,643,6
46,145,46800000000,0.937234,81574106872430,27836917120424,10212612517188,2540975325,643,6
46,150,46800000000,0.937234,81815868687880,27578964535916,10212612517188,2540975325,643,6
46,155,46800000000,0.937234,82048548007958,27330702700784,10212612517188,2540975325,643,6
46,160,46800000000,0.937234,82265131952211,27099614147444,10212612517188,2540975325,643,6
46,165,46800000000,0.937234,82500945626504,26848008050678,10212612517188,2540975325,643,6
46,170,46800000000,0.937234,82726068043672,26607809203610,10212612517188,2540975325,643,6
46,175,46800000000,0.937234,82852761381480,26472631223036,10212612517188,2540975325,643,6
46,180,46800000000,0.937234,83082674462581,26227320881678,10212612517188,2540975325,643,6
46,185,46800000000,0.937234,83303950180765,25991226346736,10212612517188,2540975325,643,6
46,190,46800000000,0.937234,83509919356610,25771463431970,10212612517188,2540975325,643,6
46,195,46800000000,0.937234,83734175814496,25532188537442,10212612517188,2540975325,643,6
47,0,60000000000,1.000000,107937914289578,3198926839181,10106089871241,3681373136,0,0
47,5,48000000000,0.287926,107301822506219,13291432925956,10114159960732,3628276239,44,1
47,10,36000000000,0.433023,97450655386219,31549592734436,10130573013860,2974567316,370,4
47,15,38700000000,0.528145,88280505222339,43224998570477,10133338994134,2480578724,657,12
47,20,41400000000,0.813550,78198491560171,40451728063272,10134924847376,2469056856,674,13
47,25,44100000000,0.895357,77534595025698,37497241690314,10134924847376,2469056856,674,13
47,30,46800000000,1.000000,77900973483244,32787054205947,10134924847376,2469056856,674,13
47,35,46800000000,1.000000,78261947700750,31104625555413,10134924847376,2469056856,674,13
47,40,46800000000,1.000000,78525599217599,30724072520884,10134924847376,2469056856,674,13
47,45,46800000000,1.000000,78826273540461,30423398198022,10134924847376,2469056856,674,13
47,50,46800000000,1.000000,79063342657083,30186329081400,10134924847376,2469056856,674,13
47,55,46800000000,1.000000,79304638634801,29945033103682,10134924847376,2469056856,674,13
47,60,46800000000,1.000000,79586283871283,29663387867200,10134924847376,2469056856,674,13
47,65,46800000000,1.000000,79842710780903,29406960957580,10134924847376,2469056856,674,13
47,70,46800000000,1.000000,80050121557007,29199550181476,10134924847376,2469056856,674,13
47,75,46800000000,1.000000,80314580445737,28935091292746,10134924847376,2469056856,674,13
47,80,46800000000,1.000000,80534587507331,28715084231152,10134924847376,2469056856,674,13
47,85,46800000000,1.000000,80772243191951,28477428546532,10134924847376,2469056856,674,13
47,90,46800000000,1.000000,81040085009369,28209586729114,10134924847376,2469056856,674,13
47,95,46800000000,1.000000,81283944448835,27965727289648,10134924847376,2469056856,674,13
47,100,46800000000,1.000000,81481190033111,27768481705372,10134924847376,2469056856,674,13
47,105,46800000000,1.000000,81732687804941,27516983933542,10134924847376,2469056856,674,13
47,110,46800000000,1.000000,81941912331425,27307759407058,10134924847376,2469056856,674,13
47,115,46800000000,1.000000,82167920522939,27081751215544,10134924847376,2469056856,674,13
47,120,46800000000,1.000000,82422635426333,26827036312150,10134924847376,2469056856,674,13
47,125,46800000000,1.000000,82654543326887,26595128411596,10134924847376,2469056856,674,13
47,130,46800000000,1.000000,82842121915025,26407549823458,10134924847376,2469056856,674,13
47,135,46800000000,1.000000,83081293793591,26168377944892,10134924847376,2469056856,674,13
47,140,46800000000,1.000000,83280264236573,25969407501910,10134924847376,2469056856,674,13
47,145,46800000000,1.000000,83495195777789,25754475960694,10134924847376,2469056856,674,13
47,150,46800000000,1.000000,83737427116409,25512244622074,10134924847376,2469056856,674,13
47,155,46800000000,1.000000,83957969222381,25291702516102,10134924847376,2469056856,674,13
47,160,46800000000,1.000000,84136354593233,25113317145250,10134924847376,2469056856,674,13
47,165,46800000000,1.000000,84363804669989,24885867068494,10134924847376,2469056856,674,13
47,170,46800000000,1.000000,84553023581381,24696648157102,10134924847376,2469056856,674,13
47,175,46800000000,1.000000,84757421338625,24492250399858,10134924847376,2469056856,674,13
47,180,46800000000,1.000000,84987780931505,24261890806978,10134924847376,2469056856,674,13
47,185,46800000000,1.000000,85197514279733,24052157458750,10134924847376,2469056856,674,13
47,190,46800000000,1.000000,85367156992481,23882514746002,10134924847376,2469056856,674,13
47,195,46800000000,1.000000,85583459752361,23666211986122,10134924847376,2469056856,674,13
48,0,60000000000,1.000000,105894053883309,2974511911459,10085259205232,3207925190,0,0
48,5,48000000000,0.460741,104974691748295,8427352179668,10096303713333,3133691265,52,1
48,10,36000000000,0.297303,100527031272440,28004781847502,10100892551436,2856675635,338,3
48,15,38700000000,0.470139,91115647181199,37720844940002,10104125840749,2319487262,604,5
48,20,41400000000,0.809189,79711353886089,36007629972792,10105485399323,2312469081,615,6
48,25,44100000000,0.894913,78940890771294,33419397772058,10105485399323,2312469081,615,6
48,30,46800000000,1.000000,79255825763738,29548102508398,10105485399323,2312469081,615,6
48,35,46800000000,1.000000,79530396863889,28593667179135,10105485399323,2312469081,615,6
48,40,46800000000,1.000000,79838228111001,28196254111623,10105485399323,2312469081,615,6
48,45,46800000000,1.000000,80083066382187,27951415840437,10105485399323,2312469081,615,6
48,50,46800000000,1.000000,80327046902163,27707435320461,10105485399323,2312469081,615,6
48,55,46800000000,1.000000,80521810316979,27512671905645,10105485399323,2312469081,615,6
48,60,46800000000,1.000000,80742252349131,27292229873493,10105485399323,2312469081,615,6
48,65,46800000000,1.000000,80991678834243,27042803388381,10105485399323,2312469081,615,6
48,70,46800000000,1.000000,81228222185811,26806260036813,10105485399323,2312469081,615,6
48,75,46800000000,1.000000,81451759340127,26582722882497,10105485399323,2312469081,615,6
48,80,46800000000,1.000000,81683794432143,26350687790481,10105485399323,2312469081,615,6
48,85,46800000000,1.000000,81870204971979,26164277250645,10105485399323,2312469081,615,6
48,90,46800000000,1.000000,82079843151201,25954639071423,10105485399323,2312469081,615,6
48,95,46800000000,1.000000,82317045256767,25717436965857,10105485399323,2312469081,615,6
48,100,46800000000,1.000000,82541995630545,25492486592079,10105485399323,2312469081,615,6
48,105,46800000000,1.000000,82754577240129,25279904982495,10105485399323,2312469081,615,6
48,110,46800000000,1.000000,82975240303935,25059241918689,10105485399323,2312469081,615,6
48,115,46800000000,1.000000,83152514872635,24881967349989,10105485399323,2312469081,615,6
48,120,46800000000,1.000000,83351878695063,24682603527561,10105485399323,2312469081,615,6
48,125,46800000000,1.000000,83577455537349,24457026685275,10105485399323,2312469081,615,6
48,130,46800000000,1.000000,83791381104435,24243101118189,10105485399323,2312469081,615,6
48,135,46800000000,1.000000,83993544099933,24040938122691,10105485399323,2312469081,615,6
48,140,46800000000,1.000000,84203392477953,23831089744671,10105485399323,2312469081,615,6
48,145,46800000000,1.000000,84371978828889,23662503393735,10105485399323,2312469081,615,6
48,150,46800000000,1.000000,84561571840353,23472910382271,10105485399323,2312469081,615,6
48,155,46800000000,1.000000,84776093172873,23258389049751,10105485399323,2312469081,615,6
48,160,46800000000,1.000000,84979534258767,23054947963857,10105485399323,2312469081,615,6
48,165,46800000000,1.000000,85171789255941,22862692966683,10105485399323,2312469081,615,6
48,170,46800000000,1.000000,85371352975419,22663129247205,10105485399323,2312469081,615,6
48,175,46800000000,1.000000,85531676917653,22502805304971,10105485399323,2312469081,615,6
48,180,46800000000,1.000000,85711977985071,22322504237553,10105485399323,2312469081,615,6
48,185,46800000000,1.000000,85915985637735,22118496584889,10105485399323,2312469081,615,6
48,190,46800000000,1.000000,86109456086157,21925026136467,10105485399323,2312469081,615,6
48,195,46800000000,1.000000,86292288675555,21742193547069,10105485399323,2312469081,615,6
49,0,60000000000,1.000000,95000444479668,2986281296973,10083122223359,3199994950,0,0
49,5,48000000000,0.665358,93123253157395,7280367871981,10102543581011,3074201973,52,1
49,10,36000000000,0.331323,88009797681492,30038890839699,10107482353426,2735909353,369,3
49,15,38700000000,0.427617,81958979128383,37420736724667,10109117414417,2423636300,672,10
49,20,41400000000,0.800115,69253484015120,35878363455469,10109556489760,2421326753,684,11
49,25,44100000000,0.899004,67839954717033,33504137084822,10109556489760,2421326753,684,11
49,30,46800000000,1.000000,68139125936005,29763355481779,10109556489760,2421326753,684,11
49,35,46800000000,1.000000,68384590727010,29374390772109,10109556489760,2421326753,684,11
49,40,46800000000,1.000000,68715733918456,28923022112423,10109556489760,2421326753,684,11
49,45,46800000000,1.000000,68985187474436,28653568556443,10109556489760,2421326753,684,11
49,50,46800000000,1.000000,69213018718484,28425737312395,10109556489760,2421326753,684,11
49,55,46800000000,1.000000,69411038343053,28227717687826,10109556489760,2421326753,684,11
49,60,46800000000,1.000000,69669316535873,27969439495006,10109556489760,2421326753,684,11
49,65,46800000000,1.000000,69878729011757,27760027019122,10109556489760,2421326753,684,11
49,70,46800000000,1.000000,70134509047103,27504246983776,10109556489760,2421326753,684,11
49,75,46800000000,1.000000,70382482541549,27256273489330,10109556489760,2421326753,684,11
49,80,46800000000,1.000000,70598577526625,27040178504254,10109556489760,2421326753,684,11
49,85,46800000000,1.000000,70794477357209,26844278673670,10109556489760,2421326753,684,11
49,90,46800000000,1.000000,71040097348685,26598658682194,10109556489760,2421326753,684,11
49,95,46800000000,1.000000,71239246529639,26399509501240,10109556489760,2421326753,684,11
49,100,46800000000,1.000000,71482490798255,26156265232624,10109556489760,2421326753,684,11
49,105,46800000000,1.000000,71718311124071,25920444906808,10109556489760,2421326753,684,11
49,110,46800000000,1.000000,71923815304613,25714940726266,10109556489760,2421326753,684,11
49,115,46800000000,1.000000,72110114094407,25528641936472,10109556489760,2421326753,684,11
49,120,46800000000,1.000000,72343696262405,25295059768474,10109556489760,2421326753,684,11
49,125,46800000000,1.000000,72533085151901,25105670878978,10109556489760,2421326753,684,11
49,130,46800000000,1.000000,72764408031071,24874347999808,10109556489760,2421326753,684,11
49,135,46800000000,1.000000,72988670814671,24650085216208,10109556489760,2421326753,684,11
49,140,46800000000,1.000000,73184103245579,24454652785300,10109556489760,2421326753,684,11
49,145,46800000000,1.000000,73361271540851,24277484490028,10109556489760,2421326753,684,11
49,150,46800000000,1.000000,73583405858489,24055350172390,10109556489760,2421326753,684,11
49,155,46800000000,1.000000,73763512807997,23875243222882,10109556489760,2421326753,684,11
49,160,46800000000,1.000000,73983498564317,23655257466562,10109556489760,2421326753,684,11
49,165,46800000000,1.000000,74196770240021,23441985790858,10109556489760,2421326753,684,11
49,170,46800000000,1.000000,74382624537311,23256131493568,10109556489760,2421326753,684,11
49,175,46800000000,1.000000,74551109823293,23087646207586,10109556489760,2421326753,684,11
49,180,46800000000,1.000000,74762357349101,22876398681778,10109556489760,2421326753,684,11
49,185,46800000000,1.000000,74933637265949,22705118764930,10109556489760,2421326753,684,11
49,190,46800000000,1.000000,75142841531327,22495914499552,10109556489760,2421326753,684,11
49,195,46800000000,1.000000,75345660772799,22293095258080,10109556489760,2421326753,684,11
50,0,60000000000,1.000000,114782903455095,3229006396131,10114123148774,4429781242,0,0
50,5,48000000000,1.000000,105769530083382,10139683727577,10142556862144,3619232868,64,4
50,10,36000000000,0.463927,99685522837298,39425307230352,10150053844897,3252766270,376,7
50,15,38700000000,0.600273,88180990606435,49631643022776,10152506979447,2692060225,649,12
50,20,41400000000,0.734039,81828777201605,49238767733369,10154079205791,2684046839,672,12
50,25,44100000000,0.849537,81714000309535,42679641344356,10154079205791,2684046839,672,12
50,30,46800000000,0.901992,81991237224527,39890291161089,10154079205791,2684046839,672,12
50,35,46800000000,1.000000,82451970027157,35308671948526,10154079205791,2684046839,672,12
50,40,46800000000,1.000000,82825207140513,34820230045550,10154079205791,2684046839,672,12
50,45,46800000000,1.000000,83127175772388,34518261413675,10154079205791,2684046839,672,12
50,50,46800000000,1.000000,83446587496572,34198849689491,10154079205791,2684046839,672,12
50,55,46800000000,1.000000,83645993343934,33999443842129,10154079205791,2684046839,672,12
50,60,46800000000,1.000000,83970721058284,33674716127779,10154079205791,2684046839,672,12
50,65,46800000000,1.000000,84270985271554,33374451914509,10154079205791,2684046839,672,12
50,70,46800000000,1.000000,84545539593040,33099897593023,10154079205791,2684046839,672,12
50,75,46800000000,1.000000,84816497230018,32828939956045,10154079205791,2684046839,672,12
50,80,46800000000,1.000000,85120240239124,32525196946939,10154079205791,2684046839,672,12
50,85,46800000000,1.000000,85312304368612,32333132817451,10154079205791,2684046839,672,12
50,90,46800000000,1.000000,85621117193920,32024319992143,10154079205791,2684046839,672,12
50,95,46800000000,1.000000,85906665473104,31738771712959,10154079205791,2684046839,672,12
50,100,46800000000,1.000000,86167763900794,31477673285269,10154079205791,2684046839,672,12
50,105,46800000000,1.000000,86425441917688,31219995268375,10154079205791,2684046839,672,12
50,110,46800000000,1.000000,86714298497098,30931138688965,10154079205791,2684046839,672,12
50,115,46800000000,1.000000,86896949573050,30748487613013,10154079205791,2684046839,672,12
50,120,46800000000,1.000000,87190627497316,30454809688747,10154079205791,2684046839,672,12
50,125,46800000000,1.000000,87462181069480,30183256116583,10154079205791,2684046839,672,12
50,130,46800000000,1.000000,87710483076292,29934954109771,10154079205791,2684046839,672,12
50,135,46800000000,1.000000,87955532306296,29689904879767,10154079205791,2684046839,672,12
50,140,46800000000,1.000000,88230232039192,29415205146871,10154079205791,2684046839,672,12
50,145,46800000000,1.000000,88403931394978,29241505791085,10154079205791,2684046839,672,12
50,150,46800000000,1.000000,88683216178708,28962221007355,10154079205791,2684046839,672,12
50,155,46800000000,1.000000,88941460923928,28703976262135,10154079205791,2684046839,672,12
50,160,46800000000,1.000000,89177593661914,28467843524149,10154079205791,2684046839,672,12
50,165,46800000000,1.000000,89410633041556,28234804144507,10154079205791,2684046839,672,12
50,170,46800000000,1.000000,89671869754276,27973567431787,10154079205791,2684046839,672,12
50,175,46800000000,1.000000,89837056113376,27808381072687,10154079205791,2684046839,672,12
50,180,46800000000,1.000000,90102653163784,27542784022279,10154079205791,2684046839,672,12
50,185,46800000000,1.000000,90348241346974,27297195839089,10154079205791,2684046839,672,12
50,190,46800000000,1.000000,90572801231140,27072635954923,10154079205791,2684046839,672,12
50,195,46800000000,1.000000,90794419362232,26851017823831,10154079205791,2684046839,672,12
51,0,60000000000,1.000000,108679865190498,2985623691852,10102576117650,3582899546,0,0
51,5,48000000000,0.449259,107437107220069,9374478541762,10119393554054,3494146800,61,2
51,10,36000000000,0.483472,96033773319942,32271769319990,10131810752504,2799807735,378,7
51,15,38700000000,0.584451,88026641201888,40386184045392,10137665255344,2409954236,656,9
51,20,41400000000,0.796735,79942547410181,39771481823225,10138187435566,2407264717,672,9
51,25,44100000000,0.914499,79098762834153,35572619247312,10138187435566,2407264717,672,9
51,30,46800000000,0.968261,79325901233180,33362881607934,10138187435566,2407264717,672,9
51,35,46800000000,1.000000,79719709976394,30228038111630,10138187435566,2407264717,672,9
51,40,46800000000,1.000000,80033503318561,29892580338823,10138187435566,2407264717,672,9
51,45,46800000000,1.000000,80310219672194,29615863985190,10138187435566,2407264717,672,9
51,50,46800000000,1.000000,80553072180890,29373011476494,10138187435566,2407264717,672,9
51,55,46800000000,1.000000,80731773715570,29194309941814,10138187435566,2407264717,672,9
51,60,46800000000,1.000000,81004390290154,28921693367230,10138187435566,2407264717,672,9
51,65,46800000000,1.000000,81265023913606,28661059743778,10138187435566,2407264717,672,9
51,70,46800000000,1.000000,81506978752804,28419104904580,10138187435566,2407264717,672,9
51,75,46800000000,1.000000,81757912944862,28168170712522,10138187435566,2407264717,672,9
51,80,46800000000,1.000000,81988672752604,27937410904780,10138187435566,2407264717,672,9
51,85,46800000000,1.000000,82162585367848,27763498289536,10138187435566,2407264717,672,9
51,90,46800000000,1.000000,82421841017770,27504242639614,10138187435566,2407264717,672,9
51,95,46800000000,1.000000,82669701000274,27256382657110,10138187435566,2407264717,672,9
51,100,46800000000,1.000000,82899797644750,27026286012634,10138187435566,2407264717,672,9
51,105,46800000000,1.000000,83138433564640,26787650092744,10138187435566,2407264717,672,9
51,110,46800000000,1.000000,83357883845596,26568199811788,10138187435566,2407264717,672,9
51,115,46800000000,1.000000,83523273012226,26402810645158,10138187435566,2407264717,672,9
51,120,46800000000,1.000000,83769822555652,26156261101732,10138187435566,2407264717,672,9
51,125,46800000000,1.000000,84005534932828,25920548724556,10138187435566,2407264717,672,9
51,130,46800000000,1.000000,84224354552386,25701729104998,10138187435566,2407264717,672,9
51,135,46800000000,1.000000,84451294937818,25474788719566,10138187435566,2407264717,672,9
51,140,46800000000,1.000000,84659989971520,25266093685864,10138187435566,2407264717,672,9
51,145,46800000000,1.000000,84817273423306,25108810234078,10138187435566,2407264717,672,9
51,150,46800000000,1.000000,85051739585848,24874344071536,10138187435566,2407264717,672,9
51,155,46800000000,1.000000,85275899711134,24650183946250,10138187435566,2407264717,672,9
51,160,46800000000,1.000000,85483994991940,24442088665444,10138187435566,2407264717,672,9
51,165,46800000000,1.000000,85699813040344,24226270617040,10138187435566,2407264717,672,9
51,170,46800000000,1.000000,85898279940862,24027803716522,10138187435566,2407264717,672,9
51,175,46800000000,1.000000,86047854938632,23878228718752,10138187435566,2407264717,672,9
51,180,46800000000,1.000000,86270829926338,23655253731046,10138187435566,2407264717,672,9
51,185,46800000000,1.000000,86484003975142,23442079682242,10138187435566,2407264717,672,9
51,190,46800000000,1.000000,86681900516638,23244183140746,10138187435566,2407264717,672,9
51,195,46800000000,1.000000,86887141333234,23038942324150,10138187435566,2407264717,672,9
52,0,60000000000,1.000000,119477976423165,3100986192022,10108639384813,3621634674,0,0
52,5,48000000000,0.382129,119126400733032,9015474301217,10116131492718,3591517547,42,0
52,10,36000000000,0.542386,105504294379565,31457230223289,10121349057838,2540420285,352,3
52,15,38700000000,0.631673,95968785358727,42094464164709,10128861359528,2196628015,625,8
52,20,41400000000,0.722886,93634654802277,40011503269831,10129179286461,2194997371,637,8
52,25,44100000000,0.852261,92135428676922,35696802518023,10129179286461,2194997371,637,8
52,30,46800000000,0.962236,92489536510277,31248961256975,10129179286461,2194997371,637,8
52,35,46800000000,1.000000,92773940096634,28948251046470,10129179286461,2194997371,637,8
52,40,46800000000,1.000000,93071099169202,28510047888362,10129179286461,2194997371,637,8
52,45,46800000000,1.000000,93341199036012,28239948021552,10129179286461,2194997371,637,8
52,50,46800000000,1.000000,93581693313180,27999453744384,10129179286461,2194997371,637,8
52,55,46800000000,1.000000,93818179940457,27762967117107,10129179286461,2194997371,637,8
52,60,46800000000,1.000000,94047396829305,27533750228259,10129179286461,2194997371,637,8
52,65,46800000000,1.000000,94257085747149,27324061310415,10129179286461,2194997371,637,8
52,70,46800000000,1.000000,94482475463535,27098671594029,10129179286461,2194997371,637,8
52,75,46800000000,1.000000,94724254370775,26856892686789,10129179286461,2194997371,637,8
52,80,46800000000,1.000000,94952971866141,26628175191423,10129179286461,2194997371,637,8
52,85,46800000000,1.000000,95178841552011,26402305505553,10129179286461,2194997371,637,8
52,90,46800000000,1.000000,95396824532499,26184322525065,10129179286461,2194997371,637,8
52,95,46800000000,1.000000,95596236606909,25984910450655,10129179286461,2194997371,637,8
52,100,46800000000,1.000000,95810579984559,25770567073005,10129179286461,2194997371,637,8
52,105,46800000000,1.000000,96040509319701,25540637737863,10129179286461,2194997371,637,8
52,110,46800000000,1.000000,96258017382003,25323129675561,10129179286461,2194997371,637,8
52,115,46800000000,1.000000,96472817205789,25108329851775,10129179286461,2194997371,637,8
52,120,46800000000,1.000000,96680116851279,24901030206285,10129179286461,2194997371,637,8
52,125,46800000000,1.000000,96869755749915,24711391307649,10129179286461,2194997371,637,8
52,130,46800000000,1.000000,97073594169255,24507552888309,10129179286461,2194997371,637,8
52,135,46800000000,1.000000,97292254679103,24288892378461,10129179286461,2194997371,637,8
52,140,46800000000,1.000000,97499102682099,24082044375465,10129179286461,2194997371,637,8
52,145,46800000000,1.000000,97703375177379,23877771880185,10129179286461,2194997371,637,8
52,150,46800000000,1.000000,97900515077703,23680631979861,10129179286461,2194997371,637,8
52,155,46800000000,1.000000,98080859783247,23500287274317,10129179286461,2194997371,637,8
52,160,46800000000,1.000000,98274708091809,23306438965755,10129179286461,2194997371,637,8
52,165,46800000000,1.000000,98482652061129,23098494996435,10129179286461,2194997371,637,8
52,170,46800000000,1.000000,98679362453925,22901784603639,10129179286461,2194997371,637,8
52,175,46800000000,1.000000,98873623564407,22707523493157,10129179286461,2194997371,637,8
52,180,46800000000,1.000000,99061101647967,22520045409597,10129179286461,2194997371,637,8
52,185,46800000000,1.000000,99232607668473,22348539389091,10129179286461,2194997371,637,8
52,190,46800000000,1.000000,99416955481107,22164191576457,10129179286461,2194997371,637,8
52,195,46800000000,1.000000,99614708126829,21966438930735,10129179286461,2194997371,637,8
53,0,60000000000,1.000000,117885655450075,3082479553308,10107535996617,3712471264,0,0
53,5,48000000000,0.269776,117201591659730,13901828984581,10123704739895,3648270425,31,4
53,10,36000000000,0.481792,106597847958666,29777130755102,10131446849681,2992619146,334,6
53,15,38700000000,0.626894,93887880494187,43157545553187,10132564908005,2505349676,601,7
53,20,41400000000,0.828994,86473220395676,41579471266450,10133337538970,2501389057,616,8
53,25,44100000000,0.929479,85724688493994,37889651789985,10133337538970,2501389057,616,8
53,30,46800000000,1.000000,86093995777838,34409566578887,10133337538970,2501389057,616,8
53,35,46800000000,1.000000,86475019249311,31883470974334,10133337538970,2501389057,616,8
53,40,46800000000,1.000000,86734880644876,31520042058609,10133337538970,2501389057,616,8
53,45,46800000000,1.000000,87026821111103,31228101592382,10133337538970,2501389057,616,8
53,50,46800000000,1.000000,87300338308919,30954584394566,10133337538970,2501389057,616,8
53,55,46800000000,1.000000,87547725953830,30707196749655,10133337538970,2501389057,616,8
53,60,46800000000,1.000000,87829353750688,30425568952797,10133337538970,2501389057,616,8
53,65,46800000000,1.000000,88085393579926,30169529123559,10133337538970,2501389057,616,8
53,70,46800000000,1.000000,88291531274266,29963391429219,10133337538970,2501389057,616,8
53,75,46800000000,1.000000,88558088853874,29696833849611,10133337538970,2501389057,616,8
53,80,46800000000,1.000000,88816971628762,29437951074723,10133337538970,2501389057,616,8
53,85,46800000000,1.000000,89052684112420,29202238591065,10133337538970,2501389057,616,8
53,90,46800000000,1.000000,89320509344914,28934413358571,10133337538970,2501389057,616,8
53,95,46800000000,1.000000,89564000674768,28690922028717,10133337538970,2501389057,616,8
53,100,46800000000,1.000000,89760035570962,28494887132523,10133337538970,2501389057,616,8
53,105,46800000000,1.000000,90013529176816,28241393526669,10133337538970,2501389057,616,8
53,110,46800000000,1.000000,90259724119732,27995198583753,10133337538970,2501389057,616,8
53,115,46800000000,1.000000,90483884346304,27771038357181,10133337538970,2501389057,616,8
53,120,46800000000,1.000000,90738583477660,27516339225825,10133337538970,2501389057,616,8
53,125,46800000000,1.000000,90970141309702,27284781393783,10133337538970,2501389057,616,8
53,130,46800000000,1.000000,91156568545384,27098354158101,10133337538970,2501389057,616,8
53,135,46800000000,1.000000,91397638442326,26857284261159,10133337538970,2501389057,616,8
53,140,46800000000,1.000000,91631767383526,26623155319959,10133337538970,2501389057,616,8
53,145,46800000000,1.000000,91844941528630,26409981174855,10133337538970,2501389057,616,8
53,150,46800000000,1.000000,92087157868174,26167764835311,10133337538970,2501389057,616,8
53,155,46800000000,1.000000,92307367062286,25947555641199,10133337538970,2501389057,616,8
53,160,46800000000,1.000000,92484657508534,25770265194951,10133337538970,2501389057,616,8
53,165,46800000000,1.000000,92713912581862,25541010121623,10133337538970,2501389057,616,8
53,170,46800000000,1.000000,92936566875322,25318355828163,10133337538970,2501389057,616,8
53,175,46800000000,1.000000,93139293366148,25115629337337,10133337538970,2501389057,616,8
53,180,46800000000,1.000000,93369638694934,24885284008551,10133337538970,2501389057,616,8
53,185,46800000000,1.000000,93579055447564,24675867255921,10133337538970,2501389057,616,8
53,190,46800000000,1.000000,93747656897860,24507265805625,10133337538970,2501389057,616,8
53,195,46800000000,1.000000,93965676191476,24289246512009,10133337538970,2501389057,616,8
54,0,60000000000,1.000000,110163649152631,3080497691825,10104545155544,3764575500,0,0
54,5,48000000000,0.524727,108021361373027,9933459065970,10114978037244,3582855848,55,2
54,10,36000000000,0.614357,93115001261973,32735873877759,10122192752254,2569291314,352,5
54,15,38700000000,0.683242,83772921303482,43085147841303,10138199227103,2158553709,632,9
54,20,41400000000,0.780109,81288394536786,40918505264197,10139406893830,2152396096,646,9
54,25,44100000000,0.894707,80854472556342,36162458135381,10139406893830,2152396096,646,9
54,30,46800000000,0.976226,81121180918809,32869537042989,10139406893830,2152396096,646,9
54,35,46800000000,1.000000,81520317909977,28783434699640,10139406893830,2152396096,646,9
54,40,46800000000,1.000000,81837022294296,28432561497261,10139406893830,2152396096,646,9
54,45,46800000000,1.000000,82083745638246,28185838153311,10139406893830,2152396096,646,9
54,50,46800000000,1.000000,82330297326846,27939286464711,10139406893830,2152396096,646,9
54,55,46800000000,1.000000,82501832457188,27767751334369,10139406893830,2152396096,646,9
54,60,46800000000,1.000000,82759853121326,27509730670231,10139406893830,2152396096,646,9
54,65,46800000000,1.000000,83007765051452,27261818740105,10139406893830,2152396096,646,9
54,70,46800000000,1.000000,83240223532580,27029360258977,10139406893830,2152396096,646,9
54,75,46800000000,1.000000,83463033305888,26806550485669,10139406893830,2152396096,646,9
54,80,46800000000,1.000000,83697434750198,26572149041359,10139406893830,2152396096,646,9
54,85,46800000000,1.000000,83862728543096,26406855248461,10139406893830,2152396096,646,9
54,90,46800000000,1.000000,84108103627238,26161480164319,10139406893830,2152396096,646,9
54,95,46800000000,1.000000,84343865406062,25925718385495,10139406893830,2152396096,646,9
54,100,46800000000,1.000000,84564931108700,25704652682857,10139406893830,2152396096,646,9
54,105,46800000000,1.000000,84776820986024,25492762805533,10139406893830,2152396096,646,9
54,110,46800000000,1.000000,84999734427092,25269849364465,10139406893830,2152396096,646,9
54,115,46800000000,1.000000,85156927179542,25112656612015,10139406893830,2152396096,646,9
54,120,46800000000,1.000000,85390276443074,24879307348483,10139406893830,2152396096,646,9
54,125,46800000000,1.000000,85614483548966,24655100242591,10139406893830,2152396096,646,9
54,130,46800000000,1.000000,85824714832508,24444868959049,10139406893830,2152396096,646,9
54,135,46800000000,1.000000,86026219997582,24243363793975,10139406893830,2152396096,646,9
54,140,46800000000,1.000000,86238208462214,24031375329343,10139406893830,2152396096,646,9
54,145,46800000000,1.000000,86387697205520,23881886586037,10139406893830,2152396096,646,9
54,150,46800000000,1.000000,86609610033410,23659973758147,10139406893830,2152396096,646,9
54,155,46800000000,1.000000,86822828760200,23446755031357,10139406893830,2152396096,646,9
54,160,46800000000,1.000000,87022756619096,23246827172461,10139406893830,2152396096,646,9
54,165,46800000000,1.000000,87214386026156,23055197765401,10139406893830,2152396096,646,9
54,170,46800000000,1.000000,87415984946600,22853598844957,10139406893830,2152396096,646,9
54,175,46800000000,1.000000,87558147254048,22711436537509,10139406893830,2152396096,646,9
54,180,46800000000,1.000000,87769184145398,22500399646159,10139406893830,2152396096,646,9
54,185,46800000000,1.000000,87971953033004,22297630758553,10139406893830,2152396096,646,9
54,190,46800000000,1.000000,88162082437472,22107501354085,10139406893830,2152396096,646,9
54,195,46800000000,1.000000,88344320096858,21925263694699,10139406893830,2152396096,646,9
55,0,60000000000,1.000000,95677170218359,2880520949474,10078892832167,2684759236,0,0
55,5,48000000000,0.550967,94295466426792,7721232132920,10086970447754,2565251237,64,3
55,10,36000000000,0.567952,84883034023240,24049051221368,10094839849312,2012040803,377,6
55,15,38700000000,0.652211,77739811559379,31890256868912,10097608391024,1651797491,672,9
55,20,41400000000,0.822075,73815273644073,30073924387021,10098274267539,1647823186,685,9
55,25,44100000000,0.919776,73467836151045,27257148137001,10098274267539,1647823186,685,9
55,30,46800000000,1.000000,73717515608414,24185325336221,10098274267539,1647823186,685,9
55,35,46800000000,1.000000,73982654517955,22039301762220,10098274267539,1647823186,685,9
55,40,46800000000,1.000000,74231151032750,21690330401225,10098274267539,1647823186,685,9
55,45,46800000000,1.000000,74416512384736,21504969049239,10098274267539,1647823186,685,9
55,50,46800000000,1.000000,74576536577728,21344944856247,10098274267539,1647823186,685,9
55,55,46800000000,1.000000,74743073324300,21178408109675,10098274267539,1647823186,685,9
55,60,46800000000,1.000000,74941437544094,20980043889881,10098274267539,1647823186,685,9
55,65,46800000000,1.000000,75115192039508,20806289394467,10098274267539,1647823186,685,9
55,70,46800000000,1.000000,75300892188470,20620589245505,10098274267539,1647823186,685,9
55,75,46800000000,1.000000,75469515469820,20451965964155,10098274267539,1647823186,685,9
55,80,46800000000,1.000000,75621706428542,20299775005433,10098274267539,1647823186,685,9
55,85,46800000000,1.000000,75781026027806,20140455406169,10098274267539,1647823186,685,9
55,90,46800000000,1.000000,75969668426906,19951813007069,10098274267539,1647823186,685,9
55,95,46800000000,1.000000,76134907223156,19786574210819,10098274267539,1647823186,685,9
55,100,46800000000,1.000000,76311506217134,19609975216841,10098274267539,1647823186,685,9
55,105,46800000000,1.000000,76471865279768,19449616154207,10098274267539,1647823186,685,9
55,110,46800000000,1.000000,76616597367152,19304884066823,10098274267539,1647823186,685,9
55,115,46800000000,1.000000,76768108720742,19153372713233,10098274267539,1647823186,685,9
55,120,46800000000,1.000000,76947505765334,18973975668641,10098274267539,1647823186,685,9
55,125,46800000000,1.000000,77104646216414,18816835217561,10098274267539,1647823186,685,9
55,130,46800000000,1.000000,77272590102512,18648891331463,10098274267539,1647823186,685,9
55,135,46800000000,1.000000,77425089975614,18496391458361,10098274267539,1647823186,685,9
55,140,46800000000,1.000000,77562728750690,18358752683285,10098274267539,1647823186,685,9
55,145,46800000000,1.000000,77706814540370,18214666893605,10098274267539,1647823186,685,9
55,150,46800000000,1.000000,77877419344754,18044062089221,10098274267539,1647823186,685,9
55,155,46800000000,1.000000,78026858350142,17894623083833,10098274267539,1647823186,685,9
55,160,46800000000,1.000000,78186571314764,17734910119211,10098274267539,1647823186,685,9
55,165,46800000000,1.000000,78331597176674,17589884257301,10098274267539,1647823186,685,9
55,170,46800000000,1.000000,78462490282268,17458991151707,10098274267539,1647823186,685,9
55,175,46800000000,1.000000,78599514434570,17321966999405,10098274267539,1647823186,685,9
55,180,46800000000,1.000000,78761757906122,17159723527853,10098274267539,1647823186,685,9
55,185,46800000000,1.000000,78903872913320,17017608520655,10098274267539,1647823186,685,9
55,190,46800000000,1.000000,79055758353494,16865723080481,10098274267539,1647823186,685,9
55,195,46800000000,1.000000,79193676505274,16727804928701,10098274267539,1647823186,685,9
56,0,60000000000,1.000000,92855819737666,2940524292508,10077410969826,2596436644,0,0
56,5,48000000000,0.609549,90831038395907,8118176000524,10094292773238,2517136715,56,3
56,10,36000000000,0.568086,82734496482110,22949033238032,10102238049264,1904025840,366,5
56,15,38700000000,0.645070,76028772603582,30603920108368,10103323797171,1577106664,642,9
56,20,41400000000,0.747736,73955942064499,29173299017022,10103901460007,1574162409,652,9
56,25,44100000000,0.861460,73101180752752,26314244874884,10103901460007,1574162409,652,9
56,30,46800000000,0.951233,73329053111208,23591269786482,10103901460007,1574162409,652,9
56,35,46800000000,1.000000,73585987287200,21320467831746,10103901460007,1574162409,652,9
56,40,46800000000,1.000000,73802468853439,21083384523007,10103901460007,1574162409,652,9
56,45,46800000000,1.000000,73990049568845,20895803807601,10103901460007,1574162409,652,9
56,50,46800000000,1.000000,74180574899873,20705278476573,10103901460007,1574162409,652,9
56,55,46800000000,1.000000,74324330284288,20561523092158,10103901460007,1574162409,652,9
56,60,46800000000,1.000000,74509153741852,20376699634594,10103901460007,1574162409,652,9
56,65,46800000000,1.000000,74681301466030,20204551910416,10103901460007,1574162409,652,9
56,70,46800000000,1.000000,74843837857744,20042015518702,10103901460007,1574162409,652,9
56,75,46800000000,1.000000,75011926702678,19873926673768,10103901460007,1574162409,652,9
56,80,46800000000,1.000000,75192999289012,19692854087434,10103901460007,1574162409,652,9
56,85,46800000000,1.000000,75332049483580,19553803892866,10103901460007,1574162409,652,9
56,90,46800000000,1.000000,75507814752700,19378038623746,10103901460007,1574162409,652,9
56,95,46800000000,1.000000,75671525525506,19214327850940,10103901460007,1574162409,652,9
56,100,46800000000,1.000000,75826096016824,19059757359622,10103901460007,1574162409,652,9
56,105,46800000000,1.000000,75985946835868,18899906540578,10103901460007,1574162409,652,9
56,110,46800000000,1.000000,76158145063720,18727708312726,10103901460007,1574162409,652,9
56,115,46800000000,1.000000,76290380415130,18595472961316,10103901460007,1574162409,652,9
56,120,46800000000,1.000000,76457531437234,18428321939212,10103901460007,1574162409,652,9
56,125,46800000000,1.000000,76613218753198,18272634623248,10103901460007,1574162409,652,9
56,130,46800000000,1.000000,76760213752498,18125639623948,10103901460007,1574162409,652,9
56,135,46800000000,1.000000,76912230290878,17973623085568,10103901460007,1574162409,652,9
56,140,46800000000,1.000000,77075989092244,17809864284202,10103901460007,1574162409,652,9
56,145,46800000000,1.000000,77201743595722,17684109780724,10103901460007,1574162409,652,9
56,150,46800000000,1.000000,77360702554516,17525150821930,10103901460007,1574162409,652,9
56,155,46800000000,1.000000,77508759643006,17377093733440,10103901460007,1574162409,652,9
56,160,46800000000,1.000000,77648550424648,17237302951798,10103901460007,1574162409,652,9
56,165,46800000000,1.000000,77793116640058,17092736736388,10103901460007,1574162409,652,9
56,170,46800000000,1.000000,77948849630674,16937003745772,10103901460007,1574162409,652,9
56,175,46800000000,1.000000,78068440912312,16817412464134,10103901460007,1574162409,652,9
56,180,46800000000,1.000000,78219609300556,16666244075890,10103901460007,1574162409,652,9
56,185,46800000000,1.000000,78360410118574,16525443257872,10103901460007,1574162409,652,9
56,190,46800000000,1.000000,78493349760952,16392503615494,10103901460007,1574162409,652,9
56,195,46800000000,1.000000,78630830793346,16255022583100,10103901460007,1574162409,652,9
57,0,60000000000,1.000000,114150476686974,3031154970395,10100319342631,3819606174,0,0
57,5,48000000000,0.359869,112856708791063,11977508302945,10114905901210,3754160700,39,3
57,10,36000000000,0.345212,105561914928154,33594642793512,10122764318609,3301283456,361,5
57,15,38700000000,0.416420,98261562259548,45379012817284,10123669635426,3056983894,626,7
57,20,41400000000,0.856083,81021439059265,42210797096879,10124564333500,3050875823,641,7
57,25,44100000000,0.939867,79025620358394,40571450566849,10124564333500,3050875823,641,7
57,30,46800000000,1.000000,79386551260138,36889103129866,10124564333500,3050875823,641,7
57,35,46800000000,1.000000,79741667085650,36217365187264,10124564333500,3050875823,641,7
57,40,46800000000,1.000000,80108295719215,35688327606839,10124564333500,3050875823,641,7
57,45,46800000000,1.000000,80424417345866,35372205980188,10124564333500,3050875823,641,7
57,50,46800000000,1.000000,80697609297344,35099014028710,10124564333500,3050875823,641,7
57,55,46800000000,1.000000,80960516496332,34836106829722,10124564333500,3050875823,641,7
57,60,46800000000,1.000000,81278769959150,34517853366904,10124564333500,3050875823,641,7
57,65,46800000000,1.000000,81568919867894,34227703458160,10124564333500,3050875823,641,7
57,70,46800000000,1.000000,81867058639292,33929564686762,10124564333500,3050875823,641,7
57,75,46800000000,1.000000,82154706810068,33641916515986,10124564333500,3050875823,641,7
57,80,46800000000,1.000000,82411495978040,33385127348014,10124564333500,3050875823,641,7
57,85,46800000000,1.000000,82667832332228,33128790993826,10124564333500,3050875823,641,7
57,90,46800000000,1.000000,82970488208606,32826135117448,10124564333500,3050875823,641,7
57,95,46800000000,1.000000,83246417884940,32550205441114,10124564333500,3050875823,641,7
57,100,46800000000,1.000000,83529944889956,32266678436098,10124564333500,3050875823,641,7
57,105,46800000000,1.000000,83803495438352,31993127887702,10124564333500,3050875823,641,7
57,110,46800000000,1.000000,84047699382032,31748923944022,10124564333500,3050875823,641,7
57,115,46800000000,1.000000,84291472704356,31505150621698,10124564333500,3050875823,641,7
57,120,46800000000,1.000000,84579295431392,31217327894662,10124564333500,3050875823,641,7
57,125,46800000000,1.000000,84841701807950,30954921518104,10124564333500,3050875823,641,7
57,130,46800000000,1.000000,85111333168622,30685290157432,10124564333500,3050875823,641,7
57,135,46800000000,1.000000,85371477018272,30425146307782,10124564333500,3050875823,641,7
57,140,46800000000,1.000000,85603712538794,30192910787260,10124564333500,3050875823,641,7
57,145,46800000000,1.000000,85835538542678,29961084783376,10124564333500,3050875823,641,7
57,150,46800000000,1.000000,86109255092156,29687368233898,10124564333500,3050875823,641,7
57,155,46800000000,1.000000,86358800945342,29437822380712,10124564333500,3050875823,641,7
57,160,46800000000,1.000000,86615217686498,29181405639556,10124564333500,3050875823,641,7
57,165,46800000000,1.000000,86862611899154,28934011426900,10124564333500,3050875823,641,7
57,170,46800000000,1.000000,87083465568470,28713157757584,10124564333500,3050875823,641,7
57,175,46800000000,1.000000,87303929791550,28492693534504,10124564333500,3050875823,641,7
57,180,46800000000,1.000000,87564231506600,28232391819454,10124564333500,3050875823,641,7
57,185,46800000000,1.000000,87801547130114,27995076195940,10124564333500,3050875823,641,7
57,190,46800000000,1.000000,88045396899620,27751226426434,10124564333500,3050875823,641,7
57,195,46800000000,1.000000,88280666334038,27515956992016,10124564333500,3050875823,641,7
58,0,60000000000,1.000000,96645449176372,2918445411211,10078885412417,2768585640,0,0
58,5,48000000000,0.421349,95570018160363,9436910130468,10096524709179,2693631335,48,4
58,10,36000000000,0.553264,86562036727701,23447722991584,10107957699599,2079586442,346,7
58,15,38700000000,0.633522,78855719083735,32639279655674,10109369781373,1768102895,629,10
58,20,41400000000,0.800492,74251304268624,31583038715772,10109507349558,1767331794,639,10
58,25,44100000000,0.911424,73844889367661,28184900177328,10109507349558,1767331794,639,10
58,30,46800000000,0.989996,74108362225760,25681827602054,10109507349558,1767331794,639,10
58,35,46800000000,1.000000,74397848850905,23437904353448,10109507349558,1767331794,639,10
58,40,46800000000,1.000000,74627905978971,23167014049702,10109507349558,1767331794,639,10
58,45,46800000000,1.000000,74817435557625,22977484471048,10109507349558,1767331794,639,10
58,50,46800000000,1.000000,75018433705737,22776486322936,10109507349558,1767331794,639,10
58,55,46800000000,1.000000,75192479507305,22602440521368,10109507349558,1767331794,639,10
58,60,46800000000,1.000000,75400563382651,22394356646022,10109507349558,1767331794,639,10
58,65,46800000000,1.000000,75584022376009,22210897652664,10109507349558,1767331794,639,10
58,70,46800000000,1.000000,75773106804349,22021813224324,10109507349558,1767331794,639,10
58,75,46800000000,1.000000,75942573224851,21852346803822,10109507349558,1767331794,639,10
58,80,46800000000,1.000000,76133062955077,21661857073596,10109507349558,1767331794,639,10
58,85,46800000000,1.000000,76300223967961,21494696060712,10109507349558,1767331794,639,10
58,90,46800000000,1.000000,76498109662897,21296810365776,10109507349558,1767331794,639,10
58,95,46800000000,1.000000,76672577340061,21122342688612,10109507349558,1767331794,639,10
58,100,46800000000,1.000000,76852394749993,20942525278680,10109507349558,1767331794,639,10
58,105,46800000000,1.000000,77013555629701,20781364398972,10109507349558,1767331794,639,10
58,110,46800000000,1.000000,77194709467831,20600210560842,10109507349558,1767331794,639,10
58,115,46800000000,1.000000,77353677927673,20441242101000,10109507349558,1767331794,639,10
58,120,46800000000,1.000000,77541865254619,20253054774054,10109507349558,1767331794,639,10
58,125,46800000000,1.000000,77707782279673,20087137749000,10109507349558,1767331794,639,10
58,130,46800000000,1.000000,77878786847275,19916133181398,10109507349558,1767331794,639,10
58,135,46800000000,1.000000,78032049240355,19762870788318,10109507349558,1767331794,639,10
58,140,46800000000,1.000000,78204324737923,19590595290750,10109507349558,1767331794,639,10
58,145,46800000000,1.000000,78355502161579,19439417867094,10109507349558,1767331794,639,10
58,150,46800000000,1.000000,78534466437049,19260453591624,10109507349558,1767331794,639,10
58,155,46800000000,1.000000,78692251876981,19102668151692,10109507349558,1767331794,639,10
58,160,46800000000,1.000000,78854875519297,18940044509376,10109507349558,1767331794,639,10
58,165,46800000000,1.000000,79000626530101,18794293498572,10109507349558,1767331794,639,10
58,170,46800000000,1.000000,79164458814055,18630461214618,10109507349558,1767331794,639,10
58,175,46800000000,1.000000,79308227039773,18486692988900,10109507349558,1767331794,639,10
58,180,46800000000,1.000000,79478420285095,18316499743578,10109507349558,1767331794,639,10
58,185,46800000000,1.000000,79628472668479,18166447360194,10109507349558,1767331794,639,10
58,190,46800000000,1.000000,79783126134127,18011793894546,10109507349558,1767331794,639,10
58,195,46800000000,1.000000,79921733895097,17873186133576,10109507349558,1767331794,639,10
59,0,60000000000,1.000000,107750578821890,2991407841710,10088973336400,3268000902,0,0
59,5,48000000000,0.726632,105448856228062,7269947290798,10099526229938,3025416633,61,2
59,10,36000000000,0.492550,95455331982021,30995897313600,10108597550104,2414941574,363,9
59,15,38700000000,0.656089,86070081896731,37571811001208,10110431293102,1994500947,646,11
59,20,41400000000,0.750445,83196605163382,36672452505948,10113700470210,1976870876,661,11
59,25,44100000000,0.891487,82248559951165,31933958944555,10113700470210,1976870876,661,11
59,30,46800000000,0.963754,82490145952780,29288725327081,10113700470210,1976870876,661,11
59,35,46800000000,1.000000,82794804016577,26375732031239,10113700470210,1976870876,661,11
59,40,46800000000,1.000000,83097049923049,25926585914187,10113700470210,1976870876,661,11
59,45,46800000000,1.000000,83341720527266,25681915309970,10113700470210,1976870876,661,11
59,50,46800000000,1.000000,83539190732690,25484445104546,10113700470210,1976870876,661,11
59,55,46800000000,1.000000,83724439887594,25299195949642,10113700470210,1976870876,661,11
59,60,46800000000,1.000000,83959357765662,25064278071574,10113700470210,1976870876,661,11
59,65,46800000000,1.000000,84155571918468,24868063918768,10113700470210,1976870876,661,11
59,70,46800000000,1.000000,84377027869368,24646607967868,10113700470210,1976870876,661,11
59,75,46800000000,1.000000,84597288992400,24426346844836,10113700470210,1976870876,661,11
59,80,46800000000,1.000000,84785112201864,24238523635372,10113700470210,1976870876,661,11
59,85,46800000000,1.000000,84964352197512,24059283639724,10113700470210,1976870876,661,11
59,90,46800000000,1.000000,85187756762184,23835879075052,10113700470210,1976870876,661,11
59,95,46800000000,1.000000,85374354469134,23649281368102,10113700470210,1976870876,661,11
59,100,46800000000,1.000000,85584956874918,23438678962318,10113700470210,1976870876,661,11
59,105,46800000000,1.000000,85794423011508,23229212825728,10113700470210,1976870876,661,11
59,110,46800000000,1.000000,85973041014864,23050594822372,10113700470210,1976870876,661,11
59,115,46800000000,1.000000,86143496467296,22880139369940,10113700470210,1976870876,661,11
59,120,46800000000,1.000000,86355951985350,22667683851886,10113700470210,1976870876,661,11
59,125,46800000000,1.000000,86533404547824,22490231289412,10113700470210,1976870876,661,11
59,130,46800000000,1.000000,86733685340214,22289950497022,10113700470210,1976870876,661,11
59,135,46800000000,1.000000,86932885551756,22090750285480,10113700470210,1976870876,661,11
59,140,46800000000,1.000000,87102749495640,21920886341596,10113700470210,1976870876,661,11
59,145,46800000000,1.000000,87264850934874,21758784902362,10113700470210,1976870876,661,11
59,150,46800000000,1.000000,87466894018596,21556741818640,10113700470210,1976870876,661,11
59,155,46800000000,1.000000,87635649640002,21387986197234,10113700470210,1976870876,661,11
59,160,46800000000,1.000000,87826114680852,21197521156384,10113700470210,1976870876,661,11
59,165,46800000000,1.000000,88015552099962,21008083737274,10113700470210,1976870876,661,11
59,170,46800000000,1.000000,88177091020572,20846544816664,10113700470210,1976870876,661,11
59,175,46800000000,1.000000,88331247876312,20692387960924,10113700470210,1976870876,661,11
59,180,46800000000,1.000000,88523388838512,20500246998724,10113700470210,1976870876,661,11
59,185,46800000000,1.000000,88683873755334,20339762081902,10113700470210,1976870876,661,11
59,190,46800000000,1.000000,88865004113916,20158631723320,10113700470210,1976870876,661,11
59,195,46800000000,1.000000,89045157214602,19978478622634,10113700470210,1976870876,661,11
60,0,60000000000,1.000000,104265435339843,3119876363429,10098291296728,3268103060,0,0
60,5,48000000000,0.597532,101924903341651,9116634883275,10111217036580,3058835014,60,2
60,10,36000000000,0.578460,90443387300755,29236631623352,10128003471196,2220076786,354,6
60,15,38700000000,0.644864,83459060040398,37042034721896,10137465663552,1902173235,642,14
60,20,41400000000,0.724739,80861633713513,36543396719429,10137560445030,1901521645,658,14
60,25,44100000000,0.844398,80623929186691,31646342448914,10137560445030,1901521645,658,14
60,30,46800000000,0.916411,80847054276120,28916061042784,10137560445030,1901521645,658,14
60,35,46800000000,1.000000,81180058349148,25596466138007,10137560445030,1901521645,658,14
60,40,46800000000,1.000000,81455092238393,25263484202922,10137560445030,1901521645,658,14
60,45,46800000000,1.000000,81682893867354,25035682573961,10137560445030,1901521645,658,14
60,50,46800000000,1.000000,81905945304547,24812631136768,10137560445030,1901521645,658,14
60,55,46800000000,1.000000,82056233772674,24662342668641,10137560445030,1901521645,658,14
60,60,46800000000,1.000000,82282909909262,24435666532053,10137560445030,1901521645,658,14
60,65,46800000000,1.000000,82499661457724,24218914983591,10137560445030,1901521645,658,14
60,70,46800000000,1.000000,82700952497960,24017623943355,10137560445030,1901521645,658,14
60,75,46800000000,1.000000,82906829886428,23811746554887,10137560445030,1901521645,658,14
60,80,46800000000,1.000000,83119003323176,23599573118139,10137560445030,1901521645,658,14
60,85,46800000000,1.000000,83264933934614,23453642506701,10137560445030,1901521645,658,14
60,90,46800000000,1.000000,83480500685114,23238075756201,10137560445030,1901521645,658,14
60,95,46800000000,1.000000,83686629250958,23031947190357,10137560445030,1901521645,658,14
60,100,46800000000,1.000000,83878055027282,22840521414033,10137560445030,1901521645,658,14
60,105,46800000000,1.000000,84073842375338,22644734065977,10137560445030,1901521645,658,14
60,110,46800000000,1.000000,84275617202606,22442959238709,10137560445030,1901521645,658,14
60,115,46800000000,1.000000,84414395762084,22304180679231,10137560445030,1901521645,658,14
60,120,46800000000,1.000000,84619397596910,22099178844405,10137560445030,1901521645,658,14
60,125,46800000000,1.000000,84815423812040,21903152629275,10137560445030,1901521645,658,14
60,130,46800000000,1.000000,84997467820766,21721108620549,10137560445030,1901521645,658,14
60,135,46800000000,1.000000,85183659640646,21534916800669,10137560445030,1901521645,658,14
60,140,46800000000,1.000000,85375545493640,21343030947675,10137560445030,1901521645,658,14
60,145,46800000000,1.000000,85507522522958,21211053918357,10137560445030,1901521645,658,14
60,150,46800000000,1.000000,85702477227974,21016099213341,10137560445030,1901521645,658,14
60,155,46800000000,1.000000,85888896207914,20829680233401,10137560445030,1901521645,658,14
60,160,46800000000,1.000000,86062018248872,20656558192443,10137560445030,1901521645,658,14
60,165,46800000000,1.000000,86239084816922,20479491624393,10137560445030,1901521645,658,14
60,170,46800000000,1.000000,86421566353862,20297010087453,10137560445030,1901521645,658,14
60,175,46800000000,1.000000,86547075195368,20171501245947,10137560445030,1901521645,658,14
60,180,46800000000,1.000000,86732475180056,19986101261259,10137560445030,1901521645,658,14
60,185,46800000000,1.000000,86909757775244,19808818666071,10137560445030,1901521645,658,14
60,190,46800000000,1.000000,87074395113596,19644181327719,10137560445030,1901521645,658,14
60,195,46800000000,1.000000,87242783658122,19475792783193,10137560445030,1901521645,658,14
61,0,60000000000,1.000000,102828168101880,2981557672801,10086194225319,3392084878,0,0
61,5,48000000000,0.459950,101825390920802,8640303303710,10096419673875,3292094988,47,1
61,10,36000000000,0.274142,96682528525835,33232996562330,10102835868904,2985266339,345,5
61,15,38700000000,0.457442,87746736541567,39447530653853,10104221264028,2576058876,613,12
61,20,41400000000,0.855516,73547908278155,37688492085695,10104917682759,2572398044,632,13
61,25,44100000000,0.943557,72174884072948,35627007816640,10104917682759,2572398044,632,13
61,30,46800000000,1.000000,72474274133510,32069110924790,10104917682759,2572398044,632,13
61,35,46800000000,1.000000,72805764752717,30839130731421,10104917682759,2572398044,632,13
61,40,46800000000,1.000000,73133252131517,30501677479281,10104917682759,2572398044,632,13
61,45,46800000000,1.000000,73395658394108,30239271216690,10104917682759,2572398044,632,13
61,50,46800000000,1.000000,73654674020726,29980255590072,10104917682759,2572398044,632,13
61,55,46800000000,1.000000,73844306462903,29790623147895,10104917682759,2572398044,632,13
61,60,46800000000,1.000000,74107197943907,29527731666891,10104917682759,2572398044,632,13
61,65,46800000000,1.000000,74377021005713,29257908605085,10104917682759,2572398044,632,13
61,70,46800000000,1.000000,74637067486463,28997862124335,10104917682759,2572398044,632,13
61,75,46800000000,1.000000,74875725539663,28759204071135,10104917682759,2572398044,632,13
61,80,46800000000,1.000000,75120709806347,28514219804451,10104917682759,2572398044,632,13
61,85,46800000000,1.000000,75304343395121,28330586215677,10104917682759,2572398044,632,13
61,90,46800000000,1.000000,75554350577819,28080579032979,10104917682759,2572398044,632,13
61,95,46800000000,1.000000,75810949624835,27823979985963,10104917682759,2572398044,632,13
61,100,46800000000,1.000000,76058251240487,27576678370311,10104917682759,2572398044,632,13
61,105,46800000000,1.000000,76285212674357,27349716936441,10104917682759,2572398044,632,13
61,110,46800000000,1.000000,76518190274315,27116739336483,10104917682759,2572398044,632,13
61,115,46800000000,1.000000,76692823990073,26942105620725,10104917682759,2572398044,632,13
61,120,46800000000,1.000000,76930578333335,26704351277463,10104917682759,2572398044,632,13
61,125,46800000000,1.000000,77174601473951,26460328136847,10104917682759,2572398044,632,13
61,130,46800000000,1.000000,77409782849669,26225146761129,10104917682759,2572398044,632,13
61,135,46800000000,1.000000,77625620915003,26009308695795,10104917682759,2572398044,632,13
61,140,46800000000,1.000000,77847180294431,25787749316367,10104917682759,2572398044,632,13
61,145,46800000000,1.000000,78013255220573,25621674390225,10104917682759,2572398044,632,13
61,150,46800000000,1.000000,78239357235197,25395572375601,10104917682759,2572398044,632,13
61,155,46800000000,1.000000,78471420813821,25163508796977,10104917682759,2572398044,632,13
61,160,46800000000,1.000000,78695075962109,24939853648689,10104917682759,2572398044,632,13
61,165,46800000000,1.000000,78900335814635,24734593796163,10104917682759,2572398044,632,13
61,170,46800000000,1.000000,79111036579883,24523893030915,10104917682759,2572398044,632,13
61,175,46800000000,1.000000,79268972182205,24365957428593,10104917682759,2572398044,632,13
61,180,46800000000,1.000000,79483992948413,24150936662385,10104917682759,2572398044,632,13
61,185,46800000000,1.000000,79704683102573,23930246508225,10104917682759,2572398044,632,13
61,190,46800000000,1.000000,79917376923203,23717552687595,10104917682759,2572398044,632,13
61,195,46800000000,1.000000,80112577000691,23522352610107,10104917682759,2572398044,632,13
62,0,60000000000,1.000000,114365768099977,3128890719229,10111485180794,4190616696,0,0
62,5,48000000000,0.420911,113778229271395,8804999960795,10121791610250,4140408583,55,2
62,10,36000000000,0.547469,96281461211945,38681143324840,10147961069460,2882751185,376,5
62,15,38700000000,0.678228,85521641363171,47083437400424,10151201153878,2456179118,701,9
62,20,41400000000,0.741805,83234316723342,46128124398586,10153764738337,2443060591,716,9
62,25,44100000000,0.880842,82298930968038,39908915613923,10153764738337,2443060591,716,9
62,30,46800000000,0.947253,82562330736234,36832852865266,10153764738337,2443060591,716,9
62,35,46800000000,1.000000,82979386626464,32252407591934,10153764738337,2443060591,716,9
62,40,46800000000,1.000000,83368678998244,31788085306794,10153764738337,2443060591,716,9
62,45,46800000000,1.000000,83656241049822,31500523255216,10153764738337,2443060591,716,9
62,50,46800000000,1.000000,83915899919016,31240864386022,10153764738337,2443060591,716,9
62,55,46800000000,1.000000,84103257836474,31053506468564,10153764738337,2443060591,716,9
62,60,46800000000,1.000000,84401057261162,30755707043876,10153764738337,2443060591,716,9
62,65,46800000000,1.000000,84652963762580,30503800542458,10153764738337,2443060591,716,9
62,70,46800000000,1.000000,84932934563294,30223829741744,10153764738337,2443060591,716,9
62,75,46800000000,1.000000,85195483404962,29961280900076,10153764738337,2443060591,716,9
62,80,46800000000,1.000000,85442060170658,29714704134380,10153764738337,2443060591,716,9
62,85,46800000000,1.000000,85625188618226,29531575686812,10153764738337,2443060591,716,9
62,90,46800000000,1.000000,85908392907896,29248371397142,10153764738337,2443060591,716,9
62,95,46800000000,1.000000,86147953484072,29008810820966,10153764738337,2443060591,716,9
62,100,46800000000,1.000000,86414202929810,28742561375228,10153764738337,2443060591,716,9
62,105,46800000000,1.000000,86663884265768,28492880039270,10153764738337,2443060591,716,9
62,110,46800000000,1.000000,86898376316594,28258387988444,10153764738337,2443060591,716,9
62,115,46800000000,1.000000,87072529648118,28084234656920,10153764738337,2443060591,716,9
62,120,46800000000,1.000000,87341854109720,27814910195318,10153764738337,2443060591,716,9
62,125,46800000000,1.000000,87569673834080,27587090470958,10153764738337,2443060591,716,9
62,130,46800000000,1.000000,87822874407806,27333889897232,10153764738337,2443060591,716,9
62,135,46800000000,1.000000,88060318873940,27096445431098,10153764738337,2443060591,716,9
62,140,46800000000,1.000000,88283318480888,26873445824150,10153764738337,2443060591,716,9
62,145,46800000000,1.000000,88448936566226,26707827738812,10153764738337,2443060591,716,9
62,150,46800000000,1.000000,88705061449358,26451702855680,10153764738337,2443060591,716,9
62,155,46800000000,1.000000,88921715740460,26235048564578,10153764738337,2443060591,716,9
62,160,46800000000,1.000000,89162506966622,25994257338416,10153764738337,2443060591,716,9
62,165,46800000000,1.000000,89388314291384,25768450013654,10153764738337,2443060591,716,9
62,170,46800000000,1.000000,89600384698808,25556379606230,10153764738337,2443060591,716,9
62,175,46800000000,1.000000,89757885850208,25398878454830,10153764738337,2443060591,716,9
62,180,46800000000,1.000000,90001458065606,25155306239432,10153764738337,2443060591,716,9
62,185,46800000000,1.000000,90207494140580,24949270164458,10153764738337,2443060591,716,9
62,190,46800000000,1.000000,90436484200742,24720280104296,10153764738337,2443060591,716,9
62,195,46800000000,1.000000,90651224719808,24505539585230,10153764738337,2443060591,716,9
63,0,60000000000,1.000000,108856551245744,3068067683149,10104671071107,4231893400,0,0
63,5,48000000000,0.328775,107539484797649,13302378091575,10116317387348,4134119841,50,2
63,10,36000000000,0.353913,99370271457394,35425631480169,10121422970426,3601255871,354,10
63,15,38700000000,0.431711,90829592315877,48816208279718,10125183593433,3333467566,623,10
63,20,41400000000,0.855071,73104091840636,45373264113157,10127847466961,3319872632,645,10
63,25,44100000000,0.916390,70960350888976,44676490158135,10127847466961,3319872632,645,10
63,30,46800000000,1.000000,71364237635061,39924932738473,10127847466961,3319872632,645,10
63,35,46800000000,1.000000,71771724916790,38647514327607,10127847466961,3319872632,645,10
63,40,46800000000,1.000000,72104573179542,38271536034275,10127847466961,3319872632,645,10
63,45,46800000000,1.000000,72491960739452,37884148474365,10127847466961,3319872632,645,10
63,50,46800000000,1.000000,72830084770538,37546024443279,10127847466961,3319872632,645,10
63,55,46800000000,1.000000,73066761538762,37309347675055,10127847466961,3319872632,645,10
63,60,46800000000,1.000000,73388374325998,36987734887819,10127847466961,3319872632,645,10
63,65,46800000000,1.000000,73728127082728,36647982131089,10127847466961,3319872632,645,10
63,70,46800000000,1.000000,74033210158096,36342899055721,10127847466961,3319872632,645,10
63,75,46800000000,1.000000,74343146138650,36032963075167,10127847466961,3319872632,645,10
63,80,46800000000,1.000000,74664028909426,35712080304391,10127847466961,3319872632,645,10
63,85,46800000000,1.000000,74895290784814,35480818429003,10127847466961,3319872632,645,10
63,90,46800000000,1.000000,75201141345508,35174967868309,10127847466961,3319872632,645,10
63,95,46800000000,1.000000,75524242836478,34851866377339,10127847466961,3319872632,645,10
63,100,46800000000,1.000000,75814373805442,34561735408375,10127847466961,3319872632,645,10
63,105,46800000000,1.000000,76109119839160,34266989374657,10127847466961,3319872632,645,10
63,110,46800000000,1.000000,76414276161364,33961833052453,10127847466961,3319872632,645,10
63,115,46800000000,1.000000,76634203903900,33741905309917,10127847466961,3319872632,645,10
63,120,46800000000,1.000000,76925064743716,33451044470101,10127847466961,3319872632,645,10
63,125,46800000000,1.000000,77232331046842,33143778166975,10127847466961,3319872632,645,10
63,130,46800000000,1.000000,77508242711590,32867866502227,10127847466961,3319872632,645,10
63,135,46800000000,1.000000,77788543256824,32587565956993,10127847466961,3319872632,645,10
63,140,46800000000,1.000000,78078743882914,32297365330903,10127847466961,3319872632,645,10
63,145,46800000000,1.000000,78287892977650,32088216236167,10127847466961,3319872632,645,10
63,150,46800000000,1.000000,78564498742318,31811610471499,10127847466961,3319872632,645,10
63,155,46800000000,1.000000,78856705939186,31519403274631,10127847466961,3319872632,645,10
63,160,46800000000,1.000000,79119095186992,31257014026825,10127847466961,3319872632,645,10
63,165,46800000000,1.000000,79385658216574,30990450997243,10127847466961,3319872632,645,10
63,170,46800000000,1.000000,79661636124460,30714473089357,10127847466961,3319872632,645,10
63,175,46800000000,1.000000,79860534832444,30515574381373,10127847466961,3319872632,645,10
63,180,46800000000,1.000000,80123584162456,30252525051361,10127847466961,3319872632,645,10
63,185,46800000000,1.000000,80401470299374,29974638914443,10127847466961,3319872632,645,10
63,190,46800000000,1.000000,80650999863214,29725109350603,10127847466961,3319872632,645,10
63,195,46800000000,1.000000,80904498651958,29471610561859,10127847466961,3319872632,645,10
64,0,60000000000,1.000000,94674791565092,2999980579351,10083148855557,3343787696,0,0
64,5,48000000000,0.393197,93426327693689,10772043002755,10096053559011,3263920036,51,3
64,10,36000000000,0.374026,87281422824644,27735103889316,10102845314839,2854338077,394,7
64,15,38700000000,0.404930,81837003184070,39059825597273,10104430460276,2635236154,673,8
64,20,41400000000,0.846496,66269742994260,37073697460653,10105448224431,2630041465,683,8
64,25,44100000000,0.912166,64822545594442,35991158597390,10105448224431,2630041465,683,8
64,30,46800000000,1.000000,65176791839041,31487316031700,10105448224431,2630041465,683,8
64,35,46800000000,1.000000,65463951549604,31399923260849,10105448224431,2630041465,683,8
64,40,46800000000,1.000000,65762735797663,30879756826310,10105448224431,2630041465,683,8
64,45,46800000000,1.000000,66048664808997,30593827814976,10105448224431,2630041465,683,8
64,50,46800000000,1.000000,66323315840013,30319176783960,10105448224431,2630041465,683,8
64,55,46800000000,1.000000,66530040909982,30112451713991,10105448224431,2630041465,683,8
64,60,46800000000,1.000000,66814485735334,29828006888639,10105448224431,2630041465,683,8
64,65,46800000000,1.000000,67046842880320,29595649743653,10105448224431,2630041465,683,8
64,70,46800000000,1.000000,67286486622982,29356006000991,10105448224431,2630041465,683,8
64,75,46800000000,1.000000,67547103733180,29095388890793,10105448224431,2630041465,683,8
64,80,46800000000,1.000000,67807731666232,28834760957741,10105448224431,2630041465,683,8
64,85,46800000000,1.000000,68005850644978,28636641978995,10105448224431,2630041465,683,8
64,90,46800000000,1.000000,68276354843602,28366137780371,10105448224431,2630041465,683,8
64,95,46800000000,1.000000,68497324176508,28145168447465,10105448224431,2630041465,683,8
64,100,46800000000,1.000000,68725222991200,27917269632773,10105448224431,2630041465,683,8
64,105,46800000000,1.000000,68973067269976,27669425353997,10105448224431,2630041465,683,8
64,110,46800000000,1.000000,69220921841068,27421570782905,10105448224431,2630041465,683,8
64,115,46800000000,1.000000,69409331018602,27233161605371,10105448224431,2630041465,683,8
64,120,46800000000,1.000000,69666577819894,26975914804079,10105448224431,2630041465,683,8
64,125,46800000000,1.000000,69876717456766,26765775167207,10105448224431,2630041465,683,8
64,130,46800000000,1.000000,70093446961852,26549045662121,10105448224431,2630041465,683,8
64,135,46800000000,1.000000,70329144404794,26313348219179,10105448224431,2630041465,683,8
64,140,46800000000,1.000000,70564851635656,26077640988317,10105448224431,2630041465,683,8
64,145,46800000000,1.000000,70744026888796,25898465735177,10105448224431,2630041465,683,8
64,150,46800000000,1.000000,70988666037028,25653826586945,10105448224431,2630041465,683,8
64,155,46800000000,1.000000,71188506740770,25453985883203,10105448224431,2630041465,683,8
64,160,46800000000,1.000000,71394614343580,25247878280393,10105448224431,2630041465,683,8
64,165,46800000000,1.000000,71618760266668,25023732357305,10105448224431,2630041465,683,8
64,170,46800000000,1.000000,71842915497844,24799577126129,10105448224431,2630041465,683,8
64,175,46800000000,1.000000,72013309380868,24629183243105,10105448224431,2630041465,683,8
64,180,46800000000,1.000000,72245958776740,24396533847233,10105448224431,2630041465,683,8
64,185,46800000000,1.000000,72436005297580,24206487326393,10105448224431,2630041465,683,8
64,190,46800000000,1.000000,72632011577074,24010481046899,10105448224431,2630041465,683,8
64,195,46800000000,1.000000,72845172119686,23797320504287,10105448224431,2630041465,683,8
65,0,60000000000,1.000000,99006787175108,2951391371992,10086593452900,2850758342,0,0
65,5,48000000000,0.301154,98432100919206,11671309314030,10097810201064,2817424438,40,1
65,10,36000000000,0.564009,88404250514535,23999417783035,10104644933764,1994611442,324,3
65,15,38700000000,0.554322,82978725484599,34202275159151,10106968157503,1728080068,605,5
65,20,41400000000,0.725879,78962081477270,31651494757943,10107542689748,1725119296,615,6
65,25,44100000000,0.803761,78582943105915,29056270738490,10107542689748,1725119296,615,6
65,30,46800000000,0.917644,78847818529877,25161613045821,10107542689748,1725119296,615,6
65,35,46800000000,0.986469,79132416377835,23117621693153,10107542689748,1725119296,615,6
65,40,46800000000,0.988447,79329378209067,22872083135929,10107542689748,1725119296,615,6
65,45,46800000000,0.988447,79528511802347,22670622143713,10107542689748,1725119296,615,6
65,50,46800000000,0.988447,79712069185220,22484919410785,10107542689748,1725119296,615,6
65,55,46800000000,0.988447,79897758980936,22297059342168,10107542689748,1725119296,615,6
65,60,46800000000,0.988447,80101497345522,22090939759794,10107542689748,1725119296,615,6
65,65,46800000000,0.988447,80286773448604,21903498218904,10107542689748,1725119296,615,6
65,70,46800000000,0.988447,80448759309740,21739619127546,10107542689748,1725119296,615,6
65,75,46800000000,0.988447,80625290913744,21561024288150,10107542689748,1725119296,615,6
65,80,46800000000,0.988447,80799866868255,21384407955162,10107542689748,1725119296,615,6
65,85,46800000000,0.988447,80977912296710,21204281598330,10107542689748,1725119296,615,6
65,90,46800000000,0.988447,81171665454226,21008263926408,10107542689748,1725119296,615,6
65,95,46800000000,0.988447,81347861184676,20830008886164,10107542689748,1725119296,615,6
65,100,46800000000,0.988447,81501908126807,20674161500934,10107542689748,1725119296,615,6
65,105,46800000000,0.988447,81669787925850,20504319585588,10107542689748,1725119296,615,6
65,110,46800000000,0.988447,81835807921662,20336359210164,10107542689748,1725119296,615,6
65,115,46800000000,0.988447,82005127352493,20165060837160,10107542689748,1725119296,615,6
65,120,46800000000,0.988447,82189384677365,19978649981640,10107542689748,1725119296,615,6
65,125,46800000000,0.988447,82356945063890,19809131212002,10107542689748,1725119296,615,6
65,130,46800000000,0.988447,82503442173168,19660921899234,10107542689748,1725119296,615,6
65,135,46800000000,0.988447,82663094191562,19499403927750,10107542689748,1725119296,615,6
65,140,46800000000,0.988447,82820977555592,19339675281996,10107542689748,1725119296,615,6
65,145,46800000000,0.988447,82981998649619,19176772233648,10107542689748,1725119296,615,6
65,150,46800000000,0.988447,83157225532309,18999497364732,10107542689748,1725119296,615,6
65,155,46800000000,0.988447,83316573792731,18838286701440,10107542689748,1725119296,615,6
65,160,46800000000,0.988447,83455891086014,18697341119670,10107542689748,1725119296,615,6
65,165,46800000000,0.988447,83607718566903,18543739135950,10107542689748,1725119296,615,6
65,170,46800000000,0.988447,83757864075029,18391838783262,10107542689748,1725119296,615,6
65,175,46800000000,0.988447,83910993533313,18236919605136,10107542689748,1725119296,615,6
65,180,46800000000,0.988447,84077632555228,18068332968690,10107542689748,1725119296,615,6
65,185,46800000000,0.988447,84229171165345,17915023231974,10107542689748,1725119296,615,6
65,190,46800000000,0.988447,84361660525034,17780985386148,10107542689748,1725119296,615,6
65,195,46800000000,0.988447,84506046948722,17634911427942,10107542689748,1725119296,615,6
66,0,60000000000,1.000000,100466577738596,2998920837618,10088531423786,3054902226,0,0
66,5,48000000000,0.501096,97968128695946,10885327594878,10131306374044,2860224499,56,2
66,10,36000000000,0.534592,90100613010387,24910037880696,10136711492001,2257930877,385,14
66,15,38700000000,0.498452,85190150214789,36564170692580,10138386748227,2008202661,648,17
66,20,41400000000,0.761895,78082996571615,33247879513823,10139641183933,2001613341,667,17
66,25,44100000000,0.828376,77335511814129,31481941554428,10139641183933,2001613341,667,17
66,30,46800000000,0.948651,77632680661479,27177228948399,10139641183933,2001613341,667,17
66,35,46800000000,0.998372,77924437254690,25531528969524,10139641183933,2001613341,667,17
66,40,46800000000,1.000000,78169916383596,25214506785477,10139641183933,2001613341,667,17
66,45,46800000000,1.000000,78389914813932,24994508355141,10139641183933,2001613341,667,17
66,50,46800000000,1.000000,78589117992003,24795305177070,10139641183933,2001613341,667,17
66,55,46800000000,1.000000,78787903483169,24596519685904,10139641183933,2001613341,667,17
66,60,46800000000,1.000000,79012016384633,24372406784440,10139641183933,2001613341,667,17
66,65,46800000000,1.000000,79222674184823,24161748984250,10139641183933,2001613341,667,17
66,70,46800000000,1.000000,79419598535519,23964824633554,10139641183933,2001613341,667,17
66,75,46800000000,1.000000,79613124474467,23771298694606,10139641183933,2001613341,667,17
66,80,46800000000,1.000000,79802603543177,23581819625896,10139641183933,2001613341,667,17
66,85,46800000000,1.000000,79993377664037,23391045505036,10139641183933,2001613341,667,17
66,90,46800000000,1.000000,80206506803411,23177916365662,10139641183933,2001613341,667,17
66,95,46800000000,1.000000,80406840275555,22977582893518,10139641183933,2001613341,667,17
66,100,46800000000,1.000000,80594113373645,22790309795428,10139641183933,2001613341,667,17
66,105,46800000000,1.000000,80778154616081,22606268552992,10139641183933,2001613341,667,17
66,110,46800000000,1.000000,80958347325023,22426075844050,10139641183933,2001613341,667,17
66,115,46800000000,1.000000,81139771615781,22244651553292,10139641183933,2001613341,667,17
66,120,46800000000,1.000000,81342455306831,22041967862242,10139641183933,2001613341,667,17
66,125,46800000000,1.000000,81532970445515,21851452723558,10139641183933,2001613341,667,17
66,130,46800000000,1.000000,81711065298413,21673357870660,10139641183933,2001613341,667,17
66,135,46800000000,1.000000,81886086688625,21498336480448,10139641183933,2001613341,667,17
66,140,46800000000,1.000000,82057448161919,21326975007154,10139641183933,2001613341,667,17
66,145,46800000000,1.000000,82229980857227,21154442311846,10139641183933,2001613341,667,17
66,150,46800000000,1.000000,82422731030513,20961692138560,10139641183933,2001613341,667,17
66,155,46800000000,1.000000,82603909031675,20780514137398,10139641183933,2001613341,667,17
66,160,46800000000,1.000000,82773275464769,20611147704304,10139641183933,2001613341,667,17
66,165,46800000000,1.000000,82939719065447,20444704103626,10139641183933,2001613341,667,17
66,170,46800000000,1.000000,83102682121457,20281741047616,10139641183933,2001613341,667,17
66,175,46800000000,1.000000,83266758997985,20117664171088,10139641183933,2001613341,667,17
66,180,46800000000,1.000000,83450062494881,19934360674192,10139641183933,2001613341,667,17
66,185,46800000000,1.000000,83622360971267,19762062197806,10139641183933,2001613341,667,17
66,190,46800000000,1.000000,83783426763845,19600996405228,10139641183933,2001613341,667,17
66,195,46800000000,1.000000,83941712972057,19442710197016,10139641183933,2001613341,667,17
67,0,60000000000,1.000000,102126763116504,2968445407663,10084667475833,3040059764,0,0
67,5,48000000000,0.325655,101658737480397,10526823371642,10093021119587,2999494573,51,5
67,10,36000000000,0.370437,96108122677617,24224662298518,10098039305119,2655147613,351,9
67,15,38700000000,0.525466,86182272107379,35962471005653,10100560649537,2183767040,633,14
67,20,41400000000,0.863381,75956407018297,33731002351981,10100779198150,2182554336,642,15
67,25,44100000000,0.923650,75198642100292,32350401380109,10100779198150,2182554336,642,15
67,30,46800000000,1.000000,75520004627246,28469187515864,10100779198150,2182554336,642,15
67,35,46800000000,1.000000,75842963760176,27074938790294,10100779198150,2182554336,642,15
67,40,46800000000,1.000000,76082844998407,26797480269663,10100779198150,2182554336,642,15
67,45,46800000000,1.000000,76319350036711,26560975231359,10100779198150,2182554336,642,15
67,50,46800000000,1.000000,76549893689347,26330431578723,10100779198150,2182554336,642,15
67,55,46800000000,1.000000,76738056522104,26142268745966,10100779198150,2182554336,642,15
67,60,46800000000,1.000000,76976678259026,25903647009044,10100779198150,2182554336,642,15
67,65,46800000000,1.000000,77209285478636,25671039789434,10100779198150,2182554336,642,15
67,70,46800000000,1.000000,77416426071212,25463899196858,10100779198150,2182554336,642,15
67,75,46800000000,1.000000,77621369124560,25258956143510,10100779198150,2182554336,642,15
67,80,46800000000,1.000000,77836947783308,25043377484762,10100779198150,2182554336,642,15
67,85,46800000000,1.000000,78019287787430,24861037480640,10100779198150,2182554336,642,15
67,90,46800000000,1.000000,78246214684862,24634110583208,10100779198150,2182554336,642,15
67,95,46800000000,1.000000,78467421836186,24412903431884,10100779198150,2182554336,642,15
67,100,46800000000,1.000000,78664410478724,24215914789346,10100779198150,2182554336,642,15
67,105,46800000000,1.000000,78859309283366,24021015984704,10100779198150,2182554336,642,15
67,110,46800000000,1.000000,79064322442814,23816002825256,10100779198150,2182554336,642,15
67,115,46800000000,1.000000,79237725972398,23642599295672,10100779198150,2182554336,642,15
67,120,46800000000,1.000000,79453531194008,23426794074062,10100779198150,2182554336,642,15
67,125,46800000000,1.000000,79663896993920,23216428274150,10100779198150,2182554336,642,15
67,130,46800000000,1.000000,79851231232742,23029094035328,10100779198150,2182554336,642,15
67,135,46800000000,1.000000,80036578056566,22843747211504,10100779198150,2182554336,642,15
67,140,46800000000,1.000000,80231543531216,22648781736854,10100779198150,2182554336,642,15
67,145,46800000000,1.000000,80396448562496,22483876705574,10100779198150,2182554336,642,15
67,150,46800000000,1.000000,80601677180906,22278648087164,10100779198150,2182554336,642,15
67,155,46800000000,1.000000,80801732963444,22078592304626,10100779198150,2182554336,642,15
67,160,46800000000,1.000000,80979885960578,21900439307492,10100779198150,2182554336,642,15
67,165,46800000000,1.000000,81156148945784,21724176322286,10100779198150,2182554336,642,15
67,170,46800000000,1.000000,81341559172274,21538766095796,10100779198150,2182554336,642,15
67,175,46800000000,1.000000,81498382216184,21381943051886,10100779198150,2182554336,642,15
67,180,46800000000,1.000000,81693552590324,21186772677746,10100779198150,2182554336,642,15
67,185,46800000000,1.000000,81883803649022,20996521619048,10100779198150,2182554336,642,15
67,190,46800000000,1.000000,82053225376766,20827099891304,10100779198150,2182554336,642,15
67,195,46800000000,1.000000,82220849722004,20659475546066,10100779198150,2182554336,642,15
68,0,60000000000,1.000000,120581715925480,3157661542830,10110708531690,3666492150,0,0
68,5,48000000000,0.377180,119329980749848,11659089379346,10122534413784,3553990319,58,3
68,10,36000000000,0.429773,109275940202573,33593473344351,10136590154531,2888987121,352,8
68,15,38700000000,0.611634,97546876489413,42777625765247,10138979548665,2470056717,624,12
68,20,41400000000,0.781299,91670185359457,41008887515974,10139680633534,2464917021,646,13
68,25,44100000000,0.918458,90109286014920,36584263145207,10139680633534,2464917021,646,13
68,30,46800000000,0.984352,90407417400540,33832412391332,10139680633534,2464917021,646,13
68,35,46800000000,1.000000,90771958670877,31085902462187,10139680633534,2464917021,646,13
68,40,46800000000,1.000000,91067920040680,30794558284084,10139680633534,2464917021,646,13
68,45,46800000000,1.000000,91363354921242,30499123403522,10139680633534,2464917021,646,13
68,50,46800000000,1.000000,91590683131194,30271795193570,10139680633534,2464917021,646,13
68,55,46800000000,1.000000,91838812793963,30023665530801,10139680633534,2464917021,646,13
68,60,46800000000,1.000000,92104683297803,29757795026961,10139680633534,2464917021,646,13
68,65,46800000000,1.000000,92334445938095,29528032386669,10139680633534,2464917021,646,13
68,70,46800000000,1.000000,92590842205979,29271636118785,10139680633534,2464917021,646,13
68,75,46800000000,1.000000,92857082673755,29005395651009,10139680633534,2464917021,646,13
68,80,46800000000,1.000000,93073279866959,28789198457805,10139680633534,2464917021,646,13
68,85,46800000000,1.000000,93310271121917,28552207202847,10139680633534,2464917021,646,13
68,90,46800000000,1.000000,93563111325557,28299366999207,10139680633534,2464917021,646,13
68,95,46800000000,1.000000,93781613310365,28080865014399,10139680633534,2464917021,646,13
68,100,46800000000,1.000000,94025443609871,27837034714893,10139680633534,2464917021,646,13
68,105,46800000000,1.000000,94278635645489,27583842679275,10139680633534,2464917021,646,13
68,110,46800000000,1.000000,94484237024921,27378241299843,10139680633534,2464917021,646,13
68,115,46800000000,1.000000,94709613350225,27152864974539,10139680633534,2464917021,646,13
68,120,46800000000,1.000000,94950061868153,26912416456611,10139680633534,2464917021,646,13
68,125,46800000000,1.000000,95157855081617,26704623243147,10139680633534,2464917021,646,13
68,130,46800000000,1.000000,95389735270439,26472743054325,10139680633534,2464917021,646,13
68,135,46800000000,1.000000,95630518377011,26231959947753,10139680633534,2464917021,646,13
68,140,46800000000,1.000000,95826043243241,26036435081523,10139680633534,2464917021,646,13
68,145,46800000000,1.000000,96040373886137,25822104438627,10139680633534,2464917021,646,13
68,150,46800000000,1.000000,96269038034231,25593440290533,10139680633534,2464917021,646,13
68,155,46800000000,1.000000,96466647312749,25395831012015,10139680633534,2464917021,646,13
68,160,46800000000,1.000000,96687163064831,25175315259933,10139680633534,2464917021,646,13
68,165,46800000000,1.000000,96916145403419,24946332921345,10139680633534,2464917021,646,13
68,170,46800000000,1.000000,97102087605575,24760390719189,10139680633534,2464917021,646,13
68,175,46800000000,1.000000,97305913914395,24556564410369,10139680633534,2464917021,646,13
68,180,46800000000,1.000000,97523371244003,24339107080761,10139680633534,2464917021,646,13
68,185,46800000000,1.000000,97711295701619,24151182623145,10139680633534,2464917021,646,13
68,190,46800000000,1.000000,97921003987799,23941474336965,10139680633534,2464917021,646,13
68,195,46800000000,1.000000,98138763913397,23723714411367,10139680633534,2464917021,646,13
69,0,60000000000,1.000000,108402758172896,3029383209192,10095131617912,3732485868,0,0
69,5,48000000000,0.363160,107216218870496,11568569923213,10109814080114,3660009562,63,3
69,10,36000000000,0.364527,100348631981793,30347423017158,10116193342338,3239105130,399,8
69,15,38700000000,0.419048,93035039442057,43848548355398,10117602622640,2959685913,670,11
69,20,41400000000,0.854843,76885672310517,40385631462254,10118213032311,2956574770,692,11
69,25,44100000000,0.927120,74301225034459,40024855620508,10118213032311,2956574770,692,11
69,30,46800000000,1.000000,74645370924097,36161915333053,10118213032311,2956574770,692,11
69,35,46800000000,1.000000,75039068569471,34882727252170,10118213032311,2956574770,692,11
69,40,46800000000,1.000000,75388819469986,34473029756095,10118213032311,2956574770,692,11
69,45,46800000000,1.000000,75660190231076,34201658995005,10118213032311,2956574770,692,11
69,50,46800000000,1.000000,75973151980880,33888697245201,10118213032311,2956574770,692,11
69,55,46800000000,1.000000,76180387627002,33681461599079,10118213032311,2956574770,692,11
69,60,46800000000,1.000000,76494615582390,33367233643691,10118213032311,2956574770,692,11
69,65,46800000000,1.000000,76790695934238,33071153291843,10118213032311,2956574770,692,11
69,70,46800000000,1.000000,77088082838879,32773766387202,10118213032311,2956574770,692,11
69,75,46800000000,1.000000,77333114904150,32528734321931,10118213032311,2956574770,692,11
69,80,46800000000,1.000000,77628603072624,32233246153457,10118213032311,2956574770,692,11
69,85,46800000000,1.000000,77829623952558,32032225273523,10118213032311,2956574770,692,11
69,90,46800000000,1.000000,78128572847172,31733276378909,10118213032311,2956574770,692,11
69,95,46800000000,1.000000,78418686170694,31443163055387,10118213032311,2956574770,692,11
69,100,46800000000,1.000000,78692866660104,31168982565977,10118213032311,2956574770,692,11
69,105,46800000000,1.000000,78927346528890,30934502697191,10118213032311,2956574770,692,11
69,110,46800000000,1.000000,79208352837012,30653496389069,10118213032311,2956574770,692,11
69,115,46800000000,1.000000,79399521693702,30462327532379,10118213032311,2956574770,692,11
69,120,46800000000,1.000000,79683819117876,30178030108205,10118213032311,2956574770,692,11
69,125,46800000000,1.000000,79959714001824,29902135224257,10118213032311,2956574770,692,11
69,130,46800000000,1.000000,80220456919098,29641392306983,10118213032311,2956574770,692,11
69,135,46800000000,1.000000,80443444941264,29418404284817,10118213032311,2956574770,692,11
69,140,46800000000,1.000000,80710679144142,29151170081939,10118213032311,2956574770,692,11
69,145,46800000000,1.000000,80892478824702,28969370401379,10118213032311,2956574770,692,11
69,150,46800000000,1.000000,81162842846292,28699006379789,10118213032311,2956574770,692,11
69,155,46800000000,1.000000,81425216135742,28436633090339,10118213032311,2956574770,692,11
69,160,46800000000,1.000000,81673180055622,28188669170459,10118213032311,2956574770,692,11
69,165,46800000000,1.000000,81885239445858,27976609780223,10118213032311,2956574770,692,11
69,170,46800000000,1.000000,82139376513816,27722472712265,10118213032311,2956574770,692,11
69,175,46800000000,1.000000,82312266201168,27549583024913,10118213032311,2956574770,692,11
69,180,46800000000,1.000000,82569379695636,27292469530445,10118213032311,2956574770,692,11
69,185,46800000000,1.000000,82818894083190,27042955142891,10118213032311,2956574770,692,11
69,190,46800000000,1.000000,83054705303766,26807143922315,10118213032311,2956574770,692,11
69,195,46800000000,1.000000,83256371673966,26605477552115,10118213032311,2956574770,692,11
70,0,60000000000,1.000000,93247491444947,2885356739183,10071117815870,2546977688,0,0
70,5,48000000000,0.604122,91956848047484,6889181634137,10085214693922,2443229211,57,3
70,10,36000000000,0.378994,87333061496450,23170460920122,10089433302599,2129624750,386,10
70,15,38700000000,0.728840,74410992412828,29775529895186,10091363540711,1563313279,670,12
70,20,41400000000,0.829356,72116671562853,28931801009697,10092538593866,1557324625,684,12
70,25,44100000000,0.960143,71357833585002,25781155290837,10092538593866,1557324625,684,12
70,30,46800000000,1.000000,71616112786518,23052375654709,10092538593866,1557324625,684,12
70,35,46800000000,1.000000,71846064641101,20964282220086,10092538593866,1557324625,684,12
70,40,46800000000,1.000000,72076849113122,20712329352245,10092538593866,1557324625,684,12
70,45,46800000000,1.000000,72256956276510,20532222188857,10092538593866,1557324625,684,12
70,50,46800000000,1.000000,72440734712658,20348443752709,10092538593866,1557324625,684,12
70,55,46800000000,1.000000,72591628412812,20197550052555,10092538593866,1557324625,684,12
70,60,46800000000,1.000000,72760311250192,20028867215175,10092538593866,1557324625,684,12
70,65,46800000000,1.000000,72926127613678,19863050851689,10092538593866,1557324625,684,12
70,70,46800000000,1.000000,73097568892012,19691609573355,10092538593866,1557324625,684,12
70,75,46800000000,1.000000,73262512316566,19526666148801,10092538593866,1557324625,684,12
70,80,46800000000,1.000000,73436501550790,19352676914577,10092538593866,1557324625,684,12
70,85,46800000000,1.000000,73581509312050,19207669153317,10092538593866,1557324625,684,12
70,90,46800000000,1.000000,73741925012056,19047253453311,10092538593866,1557324625,684,12
70,95,46800000000,1.000000,73899614723860,18889563741507,10092538593866,1557324625,684,12
70,100,46800000000,1.000000,74062653673600,18726524791767,10092538593866,1557324625,684,12
70,105,46800000000,1.000000,74219513229082,18569665236285,10092538593866,1557324625,684,12
70,110,46800000000,1.000000,74384975259718,18404203205649,10092538593866,1557324625,684,12
70,115,46800000000,1.000000,74522876197810,18266302267557,10092538593866,1557324625,684,12
70,120,46800000000,1.000000,74675429932468,18113748532899,10092538593866,1557324625,684,12
70,125,46800000000,1.000000,74825391279382,17963787185985,10092538593866,1557324625,684,12
70,130,46800000000,1.000000,74980439698438,17808738766929,10092538593866,1557324625,684,12
70,135,46800000000,1.000000,75129611574952,17659566890415,10092538593866,1557324625,684,12
70,140,46800000000,1.000000,75286964319862,17502214145505,10092538593866,1557324625,684,12
70,145,46800000000,1.000000,75418106739850,17371071725517,10092538593866,1557324625,684,12
70,150,46800000000,1.000000,75563183823526,17225994641841,10092538593866,1557324625,684,12
70,155,46800000000,1.000000,75705795572206,17083382893161,10092538593866,1557324625,684,12
70,160,46800000000,1.000000,75853245075868,16935933389499,10092538593866,1557324625,684,12
70,165,46800000000,1.000000,75995106046222,16794072419145,10092538593866,1557324625,684,12
70,170,46800000000,1.000000,76144746940768,16644431524599,10092538593866,1557324625,684,12
70,175,46800000000,1.000000,76269462077386,16519716387981,10092538593866,1557324625,684,12
70,180,46800000000,1.000000,76407428940298,16381749525069,10092538593866,1557324625,684,12
70,185,46800000000,1.000000,76543051294312,16246127171055,10092538593866,1557324625,684,12
70,190,46800000000,1.000000,76683274305244,16105904160123,10092538593866,1557324625,684,12
70,195,46800000000,1.000000,76818182676460,15970995788907,10092538593866,1557324625,684,12
71,0,60000000000,1.000000,111867549166395,3056615503035,10102317330570,4216549288,0,0
71,5,48000000000,0.355152,110496416031780,12418298976364,10119683379667,4115015898,56,6
71,10,36000000000,0.380475,102394812103018,32871931786003,10124712884690,3623594384,369,11
71,15,38700000000,0.411164,94595179653084,49381628092303,10127342947663,3313223386,677,16
71,20,41400000000,0.875561,75114530812836,45438158858321,10128073233631,3308671264,689,17
71,25,44100000000,0.934303,72885133790366,44967510623687,10128073233631,3308671264,689,17
71,30,46800000000,1.000000,73339259531480,39013229158144,10128073233631,3308671264,689,17
71,35,46800000000,1.000000,73698041328609,38961658974789,10128073233631,3308671264,689,17
71,40,46800000000,1.000000,74049595783750,38406420793208,10128073233631,3308671264,689,17
71,45,46800000000,1.000000,74417534560489,38038482016469,10128073233631,3308671264,689,17
71,50,46800000000,1.000000,74741693869516,37714322707442,10128073233631,3308671264,689,17
71,55,46800000000,1.000000,75016807131203,37439209445755,10128073233631,3308671264,689,17
71,60,46800000000,1.000000,75358024648157,37097991928801,10128073233631,3308671264,689,17
71,65,46800000000,1.000000,75671442121973,36784574454985,10128073233631,3308671264,689,17
71,70,46800000000,1.000000,75957543906131,36498472670827,10128073233631,3308671264,689,17
71,75,46800000000,1.000000,76276396434473,36179620142485,10128073233631,3308671264,689,17
71,80,46800000000,1.000000,76583788013063,35872228563895,10128073233631,3308671264,689,17
71,85,46800000000,1.000000,76851700897451,35604315679507,10128073233631,3308671264,689,17
71,90,46800000000,1.000000,77176195360745,35279821216213,10128073233631,3308671264,689,17
71,95,46800000000,1.000000,77474252259695,34981764317263,10128073233631,3308671264,689,17
71,100,46800000000,1.000000,77746332209621,34709684367337,10128073233631,3308671264,689,17
71,105,46800000000,1.000000,78049557791585,34406458785373,10128073233631,3308671264,689,17
71,110,46800000000,1.000000,78341884124159,34114132452799,10128073233631,3308671264,689,17
71,115,46800000000,1.000000,78596666611541,33859349965417,10128073233631,3308671264,689,17
71,120,46800000000,1.000000,78905257617335,33550758959623,10128073233631,3308671264,689,17
71,125,46800000000,1.000000,79188706762619,33267309814339,10128073233631,3308671264,689,17
71,130,46800000000,1.000000,79447452087839,33008564489119,10128073233631,3308671264,689,17
71,135,46800000000,1.000000,79735816598933,32720199978025,10128073233631,3308671264,689,17
71,140,46800000000,1.000000,80013816032633,32442200544325,10128073233631,3308671264,689,17
71,145,46800000000,1.000000,80256111642941,32199904934017,10128073233631,3308671264,689,17
71,150,46800000000,1.000000,80549578618949,31906437958009,10128073233631,3308671264,689,17
71,155,46800000000,1.000000,80819135935751,31636880641207,10128073233631,3308671264,689,17
71,160,46800000000,1.000000,81065200165313,31390816411645,10128073233631,3308671264,689,17
71,165,46800000000,1.000000,81339431946215,31116584630743,10128073233631,3308671264,689,17
71,170,46800000000,1.000000,81603806641529,30852209935429,10128073233631,3308671264,689,17
71,175,46800000000,1.000000,81834227356079,30621789220879,10128073233631,3308671264,689,17
71,180,46800000000,1.000000,82113311530385,30342705046573,10128073233631,3308671264,689,17
71,185,46800000000,1.000000,82369657856489,30086358720469,10128073233631,3308671264,689,17
71,190,46800000000,1.000000,82603662490547,29852354086411,10128073233631,3308671264,689,17
71,195,46800000000,1.000000,82864454185583,29591562391375,10128073233631,3308671264,689,17
72,0,60000000000,1.000000,119253079880476,3283341613921,10124845505603,4198640274,0,0
72,5,48000000000,0.268104,118694636677146,14291299161736,10135073402890,4153590918,49,1
72,10,36000000000,0.362366,110105653790836,34263751689565,10139602169794,3545204256,364,4
72,15,38700000000,0.624981,92144543519922,48603273530795,10140598845471,2417304960,660,7
72,20,41400000000,0.766310,88279294979888,44681646752370,10141987621043,2410218524,681,7
72,25,44100000000,0.850892,87769029131414,40839810677903,10141987621043,2410218524,681,7
72,30,46800000000,0.990502,88191266734037,34657174049220,10141987621043,2410218524,681,7
72,35,46800000000,1.000000,88591638290490,31632836680987,10141987621043,2410218524,681,7
72,40,46800000000,1.000000,88852112734683,31329699124774,10141987621043,2410218524,681,7
72,45,46800000000,1.000000,89160128584522,31021683274935,10141987621043,2410218524,681,7
72,50,46800000000,1.000000,89428151964166,30753659895291,10141987621043,2410218524,681,7
72,55,46800000000,1.000000,89671526203406,30510285656051,10141987621043,2410218524,681,7
72,60,46800000000,1.000000,89934934037744,30246877821713,10141987621043,2410218524,681,7
72,65,46800000000,1.000000,90213032732972,29968779126485,10141987621043,2410218524,681,7
72,70,46800000000,1.000000,90405472693694,29776339165763,10141987621043,2410218524,681,7
72,75,46800000000,1.000000,90678655573556,29503156285901,10141987621043,2410218524,681,7
72,80,46800000000,1.000000,90931905972554,29249905886903,10141987621043,2410218524,681,7
72,85,46800000000,1.000000,91166833759670,29014978099787,10141987621043,2410218524,681,7
72,90,46800000000,1.000000,91417331989418,28764479870039,10141987621043,2410218524,681,7
72,95,46800000000,1.000000,91681801081430,28500010778027,10141987621043,2410218524,681,7
72,100,46800000000,1.000000,91864809569198,28317002290259,10141987621043,2410218524,681,7
72,105,46800000000,1.000000,92124603769682,28057208089775,10141987621043,2410218524,681,7
72,110,46800000000,1.000000,92365442379212,27816369480245,10141987621043,2410218524,681,7
72,115,46800000000,1.000000,92588856367190,27592955492267,10141987621043,2410218524,681,7
72,120,46800000000,1.000000,92827077691028,27354734168429,10141987621043,2410218524,681,7
72,125,46800000000,1.000000,93078585166094,27103226693363,10141987621043,2410218524,681,7
72,130,46800000000,1.000000,93252624417098,26929187442359,10141987621043,2410218524,681,7
72,135,46800000000,1.000000,93499686116828,26682125742629,10141987621043,2410218524,681,7
72,140,46800000000,1.000000,93728721238100,26453090621357,10141987621043,2410218524,681,7
72,145,46800000000,1.000000,93941185717706,26240626141751,10141987621043,2410218524,681,7
72,150,46800000000,1.000000,94167731826506,26014080032951,10141987621043,2410218524,681,7
72,155,46800000000,1.000000,94406912932712,25774898926745,10141987621043,2410218524,681,7
72,160,46800000000,1.000000,94572422528702,25609389330755,10141987621043,2410218524,681,7
72,165,46800000000,1.000000,94807375746818,25374436112639,10141987621043,2410218524,681,7
72,170,46800000000,1.000000,95025185868212,25156625991245,10141987621043,2410218524,681,7
72,175,46800000000,1.000000,95227237474250,24954574385207,10141987621043,2410218524,681,7
72,180,46800000000,1.000000,95442680569502,24739131289955,10141987621043,2410218524,681,7
72,185,46800000000,1.000000,95670139421660,24511672437797,10141987621043,2410218524,681,7
72,190,46800000000,1.000000,95827537400480,24354274458977,10141987621043,2410218524,681,7
72,195,46800000000,1.000000,96050975573168,24130836286289,10141987621043,2410218524,681,7
73,0,60000000000,1.000000,97853858184337,3097889764008,10092857051655,3107425986,0,0
73,5,48000000000,0.302911,97470511365195,11459105770271,10103008385823,3075110959,44,4
73,10,36000000000,0.315227,92311835985480,27359600867420,10108278963125,2684748856,336,7
73,15,38700000000,0.567473,80058395425523,36788739290196,10109589082755,1888877834,602,11
73,20,41400000000,0.700631,76356138845567,35079703645990,10110544922949,1883992962,612,12
73,25,44100000000,0.818613,75683950826691,30844981471541,10110544922949,1883992962,612,12
73,30,46800000000,0.927436,75962013353215,26925911546153,10110544922949,1883992962,612,12
73,35,46800000000,0.990566,76239976115896,24929276347979,10110544922949,1883992962,612,12
73,40,46800000000,0.991275,76457031817030,24692471770887,10110544922949,1883992962,612,12
73,45,46800000000,0.991275,76699147086134,24448225435119,10110544922949,1883992962,612,12
73,50,46800000000,0.991275,76887179402000,24258538083495,10110544922949,1883992962,612,12
73,55,46800000000,0.991275,77090327488402,24053601914377,10110544922949,1883992962,612,12
73,60,46800000000,0.991275,77291287621612,23850872956477,10110544922949,1883992962,612,12
73,65,46800000000,0.991275,77502614858812,23637685644781,10110544922949,1883992962,612,12
73,70,46800000000,0.991275,77666948738500,23471905319785,10110544922949,1883992962,612,12
73,75,46800000000,0.991275,77878991507836,23257996177945,10110544922949,1883992962,612,12
73,80,46800000000,0.991275,78057887443605,23077525623619,10110544922949,1883992962,612,12
73,85,46800000000,0.991275,78258907607806,22874736106399,10110544922949,1883992962,612,12
73,90,46800000000,0.991275,78450018694903,22681942884607,10110544922949,1883992962,612,12
73,95,46800000000,0.991275,78650988794681,22479203872471,10110544922949,1883992962,612,12
73,100,46800000000,0.991275,78807268679046,22321548433021,10110544922949,1883992962,612,12
73,105,46800000000,0.991275,79008919242908,22118122967479,10110544922949,1883992962,612,12
73,110,46800000000,0.991275,79179047497897,21946497265921,10110544922949,1883992962,612,12
73,115,46800000000,0.991275,79370215673985,21753646452715,10110544922949,1883992962,612,12
73,120,46800000000,0.991275,79551960416220,21570302017135,10110544922949,1883992962,612,12
73,125,46800000000,0.991275,79743080981514,21377499233803,10110544922949,1883992962,612,12
73,130,46800000000,0.991275,79891701596668,21227570479423,10110544922949,1883992962,612,12
73,135,46800000000,0.991275,80083469276309,21034114885933,10110544922949,1883992962,612,12
73,140,46800000000,0.991275,80245259553936,20870900551531,10110544922949,1883992962,612,12
73,145,46800000000,0.991275,80427058587210,20687501347087,10110544922949,1883992962,612,12
73,150,46800000000,0.991275,80599896028694,20513142613141,10110544922949,1883992962,612,12
73,155,46800000000,0.991275,80781649784743,20329789084483,10110544922949,1883992962,612,12
73,160,46800000000,0.991275,80922986510800,20187208331065,10110544922949,1883992962,612,12
73,165,46800000000,0.991275,81105355666091,20003233986505,10110544922949,1883992962,612,12
73,170,46800000000,0.991275,81259216610332,19848018778429,10110544922949,1883992962,612,12
73,175,46800000000,0.991275,81432105681949,19673607959989,10110544922949,1883992962,612,12
73,180,46800000000,0.991275,81596472369088,19507794538879,10110544922949,1883992962,612,12
73,185,46800000000,0.991275,81769318382484,19333427157631,10110544922949,1883992962,612,12
73,190,46800000000,0.991275,81903728202787,19197834279655,10110544922949,1883992962,612,12
73,195,46800000000,0.991275,82077159454899,19022876508535,10110544922949,1883992962,612,12
74,0,60000000000,1.000000,120679830951653,3135966503391,10108831544956,4033718636,0,0
74,5,48000000000,0.594900,117378856832272,10787744931871,10128142861034,3855004239,43,1
74,10,36000000000,0.410393,110892504891450,31435502605363,10131203810822,3415220634,324,6
74,15,38700000000,0.471017,101735759398814,46824570158707,10133687788255,2865519525,602,15
74,20,41400000000,0.808264,88002040483646,44276388590084,10135565148560,2855950920,613,15
74,25,44100000000,0.885273,86890984292490,41679901097479,10135565148560,2855950920,613,15
74,30,46800000000,1.000000,87351606832029,35089420918062,10135565148560,2855950920,613,15
74,35,46800000000,1.000000,87635371976048,34738407399568,10135565148560,2855950920,613,15
74,40,46800000000,1.000000,87988764284648,34058778543268,10135565148560,2855950920,613,15
74,45,46800000000,1.000000,88310740818251,33736802009665,10135565148560,2855950920,613,15
74,50,46800000000,1.000000,88618709112527,33428833715389,10135565148560,2855950920,613,15
74,55,46800000000,1.000000,88874472021437,33173070806479,10135565148560,2855950920,613,15
74,60,46800000000,1.000000,89164835201345,32882707626571,10135565148560,2855950920,613,15
74,65,46800000000,1.000000,89408272627133,32639270200783,10135565148560,2855950920,613,15
74,70,46800000000,1.000000,89674907724101,32372635103815,10135565148560,2855950920,613,15
74,75,46800000000,1.000000,89963125571693,32084417256223,10135565148560,2855950920,613,15
74,80,46800000000,1.000000,90256010897393,31791531930523,10135565148560,2855950920,613,15
74,85,46800000000,1.000000,90500282544617,31547260283299,10135565148560,2855950920,613,15
74,90,46800000000,1.000000,90776415039461,31271127788455,10135565148560,2855950920,613,15
74,95,46800000000,1.000000,91007921609183,31039621218733,10135565148560,2855950920,613,15
74,100,46800000000,1.000000,91261488933269,30786053894647,10135565148560,2855950920,613,15
74,105,46800000000,1.000000,91535581238483,30511961589433,10135565148560,2855950920,613,15
74,110,46800000000,1.000000,91814112269003,30233430558913,10135565148560,2855950920,613,15
74,115,46800000000,1.000000,92046412174925,30001130652991,10135565148560,2855950920,613,15
74,120,46800000000,1.000000,92309011430051,29738531397865,10135565148560,2855950920,613,15
74,125,46800000000,1.000000,92529171874379,29518370953537,10135565148560,2855950920,613,15
74,130,46800000000,1.000000,92770311876587,29277230951329,10135565148560,2855950920,613,15
74,135,46800000000,1.000000,93030970931663,29016571896253,10135565148560,2855950920,613,15
74,140,46800000000,1.000000,93295851170165,28751691657751,10135565148560,2855950920,613,15
74,145,46800000000,1.000000,93516766069283,28530776758633,10135565148560,2855950920,613,15
74,150,46800000000,1.000000,93766495348061,28281047479855,10135565148560,2855950920,613,15
74,155,46800000000,1.000000,93975865739951,28071677087965,10135565148560,2855950920,613,15
74,160,46800000000,1.000000,94205187482777,27842355345139,10135565148560,2855950920,613,15
74,165,46800000000,1.000000,94453071650531,27594471177385,10135565148560,2855950920,613,15
74,170,46800000000,1.000000,94704970121951,27342572705965,10135565148560,2855950920,613,15
74,175,46800000000,1.000000,94915057992959,27132484834957,10135565148560,2855950920,613,15
74,180,46800000000,1.000000,95152548052193,26894994775723,10135565148560,2855950920,613,15
74,185,46800000000,1.000000,95351657211521,26695885616395,10135565148560,2855950920,613,15
74,190,46800000000,1.000000,95569739907029,26477802920887,10135565148560,2855950920,613,15
74,195,46800000000,1.000000,95805475284119,26242067543797,10135565148560,2855950920,613,15
75,0,60000000000,1.000000,101370025143948,2974426749838,10080522106214,3197820010,0,0
75,5,48000000000,0.344922,100764493655984,10358160705514,10087722410299,3152806484,53,4
75,10,36000000000,0.384832,94015742128678,26808127046749,10092599451434,2708073229,354,6
75,15,38700000000,0.446376,87659639782029,37334808963854,10099986209841,2424000018,634,9
75,20,41400000000,0.870717,74154646871942,34649493981416,10100411881904,2421785520,647,10
75,25,44100000000,0.918433,72944798452193,34166622408290,10100411881904,2421785520,647,10
75,30,46800000000,1.000000,73271528404835,29906965031183,10100411881904,2421785520,647,10
75,35,46800000000,1.000000,73611125343154,28861837913064,10100411881904,2421785520,647,10
75,40,46800000000,1.000000,73881197125571,28534070384687,10100411881904,2421785520,647,10
75,45,46800000000,1.000000,74128086382033,28287181128225,10100411881904,2421785520,647,10
75,50,46800000000,1.000000,74383389394701,28031878115557,10100411881904,2421785520,647,10
75,55,46800000000,1.000000,74555807773697,27859459736561,10100411881904,2421785520,647,10
75,60,46800000000,1.000000,74818359403907,27596908106351,10100411881904,2421785520,647,10
75,65,46800000000,1.000000,75067953521843,27347313988415,10100411881904,2421785520,647,10
75,70,46800000000,1.000000,75293374840841,27121892669417,10100411881904,2421785520,647,10
75,75,46800000000,1.000000,75513045561275,26902221948983,10100411881904,2421785520,647,10
75,80,46800000000,1.000000,75755444878457,26659822631801,10100411881904,2421785520,647,10
75,85,46800000000,1.000000,75921198483533,26494069026725,10100411881904,2421785520,647,10
75,90,46800000000,1.000000,76170882471461,26244385038797,10100411881904,2421785520,647,10
75,95,46800000000,1.000000,76408243994195,26007023516063,10100411881904,2421785520,647,10
75,100,46800000000,1.000000,76622617425683,25792650084575,10100411881904,2421785520,647,10
75,105,46800000000,1.000000,76831522095059,25583745415199,10100411881904,2421785520,647,10
75,110,46800000000,1.000000,77062041433817,25353226076441,10100411881904,2421785520,647,10
75,115,46800000000,1.000000,77219671462907,25195596047351,10100411881904,2421785520,647,10
75,120,46800000000,1.000000,77457118451039,24958149059219,10100411881904,2421785520,647,10
75,125,46800000000,1.000000,77682846897161,24732420613097,10100411881904,2421785520,647,10
75,130,46800000000,1.000000,77886713897573,24528553612685,10100411881904,2421785520,647,10
75,135,46800000000,1.000000,78085380159485,24329887350773,10100411881904,2421785520,647,10
75,140,46800000000,1.000000,78304601756927,24110665753331,10100411881904,2421785520,647,10
75,145,46800000000,1.000000,78454506346223,23960761164035,10100411881904,2421785520,647,10
75,150,46800000000,1.000000,78680316069389,23734951440869,10100411881904,2421785520,647,10
75,155,46800000000,1.000000,78894981575741,23520285934517,10100411881904,2421785520,647,10
75,160,46800000000,1.000000,79088857064453,23326410445805,10100411881904,2421785520,647,10
75,165,46800000000,1.000000,79277786702705,23137480807553,10100411881904,2421785520,647,10
75,170,46800000000,1.000000,79486264260617,22929003249641,10100411881904,2421785520,647,10
75,175,46800000000,1.000000,79628822033531,22786445476727,10100411881904,2421785520,647,10
75,180,46800000000,1.000000,79843564833317,22571702676941,10100411881904,2421785520,647,10
75,185,46800000000,1.000000,80047709594069,22367557916189,10100411881904,2421785520,647,10
75,190,46800000000,1.000000,80232083254859,22183184255399,10100411881904,2421785520,647,10
75,195,46800000000,1.000000,80411753461043,22003514049215,10100411881904,2421785520,647,10
76,0,60000000000,1.000000,99936578353989,2886468029293,10082893616718,2873344980,0,0
76,5,48000000000,0.415549,99778369964444,7310356573903,10089757204660,2858786164,42,2
76,10,36000000000,0.338512,93870892150575,26390643097043,10101488861251,2493570599,351,3
76,15,38700000000,0.759111,77784508848806,32942056103435,10114749847561,1671848675,649,8
76,20,41400000000,0.851566,75797969050762,31695232220972,10117401839410,1657162050,664,8
76,25,44100000000,0.975455,75567135257424,27906369450826,10117401839410,1657162050,664,8
76,30,46800000000,1.000000,75809431186431,25173618659649,10117401839410,1657162050,664,8
76,35,46800000000,1.000000,76101953269101,22199046187239,10117401839410,1657162050,664,8
76,40,46800000000,1.000000,76353535721855,21911499907285,10117401839410,1657162050,664,8
76,45,46800000000,1.000000,76548091221657,21716944407483,10117401839410,1657162050,664,8
76,50,46800000000,1.000000,76727794945347,21537240683793,10117401839410,1657162050,664,8
76,55,46800000000,1.000000,76873006046295,21392029582845,10117401839410,1657162050,664,8
76,60,46800000000,1.000000,77066432108079,21198603521061,10117401839410,1657162050,664,8
76,65,46800000000,1.000000,77249780228301,21015255400839,10117401839410,1657162050,664,8
76,70,46800000000,1.000000,77435701727223,20829333901917,10117401839410,1657162050,664,8
76,75,46800000000,1.000000,77610857227137,20654178402003,10117401839410,1657162050,664,8
76,80,46800000000,1.000000,77781769483659,20483266145481,10117401839410,1657162050,664,8
76,85,46800000000,1.000000,77921428327323,20343607301817,10117401839410,1657162050,664,8
76,90,46800000000,1.000000,78105374587497,20159661041643,10117401839410,1657162050,664,8
76,95,46800000000,1.000000,78279736825461,19985298803679,10117401839410,1657162050,664,8
76,100,46800000000,1.000000,78456546321123,19808489308017,10117401839410,1657162050,664,8
76,105,46800000000,1.000000,78623117458641,19641918170499,10117401839410,1657162050,664,8
76,110,46800000000,1.000000,78785653313955,19479382315185,10117401839410,1657162050,664,8
76,115,46800000000,1.000000,78918467484585,19346568144555,10117401839410,1657162050,664,8
76,120,46800000000,1.000000,79093398547887,19171637081253,10117401839410,1657162050,664,8
76,125,46800000000,1.000000,79259215301229,19005820327911,10117401839410,1657162050,664,8
76,130,46800000000,1.000000,79427359372275,18837676256865,10117401839410,1657162050,664,8
76,135,46800000000,1.000000,79585766866653,18679268762487,10117401839410,1657162050,664,8
76,140,46800000000,1.000000,79740336847779,18524698781361,10117401839410,1657162050,664,8
76,145,46800000000,1.000000,79866641802495,18398393826645,10117401839410,1657162050,664,8
76,150,46800000000,1.000000,80032999503003,18232036126137,10117401839410,1657162050,664,8
76,155,46800000000,1.000000,80190689585535,18074346043605,10117401839410,1657162050,664,8
76,160,46800000000,1.000000,80350592924049,17914442705091,10117401839410,1657162050,664,8
76,165,46800000000,1.000000,80501236874979,17763798754161,10117401839410,1657162050,664,8
76,170,46800000000,1.000000,80648231388963,17616804240177,10117401839410,1657162050,664,8
76,175,46800000000,1.000000,80768346144171,17496689484969,10117401839410,1657162050,664,8
76,180,46800000000,1.000000,80926550662161,17338484966979,10117401839410,1657162050,664,8
76,185,46800000000,1.000000,81076512361785,17188523267355,10117401839410,1657162050,664,8
76,190,46800000000,1.000000,81228578845779,17036456783361,10117401839410,1657162050,664,8
76,195,46800000000,1.000000,81371839744347,16893195884793,10117401839410,1657162050,664,8
77,0,60000000000,1.000000,103670061130862,2942610171925,10086489697213,2997826264,0,0
77,5,48000000000,0.411976,102329298248919,10340336809481,10109888132222,2898656074,60,3
77,10,36000000000,0.493910,93543693804263,26384256204234,10124014965377,2387427950,330,9
77,15,38700000000,0.590139,85414646248533,35849508777162,10128333542778,2029101089,599,13
77,20,41400000000,0.851992,78248787926053,33239380802125,10130689943826,2017044311,615,13
77,25,44100000000,0.924785,77467677734928,31467617544061,10130689943826,2017044311,615,13
77,30,46800000000,1.000000,77818631349186,27136597336166,10130689943826,2017044311,615,13
77,35,46800000000,1.000000,78092226513945,25758222138407,10130689943826,2017044311,615,13
77,40,46800000000,1.000000,78346162866273,25428298572599,10130689943826,2017044311,615,13
77,45,46800000000,1.000000,78563522732027,25210938706845,10130689943826,2017044311,615,13
77,50,46800000000,1.000000,78776383564745,24998077874127,10130689943826,2017044311,615,13
77,55,46800000000,1.000000,78979730988280,24794730450592,10130689943826,2017044311,615,13
77,60,46800000000,1.000000,79194530476822,24579930962050,10130689943826,2017044311,615,13
77,65,46800000000,1.000000,79402230626494,24372230812378,10130689943826,2017044311,615,13
77,70,46800000000,1.000000,79611284945836,24163176493036,10130689943826,2017044311,615,13
77,75,46800000000,1.000000,79796475062986,23977986375886,10130689943826,2017044311,615,13
77,80,46800000000,1.000000,79998929941912,23775531496960,10130689943826,2017044311,615,13
77,85,46800000000,1.000000,80194919468824,23579541970048,10130689943826,2017044311,615,13
77,90,46800000000,1.000000,80399191645066,23375269793806,10130689943826,2017044311,615,13
77,95,46800000000,1.000000,80596712420686,23177749018186,10130689943826,2017044311,615,13
77,100,46800000000,1.000000,80795520998302,22978940440570,10130689943826,2017044311,615,13
77,105,46800000000,1.000000,80971634957092,22802826481780,10130689943826,2017044311,615,13
77,110,46800000000,1.000000,81164167532458,22610293906414,10130689943826,2017044311,615,13
77,115,46800000000,1.000000,81350551622326,22423909816546,10130689943826,2017044311,615,13
77,120,46800000000,1.000000,81544812429424,22229649009448,10130689943826,2017044311,615,13
77,125,46800000000,1.000000,81732652721578,22041808717294,10130689943826,2017044311,615,13
77,130,46800000000,1.000000,81921717700828,21852743738044,10130689943826,2017044311,615,13
77,135,46800000000,1.000000,82089200323198,21685261115674,10130689943826,2017044311,615,13
77,140,46800000000,1.000000,82272296886628,21502164552244,10130689943826,2017044311,615,13
77,145,46800000000,1.000000,82449546301564,21324915137308,10130689943826,2017044311,615,13
77,150,46800000000,1.000000,82634286396142,21140175042730,10130689943826,2017044311,615,13
77,155,46800000000,1.000000,82812920645014,20961540793858,10130689943826,2017044311,615,13
77,160,46800000000,1.000000,82992719558962,20781741879910,10130689943826,2017044311,615,13
77,165,46800000000,1.000000,83151993866380,20622467572492,10130689943826,2017044311,615,13
77,170,46800000000,1.000000,83326116876478,20448344562394,10130689943826,2017044311,615,13
77,175,46800000000,1.000000,83494679306446,20279782132426,10130689943826,2017044311,615,13
77,180,46800000000,1.000000,83670365298244,20104096140628,10130689943826,2017044311,615,13
77,185,46800000000,1.000000,83840244691456,19934216747416,10130689943826,2017044311,615,13
77,190,46800000000,1.000000,84011231669656,19763229769216,10130689943826,2017044311,615,13
77,195,46800000000,1.000000,84162699951304,19611761487568,10130689943826,2017044311,615,13
78,0,60000000000,1.000000,98799438954728,2944233992744,10073504052528,2626151768,0,0
78,5,48000000000,0.576863,96414888527690,9213791558553,10087194963474,2422671499,59,2
78,10,36000000000,0.500312,91279223232598,20858276025912,10102302317104,2092593567,338,8
78,15,38700000000,0.488385,86327591252127,31500022735512,10105461604149,1886638376,632,17
78,20,41400000000,0.816884,77846049852735,29207423619792,10112039220729,1853113317,640,17
78,25,44100000000,0.880990,76856827770794,28204980176897,10112039220729,1853113317,640,17
78,30,46800000000,1.000000,77143476400931,24538553967271,10112039220729,1853113317,640,17
78,35,46800000000,1.000000,77406684500011,23411098514970,10112039220729,1853113317,640,17
78,40,46800000000,1.000000,77632203237390,23120496113431,10112039220729,1853113317,640,17
78,45,46800000000,1.000000,77822295202174,22930404148647,10112039220729,1853113317,640,17
78,50,46800000000,1.000000,78027072634834,22725626715987,10112039220729,1853113317,640,17
78,55,46800000000,1.000000,78195421836539,22557277514282,10112039220729,1853113317,640,17
78,60,46800000000,1.000000,78405739212377,22346960138444,10112039220729,1853113317,640,17
78,65,46800000000,1.000000,78593621208881,22159078141940,10112039220729,1853113317,640,17
78,70,46800000000,1.000000,78775741976993,21976957373828,10112039220729,1853113317,640,17
78,75,46800000000,1.000000,78944207334287,21808492016534,10112039220729,1853113317,640,17
78,80,46800000000,1.000000,79138967693333,21613731657488,10112039220729,1853113317,640,17
78,85,46800000000,1.000000,79300952860115,21451746490706,10112039220729,1853113317,640,17
78,90,46800000000,1.000000,79500962591777,21251736759044,10112039220729,1853113317,640,17
78,95,46800000000,1.000000,79679636501225,21073062849596,10112039220729,1853113317,640,17
78,100,46800000000,1.000000,79852831539611,20899867811210,10112039220729,1853113317,640,17
78,105,46800000000,1.000000,80013040418093,20739658932728,10112039220729,1853113317,640,17
78,110,46800000000,1.000000,80198255581709,20554443769112,10112039220729,1853113317,640,17
78,115,46800000000,1.000000,80352301863563,20400397487258,10112039220729,1853113317,640,17
78,120,46800000000,1.000000,80542509128255,20210190222566,10112039220729,1853113317,640,17
78,125,46800000000,1.000000,80712426238265,20040273112556,10112039220729,1853113317,640,17
78,130,46800000000,1.000000,80877132996479,19875566354342,10112039220729,1853113317,640,17
78,135,46800000000,1.000000,81029490045971,19723209304850,10112039220729,1853113317,640,17
78,140,46800000000,1.000000,81205627823597,19547071527224,10112039220729,1853113317,640,17
78,145,46800000000,1.000000,81352124304887,19400575045934,10112039220729,1853113317,640,17
78,150,46800000000,1.000000,81533009521085,19219689829736,10112039220729,1853113317,640,17
78,155,46800000000,1.000000,81694599001937,19058100348884,10112039220729,1853113317,640,17
78,160,46800000000,1.000000,81851233490243,18901465860578,10112039220729,1853113317,640,17
78,165,46800000000,1.000000,81996123528299,18756575822522,10112039220729,1853113317,640,17
78,170,46800000000,1.000000,82163628802247,18589070548574,10112039220729,1853113317,640,17
78,175,46800000000,1.000000,82302945498389,18449753852432,10112039220729,1853113317,640,17
78,180,46800000000,1.000000,82474965539165,18277733811656,10112039220729,1853113317,640,17
78,185,46800000000,1.000000,82628635527653,18124063823168,10112039220729,1853113317,640,17
78,190,46800000000,1.000000,82777593367553,17975105983268,10112039220729,1853113317,640,17
78,195,46800000000,1.000000,82915382352167,17837316998654,10112039220729,1853113317,640,17
79,0,60000000000,1.000000,101443397174308,3002405951804,10090418873888,3253326008,0,0
79,5,48000000000,0.362357,100973344545349,9554900186100,10100588863801,3218399129,47,3
79,10,36000000000,0.497204,91577446456652,25851923548374,10105108013249,2560617480,354,5
79,15,38700000000,0.527688,84445191353442,37871080015973,10106907461221,2276240233,641,6
79,20,41400000000,0.810986,75136002492449,36118637423065,10108502047101,2267850900,656,6
79,25,44100000000,0.903066,74127071482575,33553065069505,10108502047101,2267850900,656,6
79,30,46800000000,1.000000,74465692082787,29725506178520,10108502047101,2267850900,656,6
79,35,46800000000,1.000000,74764002920958,28227207232173,10108502047101,2267850900,656,6
79,40,46800000000,1.000000,75046955426053,27882047580278,10108502047101,2267850900,656,6
79,45,46800000000,1.000000,75284029392457,27644973613874,10108502047101,2267850900,656,6
79,50,46800000000,1.000000,75531542463793,27397460542538,10108502047101,2267850900,656,6
79,55,46800000000,1.000000,75734150426400,27194852579931,10108502047101,2267850900,656,6
79,60,46800000000,1.000000,75969938465922,26959064540409,10108502047101,2267850900,656,6
79,65,46800000000,1.000000,76204027442700,26724975563631,10108502047101,2267850900,656,6
79,70,46800000000,1.000000,76424150717226,26504852289105,10108502047101,2267850900,656,6
79,75,46800000000,1.000000,76637227987038,26291775019293,10108502047101,2267850900,656,6
79,80,46800000000,1.000000,76871017609650,26057985396681,10108502047101,2267850900,656,6
79,85,46800000000,1.000000,77066968773072,25862034233259,10108502047101,2267850900,656,6
79,90,46800000000,1.000000,77291200852578,25637802153753,10108502047101,2267850900,656,6
79,95,46800000000,1.000000,77513817140190,25415185866141,10108502047101,2267850900,656,6
79,100,46800000000,1.000000,77723152184034,25205850822297,10108502047101,2267850900,656,6
79,105,46800000000,1.000000,77925786547428,25003216458903,10108502047101,2267850900,656,6
79,110,46800000000,1.000000,78148118152374,24780884853957,10108502047101,2267850900,656,6
79,115,46800000000,1.000000,78334465759104,24594537247227,10108502047101,2267850900,656,6
79,120,46800000000,1.000000,78547708235610,24381294770721,10108502047101,2267850900,656,6
79,125,46800000000,1.000000,78759414110214,24169588896117,10108502047101,2267850900,656,6
79,130,46800000000,1.000000,78958489654002,23970513352329,10108502047101,2267850900,656,6
79,135,46800000000,1.000000,79151192917206,23777810089125,10108502047101,2267850900,656,6
79,140,46800000000,1.000000,79362628061118,23566374945213,10108502047101,2267850900,656,6
79,145,46800000000,1.000000,79539842780934,23389160225397,10108502047101,2267850900,656,6
79,150,46800000000,1.000000,79742634254202,23186368752129,10108502047101,2267850900,656,6
79,155,46800000000,1.000000,79943964434376,22985038571955,10108502047101,2267850900,656,6
79,160,46800000000,1.000000,80133283295724,22795719710607,10108502047101,2267850900,656,6
79,165,46800000000,1.000000,80316542181774,22612460824557,10108502047101,2267850900,656,6
79,170,46800000000,1.000000,80517614899854,22411388106477,10108502047101,2267850900,656,6
79,175,46800000000,1.000000,80686144335174,22242858671157,10108502047101,2267850900,656,6
79,180,46800000000,1.000000,80878997008506,22050005997825,10108502047101,2267850900,656,6
79,185,46800000000,1.000000,81070460006622,21858542999709,10108502047101,2267850900,656,6
79,190,46800000000,1.000000,81250500359868,21678502646463,10108502047101,2267850900,656,6
79,195,46800000000,1.000000,81424777737066,21504225269265,10108502047101,2267850900,656,6
80,0,60000000000,1.000000,94159438092655,2916664386551,10077621520794,2853743770,0,0
80,5,48000000000,0.364028,93855079750257,8825688371078,10085845684936,2833188476,47,1
80,10,36000000000,0.342024,88066129186898,26294993729253,10094077036202,2452997040,333,5
80,15,38700000000,0.482712,80617988944301,34057723785688,10095663391943,2105007892,610,9
80,20,41400000000,0.855136,69854431867276,31811925714898,10095778997697,2104418668,623,9
80,25,44100000000,0.924565,68693218600200,30678985318836,10095778997697,2104418668,623,9
80,30,46800000000,1.000000,69025636068151,26298740012233,10095778997697,2104418668,623,9
80,35,46800000000,1.000000,69270018706825,25857737285059,10095778997697,2104418668,623,9
80,40,46800000000,1.000000,69534893042588,25436084330796,10095778997697,2104418668,623,9
80,45,46800000000,1.000000,69753831435290,25217145938094,10095778997697,2104418668,623,9
80,50,46800000000,1.000000,69979062964568,24991914408816,10095778997697,2104418668,623,9
80,55,46800000000,1.000000,70161698248212,24809279125172,10095778997697,2104418668,623,9
80,60,46800000000,1.000000,70384379561526,24586597811858,10095778997697,2104418668,623,9
80,65,46800000000,1.000000,70576244107308,24394733266076,10095778997697,2104418668,623,9
80,70,46800000000,1.000000,70789677761724,24181299611660,10095778997697,2104418668,623,9
80,75,46800000000,1.000000,70986686096820,23984291276564,10095778997697,2104418668,623,9
80,80,46800000000,1.000000,71200909403916,23770067969468,10095778997697,2104418668,623,9
80,85,46800000000,1.000000,71377599758346,23593377615038,10095778997697,2104418668,623,9
80,90,46800000000,1.000000,71589367471554,23381609901830,10095778997697,2104418668,623,9
80,95,46800000000,1.000000,71771828745516,23199148627868,10095778997697,2104418668,623,9
80,100,46800000000,1.000000,71974802027244,22996175346140,10095778997697,2104418668,623,9
80,105,46800000000,1.000000,72162154993578,22808822379806,10095778997697,2104418668,623,9
80,110,46800000000,1.000000,72365879227248,22605098146136,10095778997697,2104418668,623,9
80,115,46800000000,1.000000,72533909996220,22437067377164,10095778997697,2104418668,623,9
80,120,46800000000,1.000000,72735298984290,22235678389094,10095778997697,2104418668,623,9
80,125,46800000000,1.000000,72908817840222,22062159533162,10095778997697,2104418668,623,9
80,130,46800000000,1.000000,73101843411516,21869133961868,10095778997697,2104418668,623,9
80,135,46800000000,1.000000,73280014218432,21690963154952,10095778997697,2104418668,623,9
80,140,46800000000,1.000000,73473753937362,21497223436022,10095778997697,2104418668,623,9
80,145,46800000000,1.000000,73633549526748,21337427846636,10095778997697,2104418668,623,9
80,150,46800000000,1.000000,73825068450738,21145908922646,10095778997697,2104418668,623,9
80,155,46800000000,1.000000,73990083156306,20980894217078,10095778997697,2104418668,623,9
80,160,46800000000,1.000000,74173648554000,20797328819384,10095778997697,2104418668,623,9
80,165,46800000000,1.000000,74343087218502,20627890154882,10095778997697,2104418668,623,9
80,170,46800000000,1.000000,74527331763510,20443645609874,10095778997697,2104418668,623,9
80,175,46800000000,1.000000,74679295778928,20291681594456,10095778997697,2104418668,623,9
80,180,46800000000,1.000000,74861428369878,20109549003506,10095778997697,2104418668,623,9
80,185,46800000000,1.000000,75018355712838,19952621660546,10095778997697,2104418668,623,9
80,190,46800000000,1.000000,75192924579654,19778052793730,10095778997697,2104418668,623,9
80,195,46800000000,1.000000,75354059063760,19616918309624,10095778997697,2104418668,623,9
81,0,60000000000,1.000000,100844652477899,2916343006945,10080572515156,3253874430,0,0
81,5,48000000000,0.616737,98564924036242,8398668629263,10096877941531,3054724585,47,1
81,10,36000000000,0.474369,89886151508318,29194543952667,10106438075115,2482996647,351,2
81,15,38700000000,0.670811,79261415144961,36479470379805,10109310238177,2116675847,642,6
81,20,41400000000,0.773657,75826316959696,36068271523605,10110787602602,2109103512,660,6
81,25,44100000000,0.908750,74541260732393,32120511215638,10110787602602,2109103512,660,6
81,30,46800000000,0.953144,74768648681960,30385907772438,10110787602602,2109103512,660,6
81,35,46800000000,1.000000,75107533291321,27045282000402,10110787602602,2109103512,660,6
81,40,46800000000,1.000000,75384754298602,26711234871801,10110787602602,2109103512,660,6
81,45,46800000000,1.000000,75630947078260,26465042092143,10110787602602,2109103512,660,6
81,50,46800000000,1.000000,75869242313998,26226746856405,10110787602602,2109103512,660,6
81,55,46800000000,1.000000,76032135282570,26063853887833,10110787602602,2109103512,660,6
81,60,46800000000,1.000000,76262501226384,25833487944019,10110787602602,2109103512,660,6
81,65,46800000000,1.000000,76491623921946,25604365248457,10110787602602,2109103512,660,6
81,70,46800000000,1.000000,76706598146394,25389391024009,10110787602602,2109103512,660,6
81,75,46800000000,1.000000,76925182993842,25170806176561,10110787602602,2109103512,660,6
81,80,46800000000,1.000000,77151827536476,24944161633927,10110787602602,2109103512,660,6
81,85,46800000000,1.000000,77309523439584,24786465730819,10110787602602,2109103512,660,6
81,90,46800000000,1.000000,77528599159938,24567390010465,10110787602602,2109103512,660,6
81,95,46800000000,1.000000,77746492563618,24349496606785,10110787602602,2109103512,660,6
81,100,46800000000,1.000000,77950930911996,24145058258407,10110787602602,2109103512,660,6
81,105,46800000000,1.000000,78158802927078,23937186243325,10110787602602,2109103512,660,6
81,110,46800000000,1.000000,78374339632032,23721649538371,10110787602602,2109103512,660,6
81,115,46800000000,1.000000,78524306866968,23571682303435,10110787602602,2109103512,660,6
81,120,46800000000,1.000000,78732645697200,23363343473203,10110787602602,2109103512,660,6
81,125,46800000000,1.000000,78939860156010,23156129014393,10110787602602,2109103512,660,6
81,130,46800000000,1.000000,79134278991090,22961710179313,10110787602602,2109103512,660,6
81,135,46800000000,1.000000,79331963209050,22764025961353,10110787602602,2109103512,660,6
81,140,46800000000,1.000000,79536936470970,22559052699433,10110787602602,2109103512,660,6
81,145,46800000000,1.000000,79679553819120,22416435351283,10110787602602,2109103512,660,6
81,150,46800000000,1.000000,79877681973852,22218307196551,10110787602602,2109103512,660,6
81,155,46800000000,1.000000,80074740862416,22021248307987,10110787602602,2109103512,660,6
81,160,46800000000,1.000000,80259631240074,21836357930329,10110787602602,2109103512,660,6
81,165,46800000000,1.000000,80447626964322,21648362206081,10110787602602,2109103512,660,6
81,170,46800000000,1.000000,80642554496784,21453434673619,10110787602602,2109103512,660,6
81,175,46800000000,1.000000,80778182175684,21317806994719,10110787602602,2109103512,660,6
81,180,46800000000,1.000000,80966600079372,21129389091031,10110787602602,2109103512,660,6
81,185,46800000000,1.000000,81154001121672,20941988048731,10110787602602,2109103512,660,6
81,190,46800000000,1.000000,81329830031238,20766159139165,10110787602602,2109103512,660,6
81,195,46800000000,1.000000,81508612094490,20587377075913,10110787602602,2109103512,660,6
82,0,60000000000,1.000000,94069428682037,2836899774260,10071786543703,2420609742,0,0
82,5,48000000000,0.452726,92897416186269,8824569372944,10085587185489,2346646579,51,2
82,10,36000000000,0.486447,87017630763422,20284385305754,10093209830285,2001836882,337,6
82,15,38700000000,0.573928,80202315507273,29063585247114,10095396199363,1693067566,631,10
82,20,41400000000,0.825876,74558796734988,27029426838256,10096353523029,1688167254,646,10
82,25,44100000000,0.910689,73528043738945,25644006173532,10096353523029,1688167254,646,10
82,30,46800000000,1.000000,73761559298065,23096537211189,10096353523029,1688167254,646,10
82,35,46800000000,1.000000,74014803247359,21637174772503,10096353523029,1688167254,646,10
82,40,46800000000,1.000000,74203320066591,21423243253951,10096353523029,1688167254,646,10
82,45,46800000000,1.000000,74406860307224,21219703013318,10096353523029,1688167254,646,10
82,50,46800000000,1.000000,74579233810418,21047329510124,10096353523029,1688167254,646,10
82,55,46800000000,1.000000,74743594552206,20882968768336,10096353523029,1688167254,646,10
82,60,46800000000,1.000000,74939593679550,20686969640992,10096353523029,1688167254,646,10
82,65,46800000000,1.000000,75115596034974,20510967285568,10096353523029,1688167254,646,10
82,70,46800000000,1.000000,75274595750070,20351967570472,10096353523029,1688167254,646,10
82,75,46800000000,1.000000,75443615415858,20182947904684,10096353523029,1688167254,646,10
82,80,46800000000,1.000000,75607573116810,20018990203732,10096353523029,1688167254,646,10
82,85,46800000000,1.000000,75767067787728,19859495532814,10096353523029,1688167254,646,10
82,90,46800000000,1.000000,75953461007598,19673102312944,10096353523029,1688167254,646,10
82,95,46800000000,1.000000,76120837496478,19505725824064,10096353523029,1688167254,646,10
82,100,46800000000,1.000000,76272044643528,19354518677014,10096353523029,1688167254,646,10
82,105,46800000000,1.000000,76432780663866,19193782656676,10096353523029,1688167254,646,10
82,110,46800000000,1.000000,76588702806096,19037860514446,10096353523029,1688167254,646,10
82,115,46800000000,1.000000,76740380651136,18886182669406,10096353523029,1688167254,646,10
82,120,46800000000,1.000000,76917638748570,18708924571972,10096353523029,1688167254,646,10
82,125,46800000000,1.000000,77076812124054,18549751196488,10096353523029,1688167254,646,10
82,130,46800000000,1.000000,77220608616378,18405954704164,10096353523029,1688167254,646,10
82,135,46800000000,1.000000,77373466972530,18253096348012,10096353523029,1688167254,646,10
82,140,46800000000,1.000000,77521747378272,18104815942270,10096353523029,1688167254,646,10
82,145,46800000000,1.000000,77665991499894,17960571820648,10096353523029,1688167254,646,10
82,150,46800000000,1.000000,77834562186876,17792001133666,10096353523029,1688167254,646,10
82,155,46800000000,1.000000,77985934483206,17640628837336,10096353523029,1688167254,646,10
82,160,46800000000,1.000000,78122683516506,17503879804036,10096353523029,1688167254,646,10
82,165,46800000000,1.000000,78268050292176,17358513028366,10096353523029,1688167254,646,10
82,170,46800000000,1.000000,78409063482756,17217499837786,10096353523029,1688167254,646,10
82,175,46800000000,1.000000,78546238207056,17080325113486,10096353523029,1688167254,646,10
82,180,46800000000,1.000000,78706547253084,16920016067458,10096353523029,1688167254,646,10
82,185,46800000000,1.000000,78850500800676,16776062519866,10096353523029,1688167254,646,10
82,190,46800000000,1.000000,78980547770772,16646015549770,10096353523029,1688167254,646,10
82,195,46800000000,1.000000,79118790128022,16507773192520,10096353523029,1688167254,646,10
83,0,60000000000,1.000000,93182614932775,2957024872258,10082857194967,2861633988,0,0
83,5,48000000000,0.429055,92139099965350,9295760389078,10095001586289,2782513207,44,0
83,10,36000000000,0.483316,84911424704738,23199062665556,10098598655381,2303314330,350,4
83,15,38700000000,0.558876,77069849253495,34091857152740,10099533874427,1889846351,628,6
83,20,41400000000,0.780899,70840190088606,32376317078808,10099686419461,1889060483,640,6
83,25,44100000000,0.869026,70180136873594,29852597791755,10099686419461,1889060483,640,6
83,30,46800000000,1.000000,70514696320340,25515191894832,10099686419461,1889060483,640,6
83,35,46800000000,1.000000,70740830879827,24573405887084,10099686419461,1889060483,640,6
83,40,46800000000,1.000000,70983821993576,24120037604335,10099686419461,1889060483,640,6
83,45,46800000000,1.000000,71194559860222,23909299737689,10099686419461,1889060483,640,6
83,50,46800000000,1.000000,71416233928174,23687625669737,10099686419461,1889060483,640,6
83,55,46800000000,1.000000,71608792632318,23495066965593,10099686419461,1889060483,640,6
83,60,46800000000,1.000000,71824334589048,23279525008863,10099686419461,1889060483,640,6
83,65,46800000000,1.000000,71986049248944,23117810348967,10099686419461,1889060483,640,6
83,70,46800000000,1.000000,72177137679492,22926721918419,10099686419461,1889060483,640,6
83,75,46800000000,1.000000,72363370745178,22740488852733,10099686419461,1889060483,640,6
83,80,46800000000,1.000000,72574003282758,22529856315153,10099686419461,1889060483,640,6
83,85,46800000000,1.000000,72760284670272,22343574927639,10099686419461,1889060483,640,6
83,90,46800000000,1.000000,72965262926478,22138596671433,10099686419461,1889060483,640,6
83,95,46800000000,1.000000,73119051958926,21984807638985,10099686419461,1889060483,640,6
83,100,46800000000,1.000000,73300775155056,21803084442855,10099686419461,1889060483,640,6
83,105,46800000000,1.000000,73477880947566,21625978650345,10099686419461,1889060483,640,6
83,110,46800000000,1.000000,73678190394942,21425669202969,10099686419461,1889060483,640,6
83,115,46800000000,1.000000,73855342140918,21248517456993,10099686419461,1889060483,640,6
83,120,46800000000,1.000000,74050274423100,21053585174811,10099686419461,1889060483,640,6
83,125,46800000000,1.000000,74196526262820,20907333335091,10099686419461,1889060483,640,6
83,130,46800000000,1.000000,74369343214350,20734516383561,10099686419461,1889060483,640,6
83,135,46800000000,1.000000,74537769060882,20566090537029,10099686419461,1889060483,640,6
83,140,46800000000,1.000000,74728261352256,20375598245655,10099686419461,1889060483,640,6
83,145,46800000000,1.000000,74896730899944,20207128697967,10099686419461,1889060483,640,6
83,150,46800000000,1.000000,75082109560584,20021750037327,10099686419461,1889060483,640,6
83,155,46800000000,1.000000,75221193604860,19882665993051,10099686419461,1889060483,640,6
83,160,46800000000,1.000000,75385540806228,19718318791683,10099686419461,1889060483,640,6
83,165,46800000000,1.000000,75545712110322,19558147487589,10099686419461,1889060483,640,6
83,170,46800000000,1.000000,75726868384086,19376991213825,10099686419461,1889060483,640,6
83,175,46800000000,1.000000,75887081247702,19216778350209,10099686419461,1889060483,640,6
83,180,46800000000,1.000000,76063374509400,19040485088511,10099686419461,1889060483,640,6
83,185,46800000000,1.000000,76195642051680,18908217546231,10099686419461,1889060483,640,6
83,190,46800000000,1.000000,76351934604810,18751924993101,10099686419461,1889060483,640,6
83,195,46800000000,1.000000,76504255921380,18599603676531,10099686419461,1889060483,640,6
84,0,60000000000,1.000000,95542334481024,2905469884483,10075717634493,2896953764,0,0
84,5,48000000000,0.486008,94328262106268,8438439111129,10094108375010,2814835753,45,2
84,10,36000000000,0.300022,90169391314691,27514729516114,10099097941009,2558247566,356,5
84,15,38700000000,0.481994,81954452379223,34137700286602,10114901738382,2186123580,624,7
84,20,41400000000,0.869957,70223642407871,32397124243491,10115777285321,2181661208,634,7
84,25,44100000000,0.961887,69434048673042,30121726501108,10115777285321,2181661208,634,7
84,30,46800000000,1.000000,69646568164926,27972800634215,10115777285321,2181661208,634,7
84,35,46800000000,1.000000,69945209987019,26709435617642,10115777285321,2181661208,634,7
84,40,46800000000,1.000000,70223627877973,26362633198048,10115777285321,2181661208,634,7
84,45,46800000000,1.000000,70470268018600,26115993057421,10115777285321,2181661208,634,7
84,50,46800000000,1.000000,70648922050004,25937339026017,10115777285321,2181661208,634,7
84,55,46800000000,1.000000,70838938965599,25747322110422,10115777285321,2181661208,634,7
84,60,46800000000,1.000000,71079953817281,25506307258740,10115777285321,2181661208,634,7
84,65,46800000000,1.000000,71302228334843,25284032741178,10115777285321,2181661208,634,7
84,70,46800000000,1.000000,71524382611775,25061878464246,10115777285321,2181661208,634,7
84,75,46800000000,1.000000,71747859093767,24838401982254,10115777285321,2181661208,634,7
84,80,46800000000,1.000000,71917724709167,24668536366854,10115777285321,2181661208,634,7
84,85,46800000000,1.000000,72100813915967,24485447160054,10115777285321,2181661208,634,7
84,90,46800000000,1.000000,72330016641599,24256244434422,10115777285321,2181661208,634,7
84,95,46800000000,1.000000,72541397496227,24044863579794,10115777285321,2181661208,634,7
84,100,46800000000,1.000000,72752664003017,23833597073004,10115777285321,2181661208,634,7
84,105,46800000000,1.000000,72965187913763,23621073162258,10115777285321,2181661208,634,7
84,110,46800000000,1.000000,73126728423875,23459532652146,10115777285321,2181661208,634,7
84,115,46800000000,1.000000,73300844437775,23285416638246,10115777285321,2181661208,634,7
84,120,46800000000,1.000000,73518813949379,23067447126642,10115777285321,2181661208,634,7
84,125,46800000000,1.000000,73719835038767,22866426037254,10115777285321,2181661208,634,7
84,130,46800000000,1.000000,73920747384689,22665513691332,10115777285321,2181661208,634,7
84,135,46800000000,1.000000,74122855509065,22463405566956,10115777285321,2181661208,634,7
84,140,46800000000,1.000000,74276478926801,22309782149220,10115777285321,2181661208,634,7
84,145,46800000000,1.000000,74442061523639,22144199552382,10115777285321,2181661208,634,7
84,150,46800000000,1.000000,74649348360299,21936912715722,10115777285321,2181661208,634,7
84,155,46800000000,1.000000,74840517416153,21745743659868,10115777285321,2181661208,634,7
84,160,46800000000,1.000000,75031583058065,21554678017956,10115777285321,2181661208,634,7
84,165,46800000000,1.000000,75223785873407,21362475202614,10115777285321,2181661208,634,7
84,170,46800000000,1.000000,75369880215119,21216380860902,10115777285321,2181661208,634,7
84,175,46800000000,1.000000,75527347617017,21058913459004,10115777285321,2181661208,634,7
84,180,46800000000,1.000000,75724475336273,20861785739748,10115777285321,2181661208,634,7
84,185,46800000000,1.000000,75906275206283,20679985869738,10115777285321,2181661208,634,7
84,190,46800000000,1.000000,76087976730575,20498284345446,10115777285321,2181661208,634,7
84,195,46800000000,1.000000,76270759695449,20315501380572,10115777285321,2181661208,634,7
85,0,60000000000,1.000000,98369652788418,2950609597967,10086480613615,3047246358,0,0
85,5,48000000000,0.364285,97915413758456,9323052509644,10095082610767,3013341843,64,4
85,10,36000000000,0.500824,87636318462403,27295249010293,10100314079145,2251075473,378,9
85,15,38700000000,0.649050,78040851003469,35833596395374,10108112192997,1821523499,649,12
85,20,41400000000,0.768087,75475847782066,33617757748157,10109535140761,1814267702,663,12
85,25,44100000000,0.878542,75045411027545,29881081865659,10109535140761,1814267702,663,12
85,30,46800000000,0.962837,75291050153298,27009914209380,10109535140761,1814267702,663,12
85,35,46800000000,1.000000,75590787658841,24212434983882,10109535140761,1814267702,663,12
85,40,46800000000,1.000000,75850562945395,23886478248808,10109535140761,1814267702,663,12
85,45,46800000000,1.000000,76063705044915,23673336149288,10109535140761,1814267702,663,12
85,50,46800000000,1.000000,76250652519831,23486388674372,10109535140761,1814267702,663,12
85,55,46800000000,1.000000,76427848403959,23309192790244,10109535140761,1814267702,663,12
85,60,46800000000,1.000000,76641566581555,23095474612648,10109535140761,1814267702,663,12
85,65,46800000000,1.000000,76836183477535,22900857716668,10109535140761,1814267702,663,12
85,70,46800000000,1.000000,77030231289739,22706809904464,10109535140761,1814267702,663,12
85,75,46800000000,1.000000,77220519639103,22516521555100,10109535140761,1814267702,663,12
85,80,46800000000,1.000000,77397978356995,22339062837208,10109535140761,1814267702,663,12
85,85,46800000000,1.000000,77570230758055,22166810436148,10109535140761,1814267702,663,12
85,90,46800000000,1.000000,77773474618477,21963566575726,10109535140761,1814267702,663,12
85,95,46800000000,1.000000,77958553350253,21778487843950,10109535140761,1814267702,663,12
85,100,46800000000,1.000000,78143090888905,21593950305298,10109535140761,1814267702,663,12
85,105,46800000000,1.000000,78324053215759,21412987978444,10109535140761,1814267702,663,12
85,110,46800000000,1.000000,78492814690729,21244226503474,10109535140761,1814267702,663,12
85,115,46800000000,1.000000,78656625010237,21080416183966,10109535140761,1814267702,663,12
85,120,46800000000,1.000000,78849907899211,20887133294992,10109535140761,1814267702,663,12
85,125,46800000000,1.000000,79025915931421,20711125262782,10109535140761,1814267702,663,12
85,130,46800000000,1.000000,79201409294665,20535631899538,10109535140761,1814267702,663,12
85,135,46800000000,1.000000,79373502666877,20363538527326,10109535140761,1814267702,663,12
85,140,46800000000,1.000000,79533993150523,20203048043680,10109535140761,1814267702,663,12
85,145,46800000000,1.000000,79689775134385,20047266059818,10109535140761,1814267702,663,12
85,150,46800000000,1.000000,79873585238737,19863455955466,10109535140761,1814267702,663,12
85,155,46800000000,1.000000,80040967126141,19696074068062,10109535140761,1814267702,663,12
85,160,46800000000,1.000000,80207859568411,19529181625792,10109535140761,1814267702,663,12
85,165,46800000000,1.000000,80371518653065,19365522541138,10109535140761,1814267702,663,12
85,170,46800000000,1.000000,80524143506125,19212897688078,10109535140761,1814267702,663,12
85,175,46800000000,1.000000,80672290622815,19064750571388,10109535140761,1814267702,663,12
85,180,46800000000,1.000000,80847092203069,18889948991134,10109535140761,1814267702,663,12
85,185,46800000000,1.000000,81006270712495,18730770481708,10109535140761,1814267702,663,12
85,190,46800000000,1.000000,81164983764373,18572057429830,10109535140761,1814267702,663,12
85,195,46800000000,1.000000,81320621925451,18416419268752,10109535140761,1814267702,663,12
86,0,60000000000,1.000000,100460674620648,2931612031764,10083306347588,3245278608,0,0
86,5,48000000000,0.870840,97405964622741,6849215329247,10105055635947,3112112077,39,1
86,10,36000000000,0.400689,91547259067804,29492773776372,10110891953145,2685709767,351,5
86,15,38700000000,0.717389,77187491459981,36486864408208,10112816243275,1898060748,649,8
86,20,41400000000,0.784630,74823436516932,36372953101577,10112847138892,1897891018,655,8
86,25,44100000000,0.925441,74246924123597,31461565630040,10112847138892,1897891018,655,8
86,30,46800000000,1.000000,74502504207217,28641918729307,10112847138892,1897891018,655,8
86,35,46800000000,1.000000,74803811886155,25476211902189,10112847138892,1897891018,655,8
86,40,46800000000,1.000000,75094850776961,25058289171423,10112847138892,1897891018,655,8
86,45,46800000000,1.000000,75335315225075,24817824723309,10112847138892,1897891018,655,8
86,50,46800000000,1.000000,75560113253501,24593026694883,10112847138892,1897891018,655,8
86,55,46800000000,1.000000,75709962734855,24443177213529,10112847138892,1897891018,655,8
86,60,46800000000,1.000000,75936129126935,24217010821449,10112847138892,1897891018,655,8
86,65,46800000000,1.000000,76128114690347,24025025258037,10112847138892,1897891018,655,8
86,70,46800000000,1.000000,76332021858341,23821118090043,10112847138892,1897891018,655,8
86,75,46800000000,1.000000,76549733626595,23603406321789,10112847138892,1897891018,655,8
86,80,46800000000,1.000000,76763130561557,23390009386827,10112847138892,1897891018,655,8
86,85,46800000000,1.000000,76907921609303,23245218339081,10112847138892,1897891018,655,8
86,90,46800000000,1.000000,77123003597807,23030136350577,10112847138892,1897891018,655,8
86,95,46800000000,1.000000,77305579958351,22847559990033,10112847138892,1897891018,655,8
86,100,46800000000,1.000000,77499493646243,22653646302141,10112847138892,1897891018,655,8
86,105,46800000000,1.000000,77706535371527,22446604576857,10112847138892,1897891018,655,8
86,110,46800000000,1.000000,77909473733363,22243666215021,10112847138892,1897891018,655,8
86,115,46800000000,1.000000,78047168579003,22105971369381,10112847138892,1897891018,655,8
86,120,46800000000,1.000000,78251709409889,21901430538495,10112847138892,1897891018,655,8
86,125,46800000000,1.000000,78425337712259,21727802236125,10112847138892,1897891018,655,8
86,130,46800000000,1.000000,78609747700055,21543392248329,10112847138892,1897891018,655,8
86,135,46800000000,1.000000,78806642320637,21346497627747,10112847138892,1897891018,655,8
86,140,46800000000,1.000000,78999634683425,21153505264959,10112847138892,1897891018,655,8
86,145,46800000000,1.000000,79130581111607,21022558836777,10112847138892,1897891018,655,8
86,150,46800000000,1.000000,79325097406505,20828042541879,10112847138892,1897891018,655,8
86,155,46800000000,1.000000,79490216194331,20662923754053,10112847138892,1897891018,655,8
86,160,46800000000,1.000000,79665588257723,20487551690661,10112847138892,1897891018,655,8
86,165,46800000000,1.000000,79852833082961,20300306865423,10112847138892,1897891018,655,8
86,170,46800000000,1.000000,80036366899691,20116773048693,10112847138892,1897891018,655,8
86,175,46800000000,1.000000,80160895649981,19992244298403,10112847138892,1897891018,655,8
86,180,46800000000,1.000000,80345878710959,19807261237425,10112847138892,1897891018,655,8
86,185,46800000000,1.000000,80502905035301,19650234913083,10112847138892,1897891018,655,8
86,190,46800000000,1.000000,80669682122699,19483457825685,10112847138892,1897891018,655,8
86,195,46800000000,1.000000,80847750088343,19305389860041,10112847138892,1897891018,655,8
87,0,60000000000,1.000000,124627892852215,3293629191298,10138893956487,6668286738,0,0
87,5,48000000000,0.602742,122718370071435,8611382863819,10151604538174,6504443076,52,4
87,10,36000000000,0.507946,95427326390355,63829392630322,10211208765935,4730899118,384,8
87,15,38700000000,0.725642,76661768496488,70538257123405,10213101261579,3591788494,675,12
87,20,41400000000,0.761161,73502529487989,71396633840639,10213565814246,3589352728,689,14
87,25,44100000000,0.908547,73713264412740,59582571705035,10213565814246,3589352728,689,14
87,30,46800000000,0.951196,73950649222637,56661535876464,10213565814246,3589352728,689,14
87,35,46800000000,1.000000,74702313806695,47082672038267,10213565814246,3589352728,689,14
87,40,46800000000,1.000000,75313585708584,46438547370678,10213565814246,3589352728,689,14
87,45,46800000000,1.000000,75726799543603,46025333535659,10213565814246,3589352728,689,14
87,50,46800000000,1.000000,76146242749621,45605890329641,10213565814246,3589352728,689,14
87,55,46800000000,1.000000,76301124499079,45451008580183,10213565814246,3589352728,689,14
87,60,46800000000,1.000000,76744743431543,45007389647719,10213565814246,3589352728,689,14
87,65,46800000000,1.000000,77176471303895,44575661775367,10213565814246,3589352728,689,14
87,70,46800000000,1.000000,77595298868963,44156834210299,10213565814246,3589352728,689,14
87,75,46800000000,1.000000,77982307883861,43769825195401,10213565814246,3589352728,689,14
87,80,46800000000,1.000000,78378562581137,43373570498125,10213565814246,3589352728,689,14
87,85,46800000000,1.000000,78528676140881,43223456938381,10213565814246,3589352728,689,14
87,90,46800000000,1.000000,78950553331619,42801579747643,10213565814246,3589352728,689,14
87,95,46800000000,1.000000,79361122242491,42391010836771,10213565814246,3589352728,689,14
87,100,46800000000,1.000000,79759423089503,41992709989759,10213565814246,3589352728,689,14
87,105,46800000000,1.000000,80127464811797,41624668267465,10213565814246,3589352728,689,14
87,110,46800000000,1.000000,80504299085987,41247833993275,10213565814246,3589352728,689,14
87,115,46800000000,1.000000,80647055587691,41105077491571,10213565814246,3589352728,689,14
87,120,46800000000,1.000000,81048256598453,40703876480809,10213565814246,3589352728,689,14
87,125,46800000000,1.000000,81438703547531,40313429531731,10213565814246,3589352728,689,14
87,130,46800000000,1.000000,81817483689881,39934649389381,10213565814246,3589352728,689,14
87,135,46800000000,1.000000,82167487705925,39584645373337,10213565814246,3589352728,689,14
87,140,46800000000,1.000000,82525853351159,39226279728103,10213565814246,3589352728,689,14
87,145,46800000000,1.000000,82661613363809,39090519715453,10213565814246,3589352728,689,14
87,150,46800000000,1.000000,83043151533011,38708981546251,10213565814246,3589352728,689,14
87,155,46800000000,1.000000,83414462696531,38337670382731,10213565814246,3589352728,689,14
87,160,46800000000,1.000000,83774678843003,37977454236259,10213565814246,3589352728,689,14
87,165,46800000000,1.000000,84107529179429,37644603899833,10213565814246,3589352728,689,14
87,170,46800000000,1.000000,84448331342279,37303801736983,10213565814246,3589352728,689,14
87,175,46800000000,1.000000,84577437763529,37174695315733,10213565814246,3589352728,689,14
87,180,46800000000,1.000000,84940276766159,36811856313103,10213565814246,3589352728,689,14
87,185,46800000000,1.000000,85293389988065,36458743091197,10213565814246,3589352728,689,14
87,190,46800000000,1.000000,85635951959105,36116181120157,10213565814246,3589352728,689,14
87,195,46800000000,1.000000,85952489317409,35799643761853,10213565814246,3589352728,689,14
88,0,60000000000,1.000000,92730551632100,2879116726320,10074772641580,2527502188,0,0
88,5,48000000000,0.504227,91267259404987,8583969706303,10088915872679,2433963582,48,3
88,10,36000000000,0.406038,86139675395143,23277791809528,10093101256373,2093674814,362,12
88,15,38700000000,0.630940,76508906824747,30233443168128,10100053299571,1603196070,638,17
88,20,41400000000,0.819324,72385579241046,28314166922083,10100389517323,1601049671,658,18
88,25,44100000000,0.901702,71821409636680,26353106695648,10100389517323,1601049671,658,18
88,30,46800000000,1.000000,72097485955466,22960406682130,10100389517323,1601049671,658,18
88,35,46800000000,1.000000,72346832941285,21136852816271,10100389517323,1601049671,658,18
88,40,46800000000,1.000000,72574370617230,20823559559586,10100389517323,1601049671,658,18
88,45,46800000000,1.000000,72734928891959,20663001284857,10100389517323,1601049671,658,18
88,50,46800000000,1.000000,72921500968535,20476429208281,10100389517323,1601049671,658,18
88,55,46800000000,1.000000,73074138572503,20323791604313,10100389517323,1601049671,658,18
88,60,46800000000,1.000000,73262070692461,20135859484355,10100389517323,1601049671,658,18
88,65,46800000000,1.000000,73429439352733,19968490824083,10100389517323,1601049671,658,18
88,70,46800000000,1.000000,73601422477561,19796507699255,10100389517323,1601049671,658,18
88,75,46800000000,1.000000,73745150439361,19652779737455,10100389517323,1601049671,658,18
88,80,46800000000,1.000000,73922603338735,19475326838081,10100389517323,1601049671,658,18
88,85,46800000000,1.000000,74070206563459,19327723613357,10100389517323,1601049671,658,18
88,90,46800000000,1.000000,74248928139643,19149002037173,10100389517323,1601049671,658,18
88,95,46800000000,1.000000,74408094070345,18989836106471,10100389517323,1601049671,658,18
88,100,46800000000,1.000000,74571648310843,18826281865973,10100389517323,1601049671,658,18
88,105,46800000000,1.000000,74708332172365,18689598004451,10100389517323,1601049671,658,18
88,110,46800000000,1.000000,74877088114075,18520842062741,10100389517323,1601049671,658,18
88,115,46800000000,1.000000,75017457312187,18380472864629,10100389517323,1601049671,658,18
88,120,46800000000,1.000000,75187419752833,18210510423983,10100389517323,1601049671,658,18
88,125,46800000000,1.000000,75338784969139,18059145207677,10100389517323,1601049671,658,18
88,130,46800000000,1.000000,75494323424419,17903606752397,10100389517323,1601049671,658,18
88,135,46800000000,1.000000,75624308416699,17773621760117,10100389517323,1601049671,658,18
88,140,46800000000,1.000000,75784793637973,17613136538843,10100389517323,1601049671,658,18
88,145,46800000000,1.000000,75918283348651,17479646828165,10100389517323,1601049671,658,18
88,150,46800000000,1.000000,76079915938633,17318014238183,10100389517323,1601049671,658,18
88,155,46800000000,1.000000,76223862753229,17174067423587,10100389517323,1601049671,658,18
88,160,46800000000,1.000000,76371778276561,17026151900255,10100389517323,1601049671,658,18
88,165,46800000000,1.000000,76495392710875,16902537465941,10100389517323,1601049671,658,18
88,170,46800000000,1.000000,76648012559539,16749917617277,10100389517323,1601049671,658,18
88,175,46800000000,1.000000,76774959946153,16622970230663,10100389517323,1601049671,658,18
88,180,46800000000,1.000000,76928670930775,16469259246041,10100389517323,1601049671,658,18
88,185,46800000000,1.000000,77065562919175,16332367257641,10100389517323,1601049671,658,18
88,190,46800000000,1.000000,77206229110141,16191701066675,10100389517323,1601049671,658,18
88,195,46800000000,1.000000,77323785207199,16074144969617,10100389517323,1601049671,658,18
89,0,60000000000,1.000000,98002461049779,2963717107307,10076123842914,2856368638,0,0
89,5,48000000000,0.522668,96618641330799,8292018138999,10089689391190,2763520128,53,4
89,10,36000000000,0.469951,89004026989214,25415332124393,10094319062504,2307771668,342,5
89,15,38700000000,0.670063,78870218206551,32942709518061,10098386860028,1790613323,635,10
89,20,41400000000,0.828443,74302261158077,32157510215654,10099363369015,1785595802,647,10
89,25,44100000000,0.940807,74005094705969,28632700339461,10099363369015,1785595802,647,10
89,30,46800000000,1.000000,74230753241490,26258183672539,10099363369015,1785595802,647,10
89,35,46800000000,1.000000,74535982042097,23717137054292,10099363369015,1785595802,647,10
89,40,46800000000,1.000000,74782014296806,23420118602223,10099363369015,1785595802,647,10
89,45,46800000000,1.000000,74993332579902,23208800319127,10099363369015,1785595802,647,10
89,50,46800000000,1.000000,75190623760398,23011509138631,10099363369015,1785595802,647,10
89,55,46800000000,1.000000,75339257329648,22862875569381,10099363369015,1785595802,647,10
89,60,46800000000,1.000000,75549036758812,22653096140217,10099363369015,1785595802,647,10
89,65,46800000000,1.000000,75752336076580,22449796822449,10099363369015,1785595802,647,10
89,70,46800000000,1.000000,75935695263736,22266437635293,10099363369015,1785595802,647,10
89,75,46800000000,1.000000,76126608350542,22075524548487,10099363369015,1785595802,647,10
89,80,46800000000,1.000000,76314272163562,21887860735467,10099363369015,1785595802,647,10
89,85,46800000000,1.000000,76459765699000,21742367200029,10099363369015,1785595802,647,10
89,90,46800000000,1.000000,76659263848762,21542869050267,10099363369015,1785595802,647,10
89,95,46800000000,1.000000,76852599477124,21349533421905,10099363369015,1785595802,647,10
89,100,46800000000,1.000000,77026972239664,21175160659365,10099363369015,1785595802,647,10
89,105,46800000000,1.000000,77208528685540,20993604213489,10099363369015,1785595802,647,10
89,110,46800000000,1.000000,77386995104566,20815137794463,10099363369015,1785595802,647,10
89,115,46800000000,1.000000,77525358009196,20676774889833,10099363369015,1785595802,647,10
89,120,46800000000,1.000000,77715078764506,20487054134523,10099363369015,1785595802,647,10
89,125,46800000000,1.000000,77898939023458,20303193875571,10099363369015,1785595802,647,10
89,130,46800000000,1.000000,78064765785460,20137367113569,10099363369015,1785595802,647,10
89,135,46800000000,1.000000,78237424158976,19964708740053,10099363369015,1785595802,647,10
89,140,46800000000,1.000000,78407143947694,19794988951335,10099363369015,1785595802,647,10
89,145,46800000000,1.000000,78538725693094,19663407205935,10099363369015,1785595802,647,10
89,150,46800000000,1.000000,78719148243718,19482984655311,10099363369015,1785595802,647,10
89,155,46800000000,1.000000,78893997520564,19308135378465,10099363369015,1785595802,647,10
89,160,46800000000,1.000000,79051697121418,19150435777611,10099363369015,1785595802,647,10
89,165,46800000000,1.000000,79215893516794,18986239382235,10099363369015,1785595802,647,10
89,170,46800000000,1.000000,79377295347172,18824837551857,10099363369015,1785595802,647,10
89,175,46800000000,1.000000,79502428277866,18699704621163,10099363369015,1785595802,647,10
89,180,46800000000,1.000000,79674008328244,18528124570785,10099363369015,1785595802,647,10
89,185,46800000000,1.000000,79840288250716,18361844648313,10099363369015,1785595802,647,10
89,190,46800000000,1.000000,79990259001934,18211873897095,10099363369015,1785595802,647,10
89,195,46800000000,1.000000,80146408140136,18055724758893,10099363369015,1785595802,647,10
90,0,60000000000,1.000000,88690260048688,2869173656510,10072909294802,2650723208,0,0
90,5,48000000000,0.599166,86963362728362,7657214168492,10081037709339,2480988624,52,3
90,10,36000000000,0.592339,77559507320169,23591087800480,10098903743870,1854077999,356,9
90,15,38700000000,0.640506,71686596812488,30983858696832,10100410808831,1558911802,620,12
90,20,41400000000,0.756598,69225728661672,29480819584713,10101474467482,1552980053,638,13
90,25,44100000000,0.858804,68934236807345,26311735014734,10101474467482,1552980053,638,13
90,30,46800000000,0.948768,69146385158789,23593210652400,10101474467482,1552980053,638,13
90,35,46800000000,1.000000,69409417780813,21111983913918,10101474467482,1552980053,638,13
90,40,46800000000,1.000000,69621529773610,20841057252501,10101474467482,1552980053,638,13
90,45,46800000000,1.000000,69824238931056,20638348095055,10101474467482,1552980053,638,13
90,50,46800000000,1.000000,69999331489518,20463255536593,10101474467482,1552980053,638,13
90,55,46800000000,1.000000,70143786421610,20318800604501,10101474467482,1552980053,638,13
90,60,46800000000,1.000000,70323371514188,20139215511923,10101474467482,1552980053,638,13
90,65,46800000000,1.000000,70500397835762,19962189190349,10101474467482,1552980053,638,13
90,70,46800000000,1.000000,70657020243536,19805566782575,10101474467482,1552980053,638,13
90,75,46800000000,1.000000,70834842595274,19627744430837,10101474467482,1552980053,638,13
90,80,46800000000,1.000000,71001362683562,19461224342549,10101474467482,1552980053,638,13
90,85,46800000000,1.000000,71139609803696,19322977222415,10101474467482,1552980053,638,13
90,90,46800000000,1.000000,71310393439814,19152193586297,10101474467482,1552980053,638,13
90,95,46800000000,1.000000,71478743710040,18983843316071,10101474467482,1552980053,638,13
90,100,46800000000,1.000000,71627690061368,18834896964743,10101474467482,1552980053,638,13
90,105,46800000000,1.000000,71796797348408,18665789677703,10101474467482,1552980053,638,13
90,110,46800000000,1.000000,71955156295532,18507430730579,10101474467482,1552980053,638,13
90,115,46800000000,1.000000,72086627931242,18375959094869,10101474467482,1552980053,638,13
90,120,46800000000,1.000000,72249041469722,18213545556389,10101474467482,1552980053,638,13
90,125,46800000000,1.000000,72409140901760,18053446124351,10101474467482,1552980053,638,13
90,130,46800000000,1.000000,72550787399822,17911799626289,10101474467482,1552980053,638,13
90,135,46800000000,1.000000,72711606747272,17750980278839,10101474467482,1552980053,638,13
90,140,46800000000,1.000000,72862204530230,17600382495881,10101474467482,1552980053,638,13
90,145,46800000000,1.000000,72987232747664,17475354278447,10101474467482,1552980053,638,13
90,150,46800000000,1.000000,73141686406946,17320900619165,10101474467482,1552980053,638,13
90,155,46800000000,1.000000,73293939373814,17168647652297,10101474467482,1552980053,638,13
90,160,46800000000,1.000000,73428643784120,17033943241991,10101474467482,1552980053,638,13
90,165,46800000000,1.000000,73581581383286,16881005642825,10101474467482,1552980053,638,13
90,170,46800000000,1.000000,73724798376428,16737788649683,10101474467482,1552980053,638,13
90,175,46800000000,1.000000,73843698967220,16618888058891,10101474467482,1552980053,638,13
90,180,46800000000,1.000000,73990582860296,16472004165815,10101474467482,1552980053,638,13
90,185,46800000000,1.000000,74135373916760,16327213109351,10101474467482,1552980053,638,13
90,190,46800000000,1.000000,74263476470576,16199110555535,10101474467482,1552980053,638,13
90,195,46800000000,1.000000,74408918605748,16053668420363,10101474467482,1552980053,638,13
91,0,60000000000,1.000000,93668276315570,2868913022734,10073649661696,2433389764,0,0
91,5,48000000000,0.405808,92767161193090,9260209951139,10085807102405,2365870111,54,1
91,10,36000000000,0.582847,84780876405174,20114431097932,10106317477029,1839246200,373,6
91,15,38700000000,0.575467,79480029738876,29579172101164,10108963834165,1554714703,665,10
91,20,41400000000,0.818100,74336350564206,27093572319398,10109240201613,1553306645,676,10
91,25,44100000000,0.880579,74022609534479,25527503724430,10109240201613,1553306645,676,10
91,30,46800000000,1.000000,74282659546968,22044972201547,10109240201613,1553306645,676,10
91,35,46800000000,1.000000,74536035791330,20568521530189,10109240201613,1553306645,676,10
91,40,46800000000,1.000000,74733958616595,20320356361884,10109240201613,1553306645,676,10
91,45,46800000000,1.000000,74900599780280,20153715198199,10109240201613,1553306645,676,10
91,50,46800000000,1.000000,75064720503512,19989594474967,10109240201613,1553306645,676,10
91,55,46800000000,1.000000,75225530036691,19828784941788,10109240201613,1553306645,676,10
91,60,46800000000,1.000000,75405943009401,19648371969078,10109240201613,1553306645,676,10
91,65,46800000000,1.000000,75584756408835,19469558569644,10109240201613,1553306645,676,10
91,70,46800000000,1.000000,75736242983325,19318071995154,10109240201613,1553306645,676,10
91,75,46800000000,1.000000,75886797899085,19167517079394,10109240201613,1553306645,676,10
91,80,46800000000,1.000000,76042521125049,19011793853430,10109240201613,1553306645,676,10
91,85,46800000000,1.000000,76197337776495,18856977201984,10109240201613,1553306645,676,10
91,90,46800000000,1.000000,76368908718333,18685406260146,10109240201613,1553306645,676,10
91,95,46800000000,1.000000,76538958481947,18515356496532,10109240201613,1553306645,676,10
91,100,46800000000,1.000000,76683020706789,18371294271690,10109240201613,1553306645,676,10
91,105,46800000000,1.000000,76826196933699,18228118044780,10109240201613,1553306645,676,10
91,110,46800000000,1.000000,76974288171981,18080026806498,10109240201613,1553306645,676,10
91,115,46800000000,1.000000,77121517266951,17932797711528,10109240201613,1553306645,676,10
91,120,46800000000,1.000000,77284679525475,17769635453004,10109240201613,1553306645,676,10
91,125,46800000000,1.000000,77446395158607,17607919819872,10109240201613,1553306645,676,10
91,130,46800000000,1.000000,77583396901047,17470918077432,10109240201613,1553306645,676,10
91,135,46800000000,1.000000,77719556068317,17334758910162,10109240201613,1553306645,676,10
91,140,46800000000,1.000000,77860389362541,17193925615938,10109240201613,1553306645,676,10
91,145,46800000000,1.000000,78000402766893,17053912211586,10109240201613,1553306645,676,10
91,150,46800000000,1.000000,78155568451311,16898746527168,10109240201613,1553306645,676,10
91,155,46800000000,1.000000,78309358409433,16744956569046,10109240201613,1553306645,676,10
91,160,46800000000,1.000000,78439645703313,16614669275166,10109240201613,1553306645,676,10
91,165,46800000000,1.000000,78569131716477,16485183262002,10109240201613,1553306645,676,10
91,170,46800000000,1.000000,78703062777939,16351252200540,10109240201613,1553306645,676,10
91,175,46800000000,1.000000,78836214132375,16218100846104,10109240201613,1553306645,676,10
91,180,46800000000,1.000000,78983775154257,16070539824222,10109240201613,1553306645,676,10
91,185,46800000000,1.000000,79130027874159,15924287104320,10109240201613,1553306645,676,10
91,190,46800000000,1.000000,79253929794225,15800385184254,10109240201613,1553306645,676,10
91,195,46800000000,1.000000,79377069704301,15677245274178,10109240201613,1553306645,676,10
92,0,60000000000,1.000000,101545252859259,2994878864995,10086968275746,2919660588,0,0
92,5,48000000000,0.345330,100996646824145,10237363064589,10095187765271,2878954595,32,3
92,10,36000000000,0.595070,90905541157954,22892437186803,10098956563505,2199903105,336,4
92,15,38700000000,0.596125,83832488343110,34712609190274,10101564525736,1927163321,593,7
92,20,41400000000,0.798425,77777316805391,33500960110160,10101767604030,1926079032,605,8
92,25,44100000000,0.905387,77114776191185,30274962595987,10101767604030,1926079032,605,8
92,30,46800000000,1.000000,77460381547560,25985161858026,10101767604030,1926079032,605,8
92,35,46800000000,1.000000,77676860285315,25071616987951,10101767604030,1926079032,605,8
92,40,46800000000,1.000000,77933881297965,24542043991461,10101767604030,1926079032,605,8
92,45,46800000000,1.000000,78155998985008,24319926304418,10101767604030,1926079032,605,8
92,50,46800000000,1.000000,78374111495800,24101813793626,10101767604030,1926079032,605,8
92,55,46800000000,1.000000,78577404512766,23898520776660,10101767604030,1926079032,605,8
92,60,46800000000,1.000000,78790957019892,23684968269534,10101767604030,1926079032,605,8
92,65,46800000000,1.000000,78942097164966,23533828124460,10101767604030,1926079032,605,8
92,70,46800000000,1.000000,79154764143012,23321161146414,10101767604030,1926079032,605,8
92,75,46800000000,1.000000,79345799567088,23130125722338,10101767604030,1926079032,605,8
92,80,46800000000,1.000000,79553243572308,22922681717118,10101767604030,1926079032,605,8
92,85,46800000000,1.000000,79748669801754,22727255487672,10101767604030,1926079032,605,8
92,90,46800000000,1.000000,79951756111050,22524169178376,10101767604030,1926079032,605,8
92,95,46800000000,1.000000,80095488885024,22380436404402,10101767604030,1926079032,605,8
92,100,46800000000,1.000000,80297733065004,22178192224422,10101767604030,1926079032,605,8
92,105,46800000000,1.000000,80479405852524,21996519436902,10101767604030,1926079032,605,8
92,110,46800000000,1.000000,80676683037366,21799242252060,10101767604030,1926079032,605,8
92,115,46800000000,1.000000,80862531436986,21613393852440,10101767604030,1926079032,605,8
92,120,46800000000,1.000000,81055664496522,21420260792904,10101767604030,1926079032,605,8
92,125,46800000000,1.000000,81192352934604,21283572354822,10101767604030,1926079032,605,8
92,130,46800000000,1.000000,81384685137462,21091240151964,10101767604030,1926079032,605,8
92,135,46800000000,1.000000,81557454150714,20918471138712,10101767604030,1926079032,605,8
92,140,46800000000,1.000000,81745062790494,20730862498932,10101767604030,1926079032,605,8
92,145,46800000000,1.000000,81921802769382,20554122520044,10101767604030,1926079032,605,8
92,150,46800000000,1.000000,82105470387324,20370454902102,10101767604030,1926079032,605,8
92,155,46800000000,1.000000,82235459731746,20240465557680,10101767604030,1926079032,605,8
92,160,46800000000,1.000000,82418365742856,20057559546570,10101767604030,1926079032,605,8
92,165,46800000000,1.000000,82582667355378,19893257934048,10101767604030,1926079032,605,8
92,170,46800000000,1.000000,82761081305184,19714843984242,10101767604030,1926079032,605,8
92,175,46800000000,1.000000,82929159266550,19546766022876,10101767604030,1926079032,605,8
92,180,46800000000,1.000000,83103825343764,19372099945662,10101767604030,1926079032,605,8
92,185,46800000000,1.000000,83227443916968,19248481372458,10101767604030,1926079032,605,8
92,190,46800000000,1.000000,83401385713608,19074539575818,10101767604030,1926079032,605,8
92,195,46800000000,1.000000,83557634912382,18918290377044,10101767604030,1926079032,605,8
93,0,60000000000,1.000000,105537824971807,3148596585045,10101241443148,3451188160,0,0
93,5,48000000000,0.583506,103805684090876,8350705427394,10109291375061,3246660487,53,1
93,10,36000000000,0.394554,96744614844541,30234310292162,10113991633078,2710865819,360,4
93,15,38700000000,0.581948,85714631165891,39448187396778,10116227399717,2217461518,648,8
93,20,41400000000,0.720128,80880293987952,38582710312559,10122886783184,2183472312,661,8
93,25,44100000000,0.846330,79591264759472,34352432865791,10122886783184,2183472312,661,8
93,30,46800000000,0.932410,79881849678739,30869386833840,10122886783184,2183472312,661,8
93,35,46800000000,1.000000,80169774592014,28418051946103,10122886783184,2183472312,661,8
93,40,46800000000,1.000000,80478879837914,27992275871603,10122886783184,2183472312,661,8
93,45,46800000000,1.000000,80741282944863,27729872764654,10122886783184,2183472312,661,8
93,50,46800000000,1.000000,80987679320913,27483476388604,10122886783184,2183472312,661,8
93,55,46800000000,1.000000,81182750761370,27288404948147,10122886783184,2183472312,661,8
93,60,46800000000,1.000000,81426760094984,27044395614533,10122886783184,2183472312,661,8
93,65,46800000000,1.000000,81629997777758,26841157931759,10122886783184,2183472312,661,8
93,70,46800000000,1.000000,81860113343492,26611042366025,10122886783184,2183472312,661,8
93,75,46800000000,1.000000,82097911717292,26373243992225,10122886783184,2183472312,661,8
93,80,46800000000,1.000000,82332213998912,26138941710605,10122886783184,2183472312,661,8
93,85,46800000000,1.000000,82520154104954,25951001604563,10122886783184,2183472312,661,8
93,90,46800000000,1.000000,82752204553436,25718951156081,10122886783184,2183472312,661,8
93,95,46800000000,1.000000,82945481567618,25525674141899,10122886783184,2183472312,661,8
93,100,46800000000,1.000000,83164319180996,25306836528521,10122886783184,2183472312,661,8
93,105,46800000000,1.000000,83390463068348,25080692641169,10122886783184,2183472312,661,8
93,110,46800000000,1.000000,83613282206978,24857873502539,10122886783184,2183472312,661,8
93,115,46800000000,1.000000,83792011377776,24679144331741,10122886783184,2183472312,661,8
93,120,46800000000,1.000000,84012689045138,24458466664379,10122886783184,2183472312,661,8
93,125,46800000000,1.000000,84196493562506,24274662147011,10122886783184,2183472312,661,8
93,130,46800000000,1.000000,84404605955228,24066549754289,10122886783184,2183472312,661,8
93,135,46800000000,1.000000,84619666541780,23851489167737,10122886783184,2183472312,661,8
93,140,46800000000,1.000000,84831565325456,23639590384061,10122886783184,2183472312,661,8
93,145,46800000000,1.000000,85001534988470,23469620721047,10122886783184,2183472312,661,8
93,150,46800000000,1.000000,85211397254444,23259758455073,10122886783184,2183472312,661,8
93,155,46800000000,1.000000,85386193521464,23084962188053,10122886783184,2183472312,661,8
93,160,46800000000,1.000000,85584106336244,22887049373273,10122886783184,2183472312,661,8
93,165,46800000000,1.000000,85788626814266,22682528895251,10122886783184,2183472312,661,8
93,170,46800000000,1.000000,85990140449132,22481015260385,10122886783184,2183472312,661,8
93,175,46800000000,1.000000,86151779907422,22319375802095,10122886783184,2183472312,661,8
93,180,46800000000,1.000000,86351356834208,22119798875309,10122886783184,2183472312,661,8
93,185,46800000000,1.000000,86517586344884,21953569364633,10122886783184,2183472312,661,8
93,190,46800000000,1.000000,86705799462548,21765356246969,10122886783184,2183472312,661,8
93,195,46800000000,1.000000,86900296402154,21570859307363,10122886783184,2183472312,661,8
94,0,60000000000,1.000000,100925502799668,2945316150111,10082198050221,3601028806,0,0
94,5,48000000000,0.595168,100261794630625,6045914082435,10092889002137,3558278282,50,0
94,10,36000000000,0.511218,86525601899515,33842515476764,10126521869063,2744766096,371,5
94,15,38700000000,0.686286,76912632460072,39214036302799,10128337195938,2178473773,673,8
94,20,41400000000,0.788530,72333522903391,39936118560970,10128650891813,2176834156,686,8
94,25,44100000000,0.928236,72102435474171,34174427066170,10128650891813,2176834156,686,8
94,30,46800000000,0.980475,72291044791383,32161272700193,10128650891813,2176834156,686,8
94,35,46800000000,1.000000,72655273075373,28319731879282,10128650891813,2176834156,686,8
94,40,46800000000,1.000000,73002314862125,27896914672990,10128650891813,2176834156,686,8
94,45,46800000000,1.000000,73265357468899,27633872066216,10128650891813,2176834156,686,8
94,50,46800000000,1.000000,73514982763201,27384246771914,10128650891813,2176834156,686,8
94,55,46800000000,1.000000,73642130967186,27257098567929,10128650891813,2176834156,686,8
94,60,46800000000,1.000000,73892245541100,27006983994015,10128650891813,2176834156,686,8
94,65,46800000000,1.000000,74128161443490,26771068091625,10128650891813,2176834156,686,8
94,70,46800000000,1.000000,74376605663730,26522623871385,10128650891813,2176834156,686,8
94,75,46800000000,1.000000,74617559405604,26281670129511,10128650891813,2176834156,686,8
94,80,46800000000,1.000000,74854282436676,26044947098439,10128650891813,2176834156,686,8
94,85,46800000000,1.000000,74977999986684,25921229548431,10128650891813,2176834156,686,8
94,90,46800000000,1.000000,75215856457728,25683373077387,10128650891813,2176834156,686,8
94,95,46800000000,1.000000,75440210133612,25459019401503,10128650891813,2176834156,686,8
94,100,46800000000,1.000000,75676478115084,25222751420031,10128650891813,2176834156,686,8
94,105,46800000000,1.000000,75905622726102,24993606809013,10128650891813,2176834156,686,8
94,110,46800000000,1.000000,76130743973178,24768485561937,10128650891813,2176834156,686,8
94,115,46800000000,1.000000,76248398132178,24650831402937,10128650891813,2176834156,686,8
94,120,46800000000,1.000000,76474597269498,24424632265617,10128650891813,2176834156,686,8
94,125,46800000000,1.000000,76687955382918,24211274152197,10128650891813,2176834156,686,8
94,130,46800000000,1.000000,76912643882508,23986585652607,10128650891813,2176834156,686,8
94,135,46800000000,1.000000,77130558127518,23768671407597,10128650891813,2176834156,686,8
94,140,46800000000,1.000000,77344646193558,23554583341557,10128650891813,2176834156,686,8
94,145,46800000000,1.000000,77456534127930,23442695407185,10128650891813,2176834156,686,8
94,150,46800000000,1.000000,77671647256860,23227582278255,10128650891813,2176834156,686,8
94,155,46800000000,1.000000,77874548699742,23024680835373,10128650891813,2176834156,686,8
94,160,46800000000,1.000000,78088225227072,22811004308043,10128650891813,2176834156,686,8
94,165,46800000000,1.000000,78295459505802,22603770029313,10128650891813,2176834156,686,8
94,170,46800000000,1.000000,78499055126334,22400174408781,10128650891813,2176834156,686,8
94,175,46800000000,1.000000,78605459438778,22293770096337,10128650891813,2176834156,686,8
94,180,46800000000,1.000000,78810029884116,22089199650999,10128650891813,2176834156,686,8
94,185,46800000000,1.000000,79002987137382,21896242397733,10128650891813,2176834156,686,8
94,190,46800000000,1.000000,79206191388738,21693038146377,10128650891813,2176834156,686,8
94,195,46800000000,1.000000,79403269125924,21495960409191,10128650891813,2176834156,686,8
95,0,60000000000,1.000000,115003751242774,3092263924753,10104679832473,3592081404,0,0
95,5,48000000000,0.392181,114295887672122,9665378234183,10114232254116,3545377429,57,5
95,10,36000000000,0.498655,102512352178919,31228847793419,10115928185131,2722748336,369,7
95,15,38700000000,0.603731,92909657563706,41683539688015,10125410780070,2387666457,645,11
95,20,41400000000,0.793887,86989724869571,39155710018941,10125750315956,2385935523,661,11
95,25,44100000000,0.903557,85536630659396,36011354837029,10125750315956,2385935523,661,11
95,30,46800000000,0.990139,85843929784775,32552001823296,10125750315956,2385935523,661,11
95,35,46800000000,1.000000,86188046731878,29991668169719,10125750315956,2385935523,661,11
95,40,46800000000,1.000000,86519567327004,29671900676753,10125750315956,2385935523,661,11
95,45,46800000000,1.000000,86769347609812,29422120393945,10125750315956,2385935523,661,11
95,50,46800000000,1.000000,87024646374532,29166821629225,10125750315956,2385935523,661,11
95,55,46800000000,1.000000,87229377958571,28962090045186,10125750315956,2385935523,661,11
95,60,46800000000,1.000000,87480818806757,28710649197000,10125750315956,2385935523,661,11
95,65,46800000000,1.000000,87729366013271,28462101990486,10125750315956,2385935523,661,11
95,70,46800000000,1.000000,87982698322571,28208769681186,10125750315956,2385935523,661,11
95,75,46800000000,1.000000,88210336083017,27981131920740,10125750315956,2385935523,661,11
95,80,46800000000,1.000000,88451667861533,27739800142224,10125750315956,2385935523,661,11
95,85,46800000000,1.000000,88648808525009,27542659478748,10125750315956,2385935523,661,11
95,90,46800000000,1.000000,88887926269853,27303541733904,10125750315956,2385935523,661,11
95,95,46800000000,1.000000,89124292190345,27067175813412,10125750315956,2385935523,661,11
95,100,46800000000,1.000000,89365208695649,26826259308108,10125750315956,2385935523,661,11
95,105,46800000000,1.000000,89581689940973,26609778062784,10125750315956,2385935523,661,11
95,110,46800000000,1.000000,89811194061161,26380273942596,10125750315956,2385935523,661,11
95,115,46800000000,1.000000,89998672870517,26192795133240,10125750315956,2385935523,661,11
95,120,46800000000,1.000000,90226071466535,25965396537222,10125750315956,2385935523,661,11
95,125,46800000000,1.000000,90450853105079,25740614898678,10125750315956,2385935523,661,11
95,130,46800000000,1.000000,90679962304559,25511505699198,10125750315956,2385935523,661,11
95,135,46800000000,1.000000,90885833814803,25305634188954,10125750315956,2385935523,661,11
95,140,46800000000,1.000000,91104089949635,25087378054122,10125750315956,2385935523,661,11
95,145,46800000000,1.000000,91282380431975,24909087571782,10125750315956,2385935523,661,11
95,150,46800000000,1.000000,91498634234147,24692833769610,10125750315956,2385935523,661,11
95,155,46800000000,1.000000,91712399335703,24479068668054,10125750315956,2385935523,661,11
95,160,46800000000,1.000000,91930279904627,24261188099130,10125750315956,2385935523,661,11
95,165,46800000000,1.000000,92126061662369,24065406341388,10125750315956,2385935523,661,11
95,170,46800000000,1.000000,92333621074769,23857846928988,10125750315956,2385935523,661,11
95,175,46800000000,1.000000,92503173549497,23688294454260,10125750315956,2385935523,661,11
95,180,46800000000,1.000000,92708828763497,23482639240260,10125750315956,2385935523,661,11
95,185,46800000000,1.000000,92912117248079,23279350755678,10125750315956,2385935523,661,11
95,190,46800000000,1.000000,93119319501401,23072148502356,10125750315956,2385935523,661,11
95,195,46800000000,1.000000,93305506004939,22885961998818,10125750315956,2385935523,661,11
96,0,60000000000,1.000000,94827984407411,2979752367283,10082020225306,3402922464,0,0
96,5,48000000000,0.367518,94149044007150,9924739993026,10093193327865,3353816916,54,1
96,10,36000000000,0.280524,89044297012997,31184611993813,10097426091453,2979706814,352,9
96,15,38700000000,0.389242,82479328155735,39338156599485,10098355616835,2648494160,640,14
96,20,41400000000,0.828985,66415230555370,37848544200953,10098652744583,2646977713,652,14
96,25,44100000000,0.904132,64960900519478,36311298043377,10098652744583,2646977713,652,14
96,30,46800000000,1.000000,65281457016505,32066472741466,10098652744583,2646977713,652,14
96,35,46800000000,1.000000,65606343162022,31358435735210,10098652744583,2646977713,652,14
96,40,46800000000,1.000000,65909885310840,31035612128232,10098652744583,2646977713,652,14
96,45,46800000000,1.000000,66211217996765,30734279442307,10098652744583,2646977713,652,14
96,50,46800000000,1.000000,66472139575319,30473357863753,10098652744583,2646977713,652,14
96,55,46800000000,1.000000,66651015001760,30294482437312,10098652744583,2646977713,652,14
96,60,46800000000,1.000000,66921706428980,30023791010092,10098652744583,2646977713,652,14
96,65,46800000000,1.000000,67172530118276,29772967320796,10098652744583,2646977713,652,14
96,70,46800000000,1.000000,67443633623360,29501863815712,10098652744583,2646977713,652,14
96,75,46800000000,1.000000,67714900753712,29230596685360,10098652744583,2646977713,652,14
96,80,46800000000,1.000000,67962700344566,28982797094506,10098652744583,2646977713,652,14
96,85,46800000000,1.000000,68135746053110,28809751385962,10098652744583,2646977713,652,14
96,90,46800000000,1.000000,68393170907024,28552326532048,10098652744583,2646977713,652,14
96,95,46800000000,1.000000,68631701739830,28313795699242,10098652744583,2646977713,652,14
96,100,46800000000,1.000000,68889518475728,28055978963344,10098652744583,2646977713,652,14
96,105,46800000000,1.000000,69147490817516,27798006621556,10098652744583,2646977713,652,14
96,110,46800000000,1.000000,69383145762818,27562351676254,10098652744583,2646977713,652,14
96,115,46800000000,1.000000,69547710509798,27397786929274,10098652744583,2646977713,652,14
96,120,46800000000,1.000000,69792518984384,27152978454688,10098652744583,2646977713,652,14
96,125,46800000000,1.000000,70019359432910,26926138006162,10098652744583,2646977713,652,14
96,130,46800000000,1.000000,70264540583366,26680956855706,10098652744583,2646977713,652,14
96,135,46800000000,1.000000,70509869713490,26435627725582,10098652744583,2646977713,652,14
96,140,46800000000,1.000000,70733975221670,26211522217402,10098652744583,2646977713,652,14
96,145,46800000000,1.000000,70890474658658,26055022780414,10098652744583,2646977713,652,14
96,150,46800000000,1.000000,71123285082128,25822212356944,10098652744583,2646977713,652,14
96,155,46800000000,1.000000,71339008091630,25606489347442,10098652744583,2646977713,652,14
96,160,46800000000,1.000000,71572172926184,25373324512888,10098652744583,2646977713,652,14
96,165,46800000000,1.000000,71805478487870,25140018951202,10098652744583,2646977713,652,14
96,170,46800000000,1.000000,72018600596102,24926896842970,10098652744583,2646977713,652,14
96,175,46800000000,1.000000,72167430003422,24778067435650,10098652744583,2646977713,652,14
96,180,46800000000,1.000000,72388830399596,24556667039476,10098652744583,2646977713,652,14
96,185,46800000000,1.000000,72593980835240,24351516603832,10098652744583,2646977713,652,14
96,190,46800000000,1.000000,72815718272744,24129779166328,10098652744583,2646977713,652,14
96,195,46800000000,1.000000,73037589540512,23907907898560,10098652744583,2646977713,652,14
97,0,60000000000,1.000000,111420671633237,3016597788868,10098281577895,3308881094,0,0
97,5,48000000000,0.650144,106989979376698,11439561972547,10108210538748,2886922929,51,3
97,10,36000000000,0.676599,97371406182100,25190184448205,10120497583285,2264018122,358,10
97,15,38700000000,0.650388,88824263447214,39344010383102,10122403800935,1840446142,637,13
97,20,41400000000,0.755192,87240442498648,35980439523139,10122984632073,1837431504,655,14
97,25,44100000000,0.838244,86933006535209,32782302407443,10122984632073,1837431504,655,14
97,30,46800000000,0.976843,87283059305497,27772624444707,10122984632073,1837431504,655,14
97,35,46800000000,1.000000,87595262150333,25009551451670,10122984632073,1837431504,655,14
97,40,46800000000,1.000000,87860191836067,24643625042676,10122984632073,1837431504,655,14
97,45,46800000000,1.000000,88045405211410,24458411667333,10122984632073,1837431504,655,14
97,50,46800000000,1.000000,88258338217635,24245478661108,10122984632073,1837431504,655,14
97,55,46800000000,1.000000,88460010895447,24043805983296,10122984632073,1837431504,655,14
97,60,46800000000,1.000000,88675574200147,23828242678596,10122984632073,1837431504,655,14
97,65,46800000000,1.000000,88877975218015,23625841660728,10122984632073,1837431504,655,14
97,70,46800000000,1.000000,89080386920833,23423429957910,10122984632073,1837431504,655,14
97,75,46800000000,1.000000,89242808215465,23261008663278,10122984632073,1837431504,655,14
97,80,46800000000,1.000000,89444982384217,23058834494526,10122984632073,1837431504,655,14
97,85,46800000000,1.000000,89638396605199,22865420273544,10122984632073,1837431504,655,14
97,90,46800000000,1.000000,89843395163065,22660421715678,10122984632073,1837431504,655,14
97,95,46800000000,1.000000,90035876517133,22467940361610,10122984632073,1837431504,655,14
97,100,46800000000,1.000000,90228368032543,22275448846200,10122984632073,1837431504,655,14
97,105,46800000000,1.000000,90382829067685,22120987811058,10122984632073,1837431504,655,14
97,110,46800000000,1.000000,90575094690481,21928722188262,10122984632073,1837431504,655,14
97,115,46800000000,1.000000,90759029690293,21744787188450,10122984632073,1837431504,655,14
97,120,46800000000,1.000000,90953981278903,21549835599840,10122984632073,1837431504,655,14
97,125,46800000000,1.000000,91137029131489,21366787747254,10122984632073,1837431504,655,14
97,130,46800000000,1.000000,91320086647279,21183730231464,10122984632073,1837431504,655,14
97,135,46800000000,1.000000,91466977554883,21036839323860,10122984632073,1837431504,655,14
97,140,46800000000,1.000000,91649820249109,20853996629634,10122984632073,1837431504,655,14
97,145,46800000000,1.000000,91824740603689,20679076275054,10122984632073,1837431504,655,14
97,150,46800000000,1.000000,92010137624725,20493679254018,10122984632073,1837431504,655,14
97,155,46800000000,1.000000,92184214311223,20319602567520,10122984632073,1837431504,655,14
97,160,46800000000,1.000000,92358300187381,20145516691362,10122984632073,1837431504,655,14
97,165,46800000000,1.000000,92497991978863,20005824899880,10122984632073,1837431504,655,14
97,170,46800000000,1.000000,92671873561693,19831943317050,10122984632073,1837431504,655,14
97,175,46800000000,1.000000,92838221078425,19665595800318,10122984632073,1837431504,655,14
97,180,46800000000,1.000000,93014531800765,19489285077978,10122984632073,1837431504,655,14
97,185,46800000000,1.000000,93180076997431,19323739881312,10122984632073,1837431504,655,14
97,190,46800000000,1.000000,93345630933349,19158185945394,10122984632073,1837431504,655,14
97,195,46800000000,1.000000,93478476437077,19025340441666,10122984632073,1837431504,655,14
98,0,60000000000,1.000000,99555901485294,2928157568728,10082773945978,2960180880,0,0
98,5,48000000000,0.314327,99098457134205,10736954192661,10093462820698,2925268811,44,2
98,10,36000000000,0.389219,92434978275001,25755836837658,10107192815532,2505886272,360,5
98,15,38700000000,0.533846,83805256243738,34933183798097,10112653243063,2209590182,603,9
98,20,41400000000,0.818874,74817669200174,33749011206892,10112967545632,2207988245,616,9
98,25,44100000000,0.930604,73297936632790,31330125287661,10112967545632,2207988245,616,9
98,30,46800000000,1.000000,73593138874341,28558807267693,10112967545632,2207988245,616,9
98,35,46800000000,1.000000,73860140769805,27347877349870,10112967545632,2207988245,616,9
98,40,46800000000,1.000000,74121466941312,26955174803543,10112967545632,2207988245,616,9
98,45,46800000000,1.000000,74377928929621,26698712815234,10112967545632,2207988245,616,9
98,50,46800000000,1.000000,74616043542991,26460598201864,10112967545632,2207988245,616,9
98,55,46800000000,1.000000,74806767986775,26269873758080,10112967545632,2207988245,616,9
98,60,46800000000,1.000000,75042420143151,26034221601704,10112967545632,2207988245,616,9
98,65,46800000000,1.000000,75239869204119,25836772540736,10112967545632,2207988245,616,9
98,70,46800000000,1.000000,75454279023081,25622362721774,10112967545632,2207988245,616,9
98,75,46800000000,1.000000,75686146476909,25390495267946,10112967545632,2207988245,616,9
98,80,46800000000,1.000000,75912573422409,25164068322446,10112967545632,2207988245,616,9
98,85,46800000000,1.000000,76094253166857,24982388577998,10112967545632,2207988245,616,9
98,90,46800000000,1.000000,76318356022731,24758285722124,10112967545632,2207988245,616,9
98,95,46800000000,1.000000,76506128115291,24570513629564,10112967545632,2207988245,616,9
98,100,46800000000,1.000000,76710029719695,24366612025160,10112967545632,2207988245,616,9
98,105,46800000000,1.000000,76930533361293,24146108383562,10112967545632,2207988245,616,9
98,110,46800000000,1.000000,77145863133627,23930778611228,10112967545632,2207988245,616,9
98,115,46800000000,1.000000,77318638762929,23758002981926,10112967545632,2207988245,616,9
98,120,46800000000,1.000000,77531758348845,23544883396010,10112967545632,2207988245,616,9
98,125,46800000000,1.000000,77710327740501,23366314004354,10112967545632,2207988245,616,9
98,130,46800000000,1.000000,77904236137425,23172405607430,10112967545632,2207988245,616,9
98,135,46800000000,1.000000,78113932906443,22962708838412,10112967545632,2207988245,616,9
98,140,46800000000,1.000000,78318709377273,22757932367582,10112967545632,2207988245,616,9
98,145,46800000000,1.000000,78483017281509,22593624463346,10112967545632,2207988245,616,9
98,150,46800000000,1.000000,78685691887287,22390949857568,10112967545632,2207988245,616,9
98,155,46800000000,1.000000,78855509602017,22221132142838,10112967545632,2207988245,616,9
98,160,46800000000,1.000000,79039914558105,22036727186750,10112967545632,2207988245,616,9
98,165,46800000000,1.000000,79239334098957,21837307645898,10112967545632,2207988245,616,9
98,170,46800000000,1.000000,79434074485095,21642567259760,10112967545632,2207988245,616,9
98,175,46800000000,1.000000,79590329667219,21486312077636,10112967545632,2207988245,616,9
98,180,46800000000,1.000000,79783071200799,21293570544056,10112967545632,2207988245,616,9
98,185,46800000000,1.000000,79944566157657,21132075587198,10112967545632,2207988245,616,9
98,190,46800000000,1.000000,80119933435989,20956708308866,10112967545632,2207988245,616,9
98,195,46800000000,1.000000,80309579435079,20767062309776,10112967545632,2207988245,616,9
99,0,60000000000,1.000000,96485993531361,2935295274301,10082935194338,2693975948,0,0
99,5,48000000000,0.480723,96064453880928,6963959016170,10092035648694,2658319223,46,1
99,10,36000000000,0.515968,86050076354435,25887507224718,10097026307350,1948742089,344,10
99,15,38700000000,0.624203,79683145315154,31589603864158,10102742506670,1689914528,624,15
99,20,41400000000,0.787383,75259529876546,30660833423516,10102882238545,1689169011,630,15
99,25,44100000000,0.896528,74972858094299,27247863092421,10102882238545,1689169011,630,15
99,30,46800000000,0.980987,75209346823444,24660870958872,10102882238545,1689169011,630,15
99,35,46800000000,1.000000,75469328419386,22580950486594,10102882238545,1689169011,630,15
99,40,46800000000,1.000000,75719236569022,22294416893658,10102882238545,1689169011,630,15
99,45,46800000000,1.000000,75913058161018,22100595301662,10102882238545,1689169011,630,15
99,50,46800000000,1.000000,76097060944114,21916592518566,10102882238545,1689169011,630,15
99,55,46800000000,1.000000,76256955089903,21756698372777,10102882238545,1689169011,630,15
99,60,46800000000,1.000000,76438693612811,21574959849869,10102882238545,1689169011,630,15
99,65,46800000000,1.000000,76632802058021,21380851404659,10102882238545,1689169011,630,15
99,70,46800000000,1.000000,76817615700569,21196037762111,10102882238545,1689169011,630,15
99,75,46800000000,1.000000,76995065186993,21018588275687,10102882238545,1689169011,630,15
99,80,46800000000,1.000000,77170061423171,20843592039509,10102882238545,1689169011,630,15
99,85,46800000000,1.000000,77323249769867,20690403692813,10102882238545,1689169011,630,15
99,90,46800000000,1.000000,77496081296633,20517572166047,10102882238545,1689169011,630,15
99,95,46800000000,1.000000,77680676496809,20332976965871,10102882238545,1689169011,630,15
99,100,46800000000,1.000000,77856432431951,20157221030729,10102882238545,1689169011,630,15
99,105,46800000000,1.000000,78025185127667,19988468335013,10102882238545,1689169011,630,15
99,110,46800000000,1.000000,78191604807077,19822048655603,10102882238545,1689169011,630,15
99,115,46800000000,1.000000,78337285400549,19676368062131,10102882238545,1689169011,630,15
99,120,46800000000,1.000000,78501646462907,19512006999773,10102882238545,1689169011,630,15
99,125,46800000000,1.000000,78677194661393,19336458801287,10102882238545,1689169011,630,15
99,130,46800000000,1.000000,78844336807121,19169316655559,10102882238545,1689169011,630,15
99,135,46800000000,1.000000,79004818941737,19008834520943,10102882238545,1689169011,630,15
99,140,46800000000,1.000000,79163082400919,18850571061761,10102882238545,1689169011,630,15
99,145,46800000000,1.000000,79301623195859,18712030266821,10102882238545,1689169011,630,15
99,150,46800000000,1.000000,79457928930839,18555724531841,10102882238545,1689169011,630,15
99,155,46800000000,1.000000,79624873520981,18388779941699,10102882238545,1689169011,630,15
99,160,46800000000,1.000000,79783824038357,18229829424323,10102882238545,1689169011,630,15
99,165,46800000000,1.000000,79936440951593,18077212511087,10102882238545,1689169011,630,15
99,170,46800000000,1.000000,80086947926381,17926705536299,10102882238545,1689169011,630,15
99,175,46800000000,1.000000,80218698843767,17794954618913,10102882238545,1689169011,630,15
99,180,46800000000,1.000000,80367344042579,17646309420101,10102882238545,1689169011,630,15
99,185,46800000000,1.000000,80526106686713,17487546775967,10102882238545,1689169011,630,15
99,190,46800000000,1.000000,80677267047215,17336386415465,10102882238545,1689169011,630,15
99,195,46800000000,1.000000,80822404213073,17191249249607,10102882238545,1689169011,630,15
100,0,60000000000,1.000000,111544413285747,3032171235838,10107557478415,4075164524,0,0
100,5,48000000000,0.507822,108879340146279,11194119851229,10120183476251,3803259267,45,0
100,10,36000000000,0.533401,95737568403994,35285069547378,10125493839579,2848246054,336,5
100,15,38700000000,0.638550,85378853156321,45689101753735,10130510098021,2453758218,602,8
100,20,41400000000,0.710395,83186938867598,44152762978664,10131287368629,2449190524,622,8
100,25,44100000000,0.826331,82193768953920,39159956169686,10131287368629,2449190524,622,8
100,30,46800000000,0.884343,82448455850412,36303112501037,10131287368629,2449190524,622,8
100,35,46800000000,0.999336,82863249099341,31710654030429,10131287368629,2449190524,622,8
100,40,46800000000,1.000000,83195000414850,31322670291897,10131287368629,2449190524,622,8
100,45,46800000000,1.000000,83484687430282,31032983276465,10131287368629,2449190524,622,8
100,50,46800000000,1.000000,83758967684404,30758703022343,10131287368629,2449190524,622,8
100,55,46800000000,1.000000,83950457799649,30567212907098,10131287368629,2449190524,622,8
100,60,46800000000,1.000000,84221471531569,30296199175178,10131287368629,2449190524,622,8
100,65,46800000000,1.000000,84497965589113,30019705117634,10131287368629,2449190524,622,8
100,70,46800000000,1.000000,84743067858703,29774602848044,10131287368629,2449190524,622,8
100,75,46800000000,1.000000,85005210426373,29512460280374,10131287368629,2449190524,622,8
100,80,46800000000,1.000000,85266052238371,29251618468376,10131287368629,2449190524,622,8
100,85,46800000000,1.000000,85448555356981,29069115349766,10131287368629,2449190524,622,8
100,90,46800000000,1.000000,85706286719365,28811383987382,10131287368629,2449190524,622,8
100,95,46800000000,1.000000,85969229816965,28548440889782,10131287368629,2449190524,622,8
100,100,46800000000,1.000000,86202319636609,28315351070138,10131287368629,2449190524,622,8
100,105,46800000000,1.000000,86451614609941,28066056096806,10131287368629,2449190524,622,8
100,110,46800000000,1.000000,86699672577721,27817998129026,10131287368629,2449190524,622,8
100,115,46800000000,1.000000,86873231227549,27644439479198,10131287368629,2449190524,622,8
100,120,46800000000,1.000000,87118331188783,27399339517964,10131287368629,2449190524,622,8
100,125,46800000000,1.000000,87368387458303,27149283248444,10131287368629,2449190524,622,8
100,130,46800000000,1.000000,87590053557481,26927617149266,10131287368629,2449190524,622,8
100,135,46800000000,1.000000,87827130596773,26690540109974,10131287368629,2449190524,622,8
100,140,46800000000,1.000000,88063031255875,26454639450872,10131287368629,2449190524,622,8
100,145,46800000000,1.000000,88228083804967,26289586901780,10131287368629,2449190524,622,8
100,150,46800000000,1.000000,88461171429307,26056499277440,10131287368629,2449190524,622,8
100,155,46800000000,1.000000,88698972453337,25818698253410,10131287368629,2449190524,622,8
100,160,46800000000,1.000000,88909774708123,25607895998624,10131287368629,2449190524,622,8
100,165,46800000000,1.000000,89135232613483,25382438093264,10131287368629,2449190524,622,8
100,170,46800000000,1.000000,89359571793115,25158098913632,10131287368629,2449190524,622,8
100,175,46800000000,1.000000,89516535124909,25001135581838,10131287368629,2449190524,622,8
100,180,46800000000,1.000000,89738199136369,24779471570378,10131287368629,2449190524,622,8
100,185,46800000000,1.000000,89964345544159,24553325162588,10131287368629,2449190524,622,8
100,190,46800000000,1.000000,90164816390899,24352854315848,10131287368629,2449190524,622,8
100,195,46800000000,1.000000,90379224615451,24138446091296,10131287368629,2449190524,622,8
101,0,60000000000,1.000000,112705428034583,3012602722580,10090477242837,3608076276,0,0
101,5,48000000000,0.321398,111237612989865,13892184674588,10105976845873,3533098542,38,3
101,10,36000000000,0.361415,106981909833603,24113229754772,10111712801298,3236182310,330,5
101,15,38700000000,0.380427,99209542100320,43319512118503,10119040416446,2915436080,627,12
101,20,41400000000,0.883187,81579746265348,38615579074264,10123986771897,2890225860,636,12
101,25,44100000000,0.895985,79789192652384,40062428827871,10123986771897,2890225860,636,12
101,30,46800000000,1.000000,80245061477078,34328135175121,10123986771897,2890225860,636,12
101,35,46800000000,1.000000,80614591905159,33855093467497,10123986771897,2890225860,636,12
101,40,46800000000,1.000000,80914763783738,33524170329338,10123986771897,2890225860,636,12
101,45,46800000000,1.000000,81158127069198,33280807043878,10123986771897,2890225860,636,12
101,50,46800000000,1.000000,81464535724486,32974398388590,10123986771897,2890225860,636,12
101,55,46800000000,1.000000,81711671774567,32727262338509,10123986771897,2890225860,636,12
101,60,46800000000,1.000000,82016290843811,32422643269265,10123986771897,2890225860,636,12
101,65,46800000000,1.000000,82311423461957,32127510651119,10123986771897,2890225860,636,12
101,70,46800000000,1.000000,82570214464085,31868719648991,10123986771897,2890225860,636,12
101,75,46800000000,1.000000,82788196274141,31650737838935,10123986771897,2890225860,636,12
101,80,46800000000,1.000000,83079421733621,31359512379455,10123986771897,2890225860,636,12
101,85,46800000000,1.000000,83315633247413,31123300865663,10123986771897,2890225860,636,12
101,90,46800000000,1.000000,83605322951189,30833611161887,10123986771897,2890225860,636,12
101,95,46800000000,1.000000,83885991134405,30552942978671,10123986771897,2890225860,636,12
101,100,46800000000,1.000000,84132098802347,30306835310729,10123986771897,2890225860,636,12
101,105,46800000000,1.000000,84339397334699,30099536778377,10123986771897,2890225860,636,12
101,110,46800000000,1.000000,84616349848889,29822584264187,10123986771897,2890225860,636,12
101,115,46800000000,1.000000,84840984648089,29597949464987,10123986771897,2890225860,636,12
101,120,46800000000,1.000000,85116476673941,29322457439135,10123986771897,2890225860,636,12
101,125,46800000000,1.000000,85383389323559,29055544789517,10123986771897,2890225860,636,12
101,130,46800000000,1.000000,85617435266915,28821498846161,10123986771897,2890225860,636,12
101,135,46800000000,1.000000,85814574108569,28624360004507,10123986771897,2890225860,636,12
101,140,46800000000,1.000000,86077953194003,28360980919073,10123986771897,2890225860,636,12
101,145,46800000000,1.000000,86291578652993,28147355460083,10123986771897,2890225860,636,12
101,150,46800000000,1.000000,86553568828439,27885365284637,10123986771897,2890225860,636,12
101,155,46800000000,1.000000,86807400102269,27631534010807,10123986771897,2890225860,636,12
101,160,46800000000,1.000000,87029975465783,27408958647293,10123986771897,2890225860,636,12
101,165,46800000000,1.000000,87217452542549,27221481570527,10123986771897,2890225860,636,12
101,170,46800000000,1.000000,87467923432055,26971010681021,10123986771897,2890225860,636,12
101,175,46800000000,1.000000,87671079117953,26767854995123,10123986771897,2890225860,636,12
101,180,46800000000,1.000000,87920229168059,26518704945017,10123986771897,2890225860,636,12
101,185,46800000000,1.000000,88161620183969,26277313929107,10123986771897,2890225860,636,12
101,190,46800000000,1.000000,88373287139957,26065646973119,10123986771897,2890225860,636,12
101,195,46800000000,1.000000,88551575974679,25887358138397,10123986771897,2890225860,636,12
102,0,60000000000,1.000000,105533692307927,2986736844120,10090365847953,3267530802,0,0
102,5,48000000000,0.415643,104811673679533,8903986120687,10098239369998,3209325712,48,2
102,10,36000000000,0.386357,97588440561826,28242701846361,10110580460382,2719800084,317,3
102,15,38700000000,0.541664,87870013561324,38082482372822,10112866980129,2288715693,610,4
102,20,41400000000,0.806119,78968333747822,36631688887669,10112956751836,2287020678,622,4
102,25,44100000000,0.920782,77735755789218,33408660576658,10112956751836,2287020678,622,4
102,30,46800000000,1.000000,78069963897805,29442756776884,10112956751836,2287020678,622,4
102,35,46800000000,1.000000,78326799293528,28357396462150,10112956751836,2287020678,622,4
102,40,46800000000,1.000000,78636295723876,27987176949722,10112956751836,2287020678,622,4
102,45,46800000000,1.000000,78886536250353,27736936423245,10112956751836,2287020678,622,4
102,50,46800000000,1.000000,79126693485693,27496779187905,10112956751836,2287020678,622,4
102,55,46800000000,1.000000,79338823048169,27284649625429,10112956751836,2287020678,622,4
102,60,46800000000,1.000000,79551982023323,27071490650275,10112956751836,2287020678,622,4
102,65,46800000000,1.000000,79771989659147,26851483014451,10112956751836,2287020678,622,4
102,70,46800000000,1.000000,80018581760165,26604890913433,10112956751836,2287020678,622,4
102,75,46800000000,1.000000,80243791166879,26379681506719,10112956751836,2287020678,622,4
102,80,46800000000,1.000000,80472199617245,26151273056353,10112956751836,2287020678,622,4
102,85,46800000000,1.000000,80676042342827,25947430330771,10112956751836,2287020678,622,4
102,90,46800000000,1.000000,80878754407235,25744718266363,10112956751836,2287020678,622,4
102,95,46800000000,1.000000,81087979479749,25535493193849,10112956751836,2287020678,622,4
102,100,46800000000,1.000000,81322486114181,25300986559417,10112956751836,2287020678,622,4
102,105,46800000000,1.000000,81536658019055,25086814654543,10112956751836,2287020678,622,4
102,110,46800000000,1.000000,81753872182643,24869600490955,10112956751836,2287020678,622,4
102,115,46800000000,1.000000,81947724586613,24675748086985,10112956751836,2287020678,622,4
102,120,46800000000,1.000000,82140501742853,24482970930745,10112956751836,2287020678,622,4
102,125,46800000000,1.000000,82339472705015,24283999968583,10112956751836,2287020678,622,4
102,130,46800000000,1.000000,82562486181047,24060986492551,10112956751836,2287020678,622,4
102,135,46800000000,1.000000,82766161531709,23857311141889,10112956751836,2287020678,622,4
102,140,46800000000,1.000000,82972730039981,23650742633617,10112956751836,2287020678,622,4
102,145,46800000000,1.000000,83157081747257,23466390926341,10112956751836,2287020678,622,4
102,150,46800000000,1.000000,83340410904647,23283061768951,10112956751836,2287020678,622,4
102,155,46800000000,1.000000,83529630309857,23093842363741,10112956751836,2287020678,622,4
102,160,46800000000,1.000000,83741713906601,22881758766997,10112956751836,2287020678,622,4
102,165,46800000000,1.000000,83935407138431,22688065535167,10112956751836,2287020678,622,4
102,170,46800000000,1.000000,84131851734449,22491620939149,10112956751836,2287020678,622,4
102,175,46800000000,1.000000,84307168373735,22316304299863,10112956751836,2287020678,622,4
102,180,46800000000,1.000000,84481512578399,22141960095199,10112956751836,2287020678,622,4
102,185,46800000000,1.000000,84661458350177,21962014323421,10112956751836,2287020678,622,4
102,190,46800000000,1.000000,84863147740295,21760324933303,10112956751836,2287020678,622,4
102,195,46800000000,1.000000,85047348076547,21576124597051,10112956751836,2287020678,622,4
103,0,60000000000,1.000000,109592997724159,3165083313575,10108614962266,3888180922,0,0
103,5,48000000000,0.409879,109084131948536,8944056307310,10116580083653,3845827635,52,2
103,10,36000000000,0.460177,96722167185893,34816959110619,10122551671353,3023721878,355,8
103,15,38700000000,0.656782,83673636141781,44233277047816,10141435313314,2431705630,645,12
103,20,41400000000,0.813610,77807424502366,42907672759309,10149156916767,2392345694,658,12
103,25,44100000000,0.928048,77690637672663,37742565157985,10149156916767,2392345694,658,12
103,30,46800000000,1.000000,78008956179391,33887244380103,10149156916767,2392345694,658,12
103,35,46800000000,1.000000,78351426817525,30981560416209,10149156916767,2392345694,658,12
103,40,46800000000,1.000000,78687004141109,30505936121405,10149156916767,2392345694,658,12
103,45,46800000000,1.000000,78986978344726,30205961917788,10149156916767,2392345694,658,12
103,50,46800000000,1.000000,79237006071664,29955934190850,10149156916767,2392345694,658,12
103,55,46800000000,1.000000,79448917317668,29744022944846,10149156916767,2392345694,658,12
103,60,46800000000,1.000000,79711694930774,29481245331740,10149156916767,2392345694,658,12
103,65,46800000000,1.000000,79953090405764,29239849856750,10149156916767,2392345694,658,12
103,70,46800000000,1.000000,80205553352324,28987386910190,10149156916767,2392345694,658,12
103,75,46800000000,1.000000,80460601884002,28732338378512,10149156916767,2392345694,658,12
103,80,46800000000,1.000000,80698443455582,28494496806932,10149156916767,2392345694,658,12
103,85,46800000000,1.000000,80906670376760,28286269885754,10149156916767,2392345694,658,12
103,90,46800000000,1.000000,81156569272142,28036370990372,10149156916767,2392345694,658,12
103,95,46800000000,1.000000,81386133967028,27806806295486,10149156916767,2392345694,658,12
103,100,46800000000,1.000000,81626223717206,27566716545308,10149156916767,2392345694,658,12
103,105,46800000000,1.000000,81868772332952,27324167929562,10149156916767,2392345694,658,12
103,110,46800000000,1.000000,82094957301134,27097982961380,10149156916767,2392345694,658,12
103,115,46800000000,1.000000,82292979031256,26899961231258,10149156916767,2392345694,658,12
103,120,46800000000,1.000000,82530630394094,26662309868420,10149156916767,2392345694,658,12
103,125,46800000000,1.000000,82748944134764,26443996127750,10149156916767,2392345694,658,12
103,130,46800000000,1.000000,82977267098306,26215673164208,10149156916767,2392345694,658,12
103,135,46800000000,1.000000,83207928418394,25985011844120,10149156916767,2392345694,658,12
103,140,46800000000,1.000000,83423028072488,25769912190026,10149156916767,2392345694,658,12
103,145,46800000000,1.000000,83611344767504,25581595495010,10149156916767,2392345694,658,12
103,150,46800000000,1.000000,83837348848982,25355591413532,10149156916767,2392345694,658,12
103,155,46800000000,1.000000,84044963044124,25147977218390,10149156916767,2392345694,658,12
103,160,46800000000,1.000000,84262095910508,24930844352006,10149156916767,2392345694,658,12
103,165,46800000000,1.000000,84481452530804,24711487731710,10149156916767,2392345694,658,12
103,170,46800000000,1.000000,84686010161624,24506930100890,10149156916767,2392345694,658,12
103,175,46800000000,1.000000,84865097464814,24327842797700,10149156916767,2392345694,658,12
103,180,46800000000,1.000000,85080025097504,24112915165010,10149156916767,2392345694,658,12
103,185,46800000000,1.000000,85277464131248,23915476131266,10149156916767,2392345694,658,12
103,190,46800000000,1.000000,85483955326742,23708984935772,10149156916767,2392345694,658,12
103,195,46800000000,1.000000,85692561290096,23500378972418,10149156916767,2392345694,658,12
104,0,60000000000,1.000000,121278094703882,3125355375812,10113236920306,4245470512,0,0
104,5,48000000000,0.331056,119582431340149,14517257641282,10128224517762,4161931133,54,2
104,10,36000000000,0.353852,112456262375669,33707155904956,10133080252275,3682972347,358,4
104,15,38700000000,0.467222,101295978725074,49410117523136,10135204083908,3043884881,633,6
104,20,41400000000,0.818099,86023646494324,46885742066257,10135873610253,3040337920,650,7
104,25,44100000000,0.893961,84903401516110,44160086136670,10135873610253,3040337920,650,7
104,30,46800000000,1.000000,85364599776587,37903185405267,10135873610253,3040337920,650,7
104,35,46800000000,1.000000,85751899400146,36838661352515,10135873610253,3040337920,650,7
104,40,46800000000,1.000000,86058441490996,36371028560105,10135873610253,3040337920,650,7
104,45,46800000000,1.000000,86414564227324,36014905823777,10135873610253,3040337920,650,7
104,50,46800000000,1.000000,86730788186389,35698681864712,10135873610253,3040337920,650,7
104,55,46800000000,1.000000,86984644714244,35444825336857,10135873610253,3040337920,650,7
104,60,46800000000,1.000000,87309754403036,35119715648065,10135873610253,3040337920,650,7
104,65,46800000000,1.000000,87614433592760,34815036458341,10135873610253,3040337920,650,7
104,70,46800000000,1.000000,87885448960304,34544021090797,10135873610253,3040337920,650,7
104,75,46800000000,1.000000,88166968710080,34262501341021,10135873610253,3040337920,650,7
104,80,46800000000,1.000000,88467368531966,33962101519135,10135873610253,3040337920,650,7
104,85,46800000000,1.000000,88721793813656,33707676237445,10135873610253,3040337920,650,7
104,90,46800000000,1.000000,89030969892776,33398500158325,10135873610253,3040337920,650,7
104,95,46800000000,1.000000,89320716770486,33108753280615,10135873610253,3040337920,650,7
104,100,46800000000,1.000000,89578449688394,32851020362707,10135873610253,3040337920,650,7
104,105,46800000000,1.000000,89846172169430,32583297881671,10135873610253,3040337920,650,7
104,110,46800000000,1.000000,90131849411156,32297620639945,10135873610253,3040337920,650,7
104,115,46800000000,1.000000,90373805322512,32055664728589,10135873610253,3040337920,650,7
104,120,46800000000,1.000000,90667828697306,31761641353795,10135873610253,3040337920,650,7
104,125,46800000000,1.000000,90943375095068,31486094956033,10135873610253,3040337920,650,7
104,130,46800000000,1.000000,91188476535614,31240993515487,10135873610253,3040337920,650,7
104,135,46800000000,1.000000,91443077951252,30986392099849,10135873610253,3040337920,650,7
104,140,46800000000,1.000000,91714754165552,30714715885549,10135873610253,3040337920,650,7
104,145,46800000000,1.000000,91944851829818,30484618221283,10135873610253,3040337920,650,7
104,150,46800000000,1.000000,92224465133774,30205004917327,10135873610253,3040337920,650,7
104,155,46800000000,1.000000,92486507016344,29942963034757,10135873610253,3040337920,650,7
104,160,46800000000,1.000000,92719596047390,29709874003711,10135873610253,3040337920,650,7
104,165,46800000000,1.000000,92961719460266,29467750590835,10135873610253,3040337920,650,7
104,170,46800000000,1.000000,93220080836846,29209389214255,10135873610253,3040337920,650,7
104,175,46800000000,1.000000,93438901426088,28990568625013,10135873610253,3040337920,650,7
104,180,46800000000,1.000000,93704810896058,28724659155043,10135873610253,3040337920,650,7
104,185,46800000000,1.000000,93954010119062,28475459932039,10135873610253,3040337920,650,7
104,190,46800000000,1.000000,94175675468384,28253794582717,10135873610253,3040337920,650,7
104,195,46800000000,1.000000,94405932424934,28023537626167,10135873610253,3040337920,650,7
105,0,60000000000,1.000000,115984768308653,3107388064812,10109641626535,4478180228,0,0
105,5,48000000000,0.323670,114248064703507,14873742534843,10139542165146,4360301975,46,1
105,10,36000000000,0.347818,106522076475423,35992815906061,10160783157950,3932180274,350,6
105,15,38700000000,0.405725,97907011898376,52079291973746,10164899311164,3576135178,614,7
105,20,41400000000,0.887459,76091340297961,48391487592369,10165002858661,3575608134,627,7
105,25,44100000000,0.932306,74113288596128,48185359605565,10165002858661,3575608134,627,7
105,30,46800000000,1.000000,74674417828638,40529569356336,10165002858661,3575608134,627,7
105,35,46800000000,1.000000,75002121652280,41482169006014,10165002858661,3575608134,627,7
105,40,46800000000,1.000000,75374186379914,40988721726760,10165002858661,3575608134,627,7
105,45,46800000000,1.000000,75770308364847,40592599741827,10165002858661,3575608134,627,7
105,50,46800000000,1.000000,76145333718675,40217574387999,10165002858661,3575608134,627,7
105,55,46800000000,1.000000,76435717219263,39927190887411,10165002858661,3575608134,627,7
105,60,46800000000,1.000000,76745722756347,39617185350327,10165002858661,3575608134,627,7
105,65,46800000000,1.000000,77077197801507,39285710305167,10165002858661,3575608134,627,7
105,70,46800000000,1.000000,77401742316699,38961165789975,10165002858661,3575608134,627,7
105,75,46800000000,1.000000,77762079897219,38600828209455,10165002858661,3575608134,627,7
105,80,46800000000,1.000000,78115378189185,38247529917489,10165002858661,3575608134,627,7
105,85,46800000000,1.000000,78392546830545,37970361276129,10165002858661,3575608134,627,7
105,90,46800000000,1.000000,78687359011749,37675549094925,10165002858661,3575608134,627,7
105,95,46800000000,1.000000,79002588481473,37360319625201,10165002858661,3575608134,627,7
105,100,46800000000,1.000000,79311227086161,37051681020513,10165002858661,3575608134,627,7
105,105,46800000000,1.000000,79653904539783,36709003566891,10165002858661,3575608134,627,7
105,110,46800000000,1.000000,79989887699955,36373020406719,10165002858661,3575608134,627,7
105,115,46800000000,1.000000,80253472320039,36109435786635,10165002858661,3575608134,627,7
105,120,46800000000,1.000000,80533835771007,35829072335667,10165002858661,3575608134,627,7
105,125,46800000000,1.000000,80833615860099,35529292246575,10165002858661,3575608134,627,7
105,130,46800000000,1.000000,81127128102147,35235780004527,10165002858661,3575608134,627,7
105,135,46800000000,1.000000,81453010950837,34909897155837,10165002858661,3575608134,627,7
105,140,46800000000,1.000000,81772527593151,34590380513523,10165002858661,3575608134,627,7
105,145,46800000000,1.000000,82023193944177,34339714162497,10165002858661,3575608134,627,7
105,150,46800000000,1.000000,82289816796297,34073091310377,10165002858661,3575608134,627,7
105,155,46800000000,1.000000,82574904678327,33788003428347,10165002858661,3575608134,627,7
105,160,46800000000,1.000000,82854031900107,33508876206567,10165002858661,3575608134,627,7
105,165,46800000000,1.000000,83163943246767,33198964859907,10165002858661,3575608134,627,7
105,170,46800000000,1.000000,83467800394485,32895107712189,10165002858661,3575608134,627,7
105,175,46800000000,1.000000,83706181600119,32656726506555,10165002858661,3575608134,627,7
105,180,46800000000,1.000000,83959737279657,32403170827017,10165002858661,3575608134,627,7
105,185,46800000000,1.000000,84230853018777,32132055087897,10165002858661,3575608134,627,7
105,190,46800000000,1.000000,84496300229277,31866607877397,10165002858661,3575608134,627,7
105,195,46800000000,1.000000,84791022836097,31571885270577,10165002858661,3575608134,627,7
106,0,60000000000,1.000000,103466194667406,3059409126504,10093841206090,3601585452,0,0
106,5,48000000000,0.661462,101037468946510,8265247992203,10114825351912,3360133502,53,4
106,10,36000000000,0.518700,90400862924339,31028288368902,10124213527127,2578414656,384,8
106,15,38700000000,0.655326,79892843709453,40587791895554,10128378674368,2073795277,650,11
106,20,41400000000,0.747688,76733804480358,39793212525559,10132729662591,2051618994,665,11
106,25,44100000000,0.866729,76688233147292,34380399794857,10132729662591,2051618994,665,11
106,30,46800000000,0.952269,76944700874159,31022760547673,10132729662591,2051618994,665,11
106,35,46800000000,1.000000,77290920334321,27591993369539,10132729662591,2051618994,665,11
106,40,46800000000,1.000000,77610453980074,27204319056986,10132729662591,2051618994,665,11
106,45,46800000000,1.000000,77842289453375,26972483583685,10132729662591,2051618994,665,11
106,50,46800000000,1.000000,78086757784618,26728015252442,10132729662591,2051618994,665,11
106,55,46800000000,1.000000,78253605856550,26561167180510,10132729662591,2051618994,665,11
106,60,46800000000,1.000000,78483049474730,26331723562330,10132729662591,2051618994,665,11
106,65,46800000000,1.000000,78721067691908,26093705345152,10132729662591,2051618994,665,11
106,70,46800000000,1.000000,78951461236910,25863311800150,10132729662591,2051618994,665,11
106,75,46800000000,1.000000,79163738468708,25651034568352,10132729662591,2051618994,665,11
106,80,46800000000,1.000000,79395912613568,25418860423492,10132729662591,2051618994,665,11
106,85,46800000000,1.000000,79555367313404,25259405723656,10132729662591,2051618994,665,11
106,90,46800000000,1.000000,79773565911488,25041207125572,10132729662591,2051618994,665,11
106,95,46800000000,1.000000,79999918867784,24814854169276,10132729662591,2051618994,665,11
106,100,46800000000,1.000000,80219020836704,24595752200356,10132729662591,2051618994,665,11
106,105,46800000000,1.000000,80420894372108,24393878664952,10132729662591,2051618994,665,11
106,110,46800000000,1.000000,80641689673604,24173083363456,10132729662591,2051618994,665,11
106,115,46800000000,1.000000,80793329506592,24021443530468,10132729662591,2051618994,665,11
106,120,46800000000,1.000000,81000834202028,23813938835032,10132729662591,2051618994,665,11
106,125,46800000000,1.000000,81216093611330,23598679425730,10132729662591,2051618994,665,11
106,130,46800000000,1.000000,81424457403686,23390315633374,10132729662591,2051618994,665,11
106,135,46800000000,1.000000,81616437127004,23198335910056,10132729662591,2051618994,665,11
106,140,46800000000,1.000000,81826411261772,22988361775288,10132729662591,2051618994,665,11
106,145,46800000000,1.000000,81970619234132,22844153802928,10132729662591,2051618994,665,11
106,150,46800000000,1.000000,82167954134816,22646818902244,10132729662591,2051618994,665,11
106,155,46800000000,1.000000,82372663691024,22442109346036,10132729662591,2051618994,665,11
106,160,46800000000,1.000000,82570815584210,22243957452850,10132729662591,2051618994,665,11
106,165,46800000000,1.000000,82753386390890,22061386646170,10132729662591,2051618994,665,11
106,170,46800000000,1.000000,82953069703694,21861703333366,10132729662591,2051618994,665,11
106,175,46800000000,1.000000,83090210050406,21724562986654,10132729662591,2051618994,665,11
106,180,46800000000,1.000000,83277873577466,21536899459594,10132729662591,2051618994,665,11
106,185,46800000000,1.000000,83472550328582,21342222708478,10132729662591,2051618994,665,11
106,190,46800000000,1.000000,83660990807498,21153782229562,10132729662591,2051618994,665,11
106,195,46800000000,1.000000,83834613828158,20980159208902,10132729662591,2051618994,665,11
107,0,60000000000,1.000000,107871899076843,3073267626636,10101336296521,3373910804,0,0
107,5,48000000000,0.539385,105970959582558,9201007637982,10112661272287,3195451634,56,2
107,10,36000000000,0.488926,96278967517371,29964414718706,10117149692881,2562769306,364,11
107,15,38700000000,0.609118,86893575587281,39458421825574,10118093480890,2146830433,645,16
107,20,41400000000,0.786904,80942550545244,38099007198039,10123690034489,2118277824,657,16
107,25,44100000000,0.913614,80374786875999,33436458519262,10123690034489,2118277824,657,16
107,30,46800000000,1.000000,80683169850786,29863503005349,10123690034489,2118277824,657,16
107,35,46800000000,1.000000,80975396702250,27818828288385,10123690034489,2118277824,657,16
107,40,46800000000,1.000000,81267292257942,27416941165713,10123690034489,2118277824,657,16
107,45,46800000000,1.000000,81524281938226,27159951485429,10123690034489,2118277824,657,16
107,50,46800000000,1.000000,81731775662086,26952457761569,10123690034489,2118277824,657,16
107,55,46800000000,1.000000,81957991174482,26726242249173,10123690034489,2118277824,657,16
107,60,46800000000,1.000000,82184108585352,26500124838303,10123690034489,2118277824,657,16
107,65,46800000000,1.000000,82397703969462,26286529454193,10123690034489,2118277824,657,16
107,70,46800000000,1.000000,82622604471354,26061628952301,10123690034489,2118277824,657,16
107,75,46800000000,1.000000,82853912333748,25830321089907,10123690034489,2118277824,657,16
107,80,46800000000,1.000000,83050559347668,25633674075987,10123690034489,2118277824,657,16
107,85,46800000000,1.000000,83267842952076,25416390471579,10123690034489,2118277824,657,16
107,90,46800000000,1.000000,83482878359880,25201355063775,10123690034489,2118277824,657,16
107,95,46800000000,1.000000,83686005444786,24998227978869,10123690034489,2118277824,657,16
107,100,46800000000,1.000000,83899883584362,24784349839293,10123690034489,2118277824,657,16
107,105,46800000000,1.000000,84119855059968,24564378363687,10123690034489,2118277824,657,16
107,110,46800000000,1.000000,84306864413616,24377369010039,10123690034489,2118277824,657,16
107,115,46800000000,1.000000,84513498959478,24170734464177,10123690034489,2118277824,657,16
107,120,46800000000,1.000000,84717995492688,23966237930967,10123690034489,2118277824,657,16
107,125,46800000000,1.000000,84911167329414,23773066094241,10123690034489,2118277824,657,16
107,130,46800000000,1.000000,85114563312000,23569670111655,10123690034489,2118277824,657,16
107,135,46800000000,1.000000,85323753996642,23360479427013,10123690034489,2118277824,657,16
107,140,46800000000,1.000000,85501598031198,23182635392457,10123690034489,2118277824,657,16
107,145,46800000000,1.000000,85698105428202,22986127995453,10123690034489,2118277824,657,16
107,150,46800000000,1.000000,85892579596626,22791653827029,10123690034489,2118277824,657,16
107,155,46800000000,1.000000,86076284091228,22607949332427,10123690034489,2118277824,657,16
107,160,46800000000,1.000000,86269711646838,22414521776817,10123690034489,2118277824,657,16
107,165,46800000000,1.000000,86468649906432,22215583517223,10123690034489,2118277824,657,16
107,170,46800000000,1.000000,86637777813762,22046455609893,10123690034489,2118277824,657,16
107,175,46800000000,1.000000,86824654392972,21859579030683,10123690034489,2118277824,657,16
107,180,46800000000,1.000000,87009597392082,21674636031573,10123690034489,2118277824,657,16
107,185,46800000000,1.000000,87184298538606,21499934885049,10123690034489,2118277824,657,16
107,190,46800000000,1.000000,87368246219448,21315987204207,10123690034489,2118277824,657,16
107,195,46800000000,1.000000,87557434524846,21126798898809,10123690034489,2118277824,657,16
108,0,60000000000,1.000000,98178935374374,2879612875097,10074671750529,2609053720,0,0
108,5,48000000000,0.410962,97701112287731,8150215978701,10082676797342,2568556460,41,0
108,10,36000000000,0.353088,92389158590182,24518891076508,10086743110658,2237893462,359,5
108,15,38700000000,0.521870,84774308360855,31177533481612,10088291903333,1936714253,641,18
108,20,41400000000,0.823314,76644078705832,29636382741950,10089099672784,1932555182,661,20
108,25,44100000000,0.942214,74985431890573,27656876214195,10089099672784,1932555182,661,20
108,30,46800000000,1.000000,75243124754064,25220892084314,10089099672784,1932555182,661,20
108,35,46800000000,1.000000,75482334135166,24160220970878,10089099672784,1932555182,661,20
108,40,46800000000,1.000000,75734445823328,23835694975996,10089099672784,1932555182,661,20
108,45,46800000000,1.000000,75952540248853,23617600550471,10089099672784,1932555182,661,20
108,50,46800000000,1.000000,76122928920781,23447211878543,10089099672784,1932555182,661,20
108,55,46800000000,1.000000,76315555481230,23254585318094,10089099672784,1932555182,661,20
108,60,46800000000,1.000000,76529774967154,23040365832170,10089099672784,1932555182,661,20
108,65,46800000000,1.000000,76709969853748,22860170945576,10089099672784,1932555182,661,20
108,70,46800000000,1.000000,76911960505426,22658180293898,10089099672784,1932555182,661,20
108,75,46800000000,1.000000,77108742172678,22461398626646,10089099672784,1932555182,661,20
108,80,46800000000,1.000000,77270595553378,22299545245946,10089099672784,1932555182,661,20
108,85,46800000000,1.000000,77455261525954,22114879273370,10089099672784,1932555182,661,20
108,90,46800000000,1.000000,77658982125430,21911158673894,10089099672784,1932555182,661,20
108,95,46800000000,1.000000,77830345669666,21739795129658,10089099672784,1932555182,661,20
108,100,46800000000,1.000000,78022436769664,21547704029660,10089099672784,1932555182,661,20
108,105,46800000000,1.000000,78209574177046,21360566622278,10089099672784,1932555182,661,20
108,110,46800000000,1.000000,78363495131632,21206645667692,10089099672784,1932555182,661,20
108,115,46800000000,1.000000,78539110634140,21031030165184,10089099672784,1932555182,661,20
108,120,46800000000,1.000000,78732846897112,20837293902212,10089099672784,1932555182,661,20
108,125,46800000000,1.000000,78895811922472,20674328876852,10089099672784,1932555182,661,20
108,130,46800000000,1.000000,79078488647266,20491652152058,10089099672784,1932555182,661,20
108,135,46800000000,1.000000,79256454459742,20313686339582,10089099672784,1932555182,661,20
108,140,46800000000,1.000000,79402831756042,20167309043282,10089099672784,1932555182,661,20
108,145,46800000000,1.000000,79569840351388,20000300447936,10089099672784,1932555182,661,20
108,150,46800000000,1.000000,79754081609926,19816059189398,10089099672784,1932555182,661,20
108,155,46800000000,1.000000,79909059727576,19661081071748,10089099672784,1932555182,661,20
108,160,46800000000,1.000000,80082783475144,19487357324180,10089099672784,1932555182,661,20
108,165,46800000000,1.000000,80252027192110,19318113607214,10089099672784,1932555182,661,20
108,170,46800000000,1.000000,80391230544490,19178910254834,10089099672784,1932555182,661,20
108,175,46800000000,1.000000,80550054056998,19020086742326,10089099672784,1932555182,661,20
108,180,46800000000,1.000000,80725265660506,18844875138818,10089099672784,1932555182,661,20
108,185,46800000000,1.000000,80872648308310,18697492491014,10089099672784,1932555182,661,20
108,190,46800000000,1.000000,81037857863908,18532282935416,10089099672784,1932555182,661,20
108,195,46800000000,1.000000,81198806954764,18371333844560,10089099672784,1932555182,661,20
109,0,60000000000,1.000000,103084907456091,2973421115565,10087008428344,3055950858,0,0
109,5,48000000000,0.499351,102082703485610,7935975630132,10099795426458,2989284158,62,2
109,10,36000000000,0.405456,93851540074588,30056931123413,10107039452356,2474438010,376,9
109,15,38700000000,0.566090,85842822681849,35671532175477,10109210558328,2104564923,657,14
109,20,41400000000,0.823637,77751277121715,34340123472861,10110261277219,2099064077,675,14
109,25,44100000000,0.939435,77290132520216,30598128271251,10110261277219,2099064077,675,14
109,30,46800000000,1.000000,77519032055014,28489754707938,10110261277219,2099064077,675,14
109,35,46800000000,1.000000,77824735313494,26560929342630,10110261277219,2099064077,675,14
109,40,46800000000,1.000000,78109173616238,26210751659666,10110261277219,2099064077,675,14
109,45,46800000000,1.000000,78351830234767,25968095041137,10110261277219,2099064077,675,14
109,50,46800000000,1.000000,78535562731009,25784362544895,10110261277219,2099064077,675,14
109,55,46800000000,1.000000,78733419978969,25586505296935,10110261277219,2099064077,675,14
109,60,46800000000,1.000000,78958751156937,25361174118967,10110261277219,2099064077,675,14
109,65,46800000000,1.000000,79188437437365,25131487838539,10110261277219,2099064077,675,14
109,70,46800000000,1.000000,79399457916333,24920467359571,10110261277219,2099064077,675,14
109,75,46800000000,1.000000,79624466001057,24695459274847,10110261277219,2099064077,675,14
109,80,46800000000,1.000000,79797587836041,24522337439863,10110261277219,2099064077,675,14
109,85,46800000000,1.000000,79987413305643,24332511970261,10110261277219,2099064077,675,14
109,90,46800000000,1.000000,80201701014015,24118224261889,10110261277219,2099064077,675,14
109,95,46800000000,1.000000,80420130381333,23899794894571,10110261277219,2099064077,675,14
109,100,46800000000,1.000000,80620808757039,23699116518865,10110261277219,2099064077,675,14
109,105,46800000000,1.000000,80834789206701,23485136069203,10110261277219,2099064077,675,14
109,110,46800000000,1.000000,80999426349177,23320498926727,10110261277219,2099064077,675,14
109,115,46800000000,1.000000,81179948482053,23139976793851,10110261277219,2099064077,675,14
109,120,46800000000,1.000000,81383733960495,22936191315409,10110261277219,2099064077,675,14
109,125,46800000000,1.000000,81591458115321,22728467160583,10110261277219,2099064077,675,14
109,130,46800000000,1.000000,81782301253857,22537624022047,10110261277219,2099064077,675,14
109,135,46800000000,1.000000,81985794532347,22334130743557,10110261277219,2099064077,675,14
109,140,46800000000,1.000000,82142362816755,22177562459149,10110261277219,2099064077,675,14
109,145,46800000000,1.000000,82314037568829,22005887707075,10110261277219,2099064077,675,14
109,150,46800000000,1.000000,82507835531115,21812089744789,10110261277219,2099064077,675,14
109,155,46800000000,1.000000,82705379135505,21614546140399,10110261277219,2099064077,675,14
109,160,46800000000,1.000000,82886869061433,21433056214471,10110261277219,2099064077,675,14
109,165,46800000000,1.000000,83080389144435,21239536131469,10110261277219,2099064077,675,14
109,170,46800000000,1.000000,83229284025015,21090641250889,10110261277219,2099064077,675,14
109,175,46800000000,1.000000,83392545005955,20927380269949,10110261277219,2099064077,675,14
109,180,46800000000,1.000000,83576844939789,20743080336115,10110261277219,2099064077,675,14
109,185,46800000000,1.000000,83764706941983,20555218333921,10110261277219,2099064077,675,14
109,190,46800000000,1.000000,83937302055633,20382623220271,10110261277219,2099064077,675,14
109,195,46800000000,1.000000,84121337729205,20198587546699,10110261277219,2099064077,675,14
110,0,60000000000,1.000000,106281357442464,2993369294478,10093751263058,3296446054,0,0
110,5,48000000000,0.466673,104485345357683,10216805983445,10115221653203,3177614622,55,4
110,10,36000000000,0.380293,98479689561621,28319906625875,10118934577789,2750182972,351,5
110,15,38700000000,0.548775,87948042945707,38811225372663,10121801145400,2324427706,630,7
110,20,41400000000,0.785210,80505258821482,36602208384116,10122785614955,2319270444,648,7
110,25,44100000000,0.893365,78775986606359,34106678067140,10122785614955,2319270444,648,7
110,30,46800000000,0.990264,79120363288535,30421525468723,10122785614955,2319270444,648,7
110,35,46800000000,1.000000,79387514345765,29015613081806,10122785614955,2319270444,648,7
110,40,46800000000,1.000000,79679464353797,28603528573394,10122785614955,2319270444,648,7
110,45,46800000000,1.000000,79949216422234,28333776504957,10122785614955,2319270444,648,7
110,50,46800000000,1.000000,80180237695840,28102755231351,10122785614955,2319270444,648,7
110,55,46800000000,1.000000,80417076713847,27865916213344,10122785614955,2319270444,648,7
110,60,46800000000,1.000000,80646511729107,27636481198084,10122785614955,2319270444,648,7
110,65,46800000000,1.000000,80871820031805,27411172895386,10122785614955,2319270444,648,7
110,70,46800000000,1.000000,81095559379017,27187433548174,10122785614955,2319270444,648,7
110,75,46800000000,1.000000,81336862887201,26946130039990,10122785614955,2319270444,648,7
110,80,46800000000,1.000000,81556499580747,26726493346444,10122785614955,2319270444,648,7
110,85,46800000000,1.000000,81782783855445,26500209071746,10122785614955,2319270444,648,7
110,90,46800000000,1.000000,82000974272103,26282018655088,10122785614955,2319270444,648,7
110,95,46800000000,1.000000,82215240226083,26067752701108,10122785614955,2319270444,648,7
110,100,46800000000,1.000000,82428014119125,25854978808066,10122785614955,2319270444,648,7
110,105,46800000000,1.000000,82657491354513,25625501572678,10122785614955,2319270444,648,7
110,110,46800000000,1.000000,82866363664599,25416629262592,10122785614955,2319270444,648,7
110,115,46800000000,1.000000,83081557758189,25201435169002,10122785614955,2319270444,648,7
110,120,46800000000,1.000000,83289054673335,24993938253856,10122785614955,2319270444,648,7
110,125,46800000000,1.000000,83492819463513,24790173463678,10122785614955,2319270444,648,7
110,130,46800000000,1.000000,83695165318671,24587827608520,10122785614955,2319270444,648,7
110,135,46800000000,1.000000,83913395886021,24369597041170,10122785614955,2319270444,648,7
110,140,46800000000,1.000000,84112031374695,24170961552496,10122785614955,2319270444,648,7
110,145,46800000000,1.000000,84316678816539,23966314110652,10122785614955,2319270444,648,7
110,150,46800000000,1.000000,84514006318347,23768986608844,10122785614955,2319270444,648,7
110,155,46800000000,1.000000,84707784606381,23575208320810,10122785614955,2319270444,648,7
110,160,46800000000,1.000000,84900213501339,23382779425852,10122785614955,2319270444,648,7
110,165,46800000000,1.000000,85107748599549,23175244327642,10122785614955,2319270444,648,7
110,170,46800000000,1.000000,85296648972705,22986343954486,10122785614955,2319270444,648,7
110,175,46800000000,1.000000,85491266653695,22791726273496,10122785614955,2319270444,648,7
110,180,46800000000,1.000000,85678923144411,22604069782780,10122785614955,2319270444,648,7
110,185,46800000000,1.000000,85863204368271,22419788558920,10122785614955,2319270444,648,7
110,190,46800000000,1.000000,86046202332555,22236790594636,10122785614955,2319270444,648,7
110,195,46800000000,1.000000,86243566145997,22039426781194,10122785614955,2319270444,648,7
111,0,60000000000,1.000000,97882862905556,2935082743870,10077623350574,2653744792,0,0
111,5,48000000000,0.547470,95779067862996,9176125673845,10092845613912,2526420998,58,0
111,10,36000000000,0.557088,88106006033211,22768045437288,10105754256949,2060810737,371,6
111,15,38700000000,0.601232,81915478287636,31385918149980,10109880904221,1727472648,641,10
111,20,41400000000,0.799016,77010888777854,29748082499074,10115475263533,1698837938,661,12
111,25,44100000000,0.880183,76681772002564,27378755437744,10115475263533,1698837938,661,12
111,30,46800000000,0.980419,76943362359046,24312788129467,10115475263533,1698837938,661,12
111,35,46800000000,1.000000,77208587571816,22464199383422,10115475263533,1698837938,661,12
111,40,46800000000,1.000000,77422915931368,22186244770570,10115475263533,1698837938,661,12
111,45,46800000000,1.000000,77620834036085,21988326665853,10115475263533,1698837938,661,12
111,50,46800000000,1.000000,77811987896015,21797172805923,10115475263533,1698837938,661,12
111,55,46800000000,1.000000,77968575247049,21640585454889,10115475263533,1698837938,661,12
111,60,46800000000,1.000000,78166855812065,21442304889873,10115475263533,1698837938,661,12
111,65,46800000000,1.000000,78350223426389,21258937275549,10115475263533,1698837938,661,12
111,70,46800000000,1.000000,78518150015531,21091010686407,10115475263533,1698837938,661,12
111,75,46800000000,1.000000,78697646415641,20911514286297,10115475263533,1698837938,661,12
111,80,46800000000,1.000000,78878765234147,20730395467791,10115475263533,1698837938,661,12
111,85,46800000000,1.000000,79029179239055,20579981462883,10115475263533,1698837938,661,12
111,90,46800000000,1.000000,79217742083345,20391418618593,10115475263533,1698837938,661,12
111,95,46800000000,1.000000,79392122860103,20217037841835,10115475263533,1698837938,661,12
111,100,46800000000,1.000000,79551819375563,20057341326375,10115475263533,1698837938,661,12
111,105,46800000000,1.000000,79722518666123,19886642035815,10115475263533,1698837938,661,12
111,110,46800000000,1.000000,79894760860289,19714399841649,10115475263533,1698837938,661,12
111,115,46800000000,1.000000,80037803082269,19571357619669,10115475263533,1698837938,661,12
111,120,46800000000,1.000000,80217124470989,19392036230949,10115475263533,1698837938,661,12
111,125,46800000000,1.000000,80382958854605,19226201847333,10115475263533,1698837938,661,12
111,130,46800000000,1.000000,80534828651777,19074332050161,10115475263533,1698837938,661,12
111,135,46800000000,1.000000,80697161978459,18911998723479,10115475263533,1698837938,661,12
111,140,46800000000,1.000000,80860962591371,18748198110567,10115475263533,1698837938,661,12
111,145,46800000000,1.000000,80996994321143,18612166380795,10115475263533,1698837938,661,12
111,150,46800000000,1.000000,81167527177493,18441633524445,10115475263533,1698837938,661,12
111,155,46800000000,1.000000,81325234026299,18283926675639,10115475263533,1698837938,661,12
111,160,46800000000,1.000000,81469660692317,18139500009621,10115475263533,1698837938,661,12
111,165,46800000000,1.000000,81624038070809,17985122631129,10115475263533,1698837938,661,12
111,170,46800000000,1.000000,81779810823839,17829349878099,10115475263533,1698837938,661,12
111,175,46800000000,1.000000,81909175645367,17699985056571,10115475263533,1698837938,661,12
111,180,46800000000,1.000000,82071350694995,17537810006943,10115475263533,1698837938,661,12
111,185,46800000000,1.000000,82221328338917,17387832363021,10115475263533,1698837938,661,12
111,190,46800000000,1.000000,82358676661223,17250484040715,10115475263533,1698837938,661,12
111,195,46800000000,1.000000,82505488012157,17103672689781,10115475263533,1698837938,661,12
112,0,60000000000,1.000000,98497063715654,2941286142740,10085362141606,3107638812,0,0
112,5,48000000000,0.453350,97796745754659,8006839465187,10097061862866,3053497205,62,5
112,10,36000000000,0.512064,88044309623570,26128037339732,10100162253095,2310864262,366,7
112,15,38700000000,0.575121,80684499153249,36055540340355,10102900665319,1921430471,676,7
112,20,41400000000,0.749610,75496191323398,34575194254597,10109621483372,1887175537,688,7
112,25,44100000000,0.844781,75018451125617,31245552354216,10109621483372,1887175537,688,7
112,30,46800000000,0.949237,75287693324307,27523587943944,10109621483372,1887175537,688,7
112,35,46800000000,1.000000,75578729492393,25087351214482,10109621483372,1887175537,688,7
112,40,46800000000,1.000000,75861963403685,24690416126290,10109621483372,1887175537,688,7
112,45,46800000000,1.000000,76066074769262,24486304760713,10109621483372,1887175537,688,7
112,50,46800000000,1.000000,76288443030938,24263936499037,10109621483372,1887175537,688,7
112,55,46800000000,1.000000,76449471909795,24102907620180,10109621483372,1887175537,688,7
112,60,46800000000,1.000000,76676715456123,23875664073852,10109621483372,1887175537,688,7
112,65,46800000000,1.000000,76872929420205,23679450109770,10109621483372,1887175537,688,7
112,70,46800000000,1.000000,77077725602343,23474653927632,10109621483372,1887175537,688,7
112,75,46800000000,1.000000,77263209763899,23289169766076,10109621483372,1887175537,688,7
112,80,46800000000,1.000000,77473932472509,23078447057466,10109621483372,1887175537,688,7
112,85,46800000000,1.000000,77630754188409,22921625341566,10109621483372,1887175537,688,7
112,90,46800000000,1.000000,77846860539837,22705518990138,10109621483372,1887175537,688,7
112,95,46800000000,1.000000,78033458067279,22518921462696,10109621483372,1887175537,688,7
112,100,46800000000,1.000000,78228217198737,22324162331238,10109621483372,1887175537,688,7
112,105,46800000000,1.000000,78404610790731,22147768739244,10109621483372,1887175537,688,7
112,110,46800000000,1.000000,78605005989879,21947373540096,10109621483372,1887175537,688,7
112,115,46800000000,1.000000,78754141881321,21798237648654,10109621483372,1887175537,688,7
112,120,46800000000,1.000000,78959656871313,21592722658662,10109621483372,1887175537,688,7
112,125,46800000000,1.000000,79137109263267,21415270266708,10109621483372,1887175537,688,7
112,130,46800000000,1.000000,79322323259487,21230056270488,10109621483372,1887175537,688,7
112,135,46800000000,1.000000,79490071810425,21062307719550,10109621483372,1887175537,688,7
112,140,46800000000,1.000000,79680645650973,20871733879002,10109621483372,1887175537,688,7
112,145,46800000000,1.000000,79822472399889,20729907130086,10109621483372,1887175537,688,7
112,150,46800000000,1.000000,80017915110285,20534464419690,10109621483372,1887175537,688,7
112,155,46800000000,1.000000,80186670569373,20365708960602,10109621483372,1887175537,688,7
112,160,46800000000,1.000000,80362807236879,20189572293096,10109621483372,1887175537,688,7
112,165,46800000000,1.000000,80522334439707,20030045090268,10109621483372,1887175537,688,7
112,170,46800000000,1.000000,80703568265739,19848811264236,10109621483372,1887175537,688,7
112,175,46800000000,1.000000,80838444092853,19713935437122,10109621483372,1887175537,688,7
112,180,46800000000,1.000000,81024308166051,19528071363924,10109621483372,1887175537,688,7
112,185,46800000000,1.000000,81184792928451,19367586601524,10109621483372,1887175537,688,7
112,190,46800000000,1.000000,81352297146705,19200082383270,10109621483372,1887175537,688,7
112,195,46800000000,1.000000,81504005929263,19048373600712,10109621483372,1887175537,688,7
113,0,60000000000,1.000000,115259646919662,3274144567884,10119426512454,5052577568,0,0
113,5,48000000000,0.726528,111363247773541,9814853179332,10159203588988,4903397848,53,2
113,10,36000000000,0.465685,96329252338959,47586629100787,10163609006978,3643108265,354,3
113,15,38700000000,0.608081,84704947427933,55554809044570,10166439405896,2953258954,638,4
113,20,41400000000,0.694669,80171143700706,55155922628497,10166942557073,2950639786,656,4
113,25,44100000000,0.821576,79538781837280,47405845724459,10166942557073,2950639786,656,4
113,30,46800000000,0.877384,79792754532076,44100993383875,10166942557073,2950639786,656,4
113,35,46800000000,0.999917,80302869233992,38186565770862,10166942557073,2950639786,656,4
113,40,46800000000,1.000000,80756360297431,37643212770683,10166942557073,2950639786,656,4
113,45,46800000000,1.000000,81100856688359,37298716379755,10166942557073,2950639786,656,4
113,50,46800000000,1.000000,81423872773823,36975700294291,10166942557073,2950639786,656,4
113,55,46800000000,1.000000,81608370780349,36791202287765,10166942557073,2950639786,656,4
113,60,46800000000,1.000000,81955736115319,36443836952795,10166942557073,2950639786,656,4
113,65,46800000000,1.000000,82278811983187,36120761084927,10166942557073,2950639786,656,4
113,70,46800000000,1.000000,82609812869371,35789760198743,10166942557073,2950639786,656,4
113,75,46800000000,1.000000,82924898815141,35474674252973,10166942557073,2950639786,656,4
113,80,46800000000,1.000000,83230852946485,35168720121629,10166942557073,2950639786,656,4
113,85,46800000000,1.000000,83411505747289,34988067320825,10166942557073,2950639786,656,4
113,90,46800000000,1.000000,83741846724499,34657726343615,10166942557073,2950639786,656,4
113,95,46800000000,1.000000,84049088660227,34350484407887,10166942557073,2950639786,656,4
113,100,46800000000,1.000000,84363867209533,34035705858581,10166942557073,2950639786,656,4
113,105,46800000000,1.000000,84663510808747,33736062259367,10166942557073,2950639786,656,4
113,110,46800000000,1.000000,84954470143393,33445102924721,10166942557073,2950639786,656,4
113,115,46800000000,1.000000,85126269159535,33273303908579,10166942557073,2950639786,656,4
113,120,46800000000,1.000000,85440420141901,32959152926213,10166942557073,2950639786,656,4
113,125,46800000000,1.000000,85732604165653,32666968902461,10166942557073,2950639786,656,4
113,130,46800000000,1.000000,86031955433917,32367617634197,10166942557073,2950639786,656,4
113,135,46800000000,1.000000,86316913515349,32082659552765,10166942557073,2950639786,656,4
113,140,46800000000,1.000000,86593612947565,31805960120549,10166942557073,2950639786,656,4
113,145,46800000000,1.000000,86756992102519,31642580965595,10166942557073,2950639786,656,4
113,150,46800000000,1.000000,87055746561019,31343826507095,10166942557073,2950639786,656,4
113,155,46800000000,1.000000,87333610660369,31065962407745,10166942557073,2950639786,656,4
113,160,46800000000,1.000000,87618290737963,30781282330151,10166942557073,2950639786,656,4
113,165,46800000000,1.000000,87889283037967,30510290030147,10166942557073,2950639786,656,4
113,170,46800000000,1.000000,88152421444819,30247151623295,10166942557073,2950639786,656,4
113,175,46800000000,1.000000,88307793395539,30091779672575,10166942557073,2950639786,656,4
113,180,46800000000,1.000000,88591905912781,29807667155333,10166942557073,2950639786,656,4
113,185,46800000000,1.000000,88856151906499,29543421161615,10166942557073,2950639786,656,4
113,190,46800000000,1.000000,89126879827657,29272693240457,10166942557073,2950639786,656,4
113,195,46800000000,1.000000,89384590808659,29014982259455,10166942557073,2950639786,656,4
114,0,60000000000,1.000000,111786533655517,3015338308512,10095897035971,3532076008,0,0
114,5,48000000000,0.268806,111219110643446,13290289828088,10106154956645,3492711873,53,2
114,10,36000000000,0.379811,103882746298858,28713331691238,10109385030850,2973084566,370,4
114,15,38700000000,0.502856,93809383259364,41717480403082,10110499740619,2599485485,665,5
114,20,41400000000,0.851982,81996947850377,38486815428407,10110765965710,2597169511,680,6
114,25,44100000000,0.912375,80525905340094,37551562235130,10110765965710,2597169511,680,6
114,30,46800000000,1.000000,80914460436492,32873985568467,10110765965710,2597169511,680,6
114,35,46800000000,1.000000,81293182574201,31371111265428,10110765965710,2597169511,680,6
114,40,46800000000,1.000000,81549780593182,31082728039147,10110765965710,2597169511,680,6
114,45,46800000000,1.000000,81835619001112,30796889631217,10110765965710,2597169511,680,6
114,50,46800000000,1.000000,82094729856940,30537778775389,10110765965710,2597169511,680,6
114,55,46800000000,1.000000,82313642674234,30318865958095,10110765965710,2597169511,680,6
114,60,46800000000,1.000000,82599816053674,30032692578655,10110765965710,2597169511,680,6
114,65,46800000000,1.000000,82872384718186,29760123914143,10110765965710,2597169511,680,6
114,70,46800000000,1.000000,83087351451448,29545157180881,10110765965710,2597169511,680,6
114,75,46800000000,1.000000,83338996984342,29293511647987,10110765965710,2597169511,680,6
114,80,46800000000,1.000000,83585468590174,29047040042155,10110765965710,2597169511,680,6
114,85,46800000000,1.000000,83799568760674,28832939871655,10110765965710,2597169511,680,6
114,90,46800000000,1.000000,84071716797094,28560791835235,10110765965710,2597169511,680,6
114,95,46800000000,1.000000,84330926884984,28301581747345,10110765965710,2597169511,680,6
114,100,46800000000,1.000000,84535358109370,28097150522959,10110765965710,2597169511,680,6
114,105,46800000000,1.000000,84774670507150,27857838125179,10110765965710,2597169511,680,6
114,110,46800000000,1.000000,85009062551818,27623446080511,10110765965710,2597169511,680,6
114,115,46800000000,1.000000,85212669683560,27419838948769,10110765965710,2597169511,680,6
114,120,46800000000,1.000000,85471479758320,27161028874009,10110765965710,2597169511,680,6
114,125,46800000000,1.000000,85717985972776,26914522659553,10110765965710,2597169511,680,6
114,130,46800000000,1.000000,85912398033070,26720110599259,10110765965710,2597169511,680,6
114,135,46800000000,1.000000,86139981742228,26492526890101,10110765965710,2597169511,680,6
114,140,46800000000,1.000000,86362886244472,26269622387857,10110765965710,2597169511,680,6
114,145,46800000000,1.000000,86556514600972,26075994031357,10110765965710,2597169511,680,6
114,150,46800000000,1.000000,86802640406782,25829868225547,10110765965710,2597169511,680,6
114,155,46800000000,1.000000,87037065363934,25595443268395,10110765965710,2597169511,680,6
114,160,46800000000,1.000000,87221949298834,25410559333495,10110765965710,2597169511,680,6
114,165,46800000000,1.000000,87438379141822,25194129490507,10110765965710,2597169511,680,6
114,170,46800000000,1.000000,87650359105594,24982149526735,10110765965710,2597169511,680,6
114,175,46800000000,1.000000,87834497746018,24798010886311,10110765965710,2597169511,680,6
114,180,46800000000,1.000000,88068560938432,24563947693897,10110765965710,2597169511,680,6
114,185,46800000000,1.000000,88291496740114,24341011892215,10110765965710,2597169511,680,6
114,190,46800000000,1.000000,88467319522576,24165189109753,10110765965710,2597169511,680,6
114,195,46800000000,1.000000,88673142149770,23959366482559,10110765965710,2597169511,680,6
115,0,60000000000,1.000000,92125694168551,2871525673289,10070338158160,2303687506,0,0
115,5,48000000000,0.417275,91682847048329,7916572483537,10081323136526,2272063931,54,3
115,10,36000000000,0.385599,86718713897046,21426211391461,10086928151147,1957215503,376,7
115,15,38700000000,0.719737,74831607815091,27984059307089,10094778101049,1443687148,636,9
115,20,41400000000,0.876272,71924992198509,26300344416770,10096304012217,1435893831,649,9
115,25,44100000000,0.979987,71337392861214,24116496478915,10096304012217,1435893831,649,9
115,30,46800000000,1.000000,71589228691828,21318091191076,10096304012217,1435893831,649,9
115,35,46800000000,1.000000,71811918192589,19552917144835,10096304012217,1435893831,649,9
115,40,46800000000,1.000000,72018676336141,19280840593183,10096304012217,1435893831,649,9
115,45,46800000000,1.000000,72182455961776,19117060967548,10096304012217,1435893831,649,9
115,50,46800000000,1.000000,72341958676348,18957558252976,10096304012217,1435893831,649,9
115,55,46800000000,1.000000,72491395665919,18808121263405,10096304012217,1435893831,649,9
115,60,46800000000,1.000000,72659892593671,18639624335653,10096304012217,1435893831,649,9
115,65,46800000000,1.000000,72815092804009,18484424125315,10096304012217,1435893831,649,9
115,70,46800000000,1.000000,72977567277859,18321949651465,10096304012217,1435893831,649,9
115,75,46800000000,1.000000,73123847535571,18175669393753,10096304012217,1435893831,649,9
115,80,46800000000,1.000000,73265817939871,18033698989453,10096304012217,1435893831,649,9
115,85,46800000000,1.000000,73413180729331,17886336199993,10096304012217,1435893831,649,9
115,90,46800000000,1.000000,73573419631153,17726097298171,10096304012217,1435893831,649,9
115,95,46800000000,1.000000,73721013486997,17578503442327,10096304012217,1435893831,649,9
115,100,46800000000,1.000000,73875525095059,17423991834265,10096304012217,1435893831,649,9
115,105,46800000000,1.000000,74014636164529,17284880764795,10096304012217,1435893831,649,9
115,110,46800000000,1.000000,74149648606327,17149868322997,10096304012217,1435893831,649,9
115,115,46800000000,1.000000,74289789152875,17009727776449,10096304012217,1435893831,649,9
115,120,46800000000,1.000000,74442174754189,16857342175135,10096304012217,1435893831,649,9
115,125,46800000000,1.000000,74582535042523,16716981886801,10096304012217,1435893831,649,9
115,130,46800000000,1.000000,74729474044369,16570042884955,10096304012217,1435893831,649,9
115,135,46800000000,1.000000,74861767287337,16437749641987,10096304012217,1435893831,649,9
115,140,46800000000,1.000000,74990162776201,16309354153123,10096304012217,1435893831,649,9
115,145,46800000000,1.000000,75123435041473,16176081887851,10096304012217,1435893831,649,9
115,150,46800000000,1.000000,75268352231947,16031164697377,10096304012217,1435893831,649,9
115,155,46800000000,1.000000,75401833469389,15897683459935,10096304012217,1435893831,649,9
115,160,46800000000,1.000000,75541570997953,15757945931371,10096304012217,1435893831,649,9
115,165,46800000000,1.000000,75667380555553,15632136373771,10096304012217,1435893831,649,9
115,170,46800000000,1.000000,75789483387817,15510033541507,10096304012217,1435893831,649,9
115,175,46800000000,1.000000,75916223986195,15383292943129,10096304012217,1435893831,649,9
115,180,46800000000,1.000000,76054038792349,15245478136975,10096304012217,1435893831,649,9
115,185,46800000000,1.000000,76180978121083,15118538808241,10096304012217,1435893831,649,9
115,190,46800000000,1.000000,76313867120401,14985649808923,10096304012217,1435893831,649,9
115,195,46800000000,1.000000,76433510757925,14866006171399,10096304012217,1435893831,649,9
116,0,60000000000,1.000000,98058400402794,2965934090284,10081399506922,2868183124,0,0
116,5,48000000000,0.362967,97482967977859,9729099282510,10091426585201,2824850535,47,1
116,10,36000000000,0.437756,90192200137287,24703896112822,10099266182701,2334373579,349,9
116,15,38700000000,0.614702,80245816657204,33770398247938,10101176003348,1876616106,608,12
116,20,41400000000,0.793958,75768693808929,31781812407234,10103619902531,1863742179,620,12
116,25,44100000000,0.888331,74737386205451,29566366321938,10103619902531,1863742179,620,12
116,30,46800000000,0.980725,75019272938869,26493500333792,10103619902531,1863742179,620,12
116,35,46800000000,1.000000,75316945464588,24362150439760,10103619902531,1863742179,620,12
116,40,46800000000,1.000000,75536945363280,24113408365528,10103619902531,1863742179,620,12
116,45,46800000000,1.000000,75744847924791,23905505804017,10103619902531,1863742179,620,12
116,50,46800000000,1.000000,75956060113409,23694293615399,10103619902531,1863742179,620,12
116,55,46800000000,1.000000,76137170454656,23513183274152,10103619902531,1863742179,620,12
116,60,46800000000,1.000000,76358212535846,23292141192962,10103619902531,1863742179,620,12
116,65,46800000000,1.000000,76554880896404,23095472832404,10103619902531,1863742179,620,12
116,70,46800000000,1.000000,76727435018228,22922918710580,10103619902531,1863742179,620,12
116,75,46800000000,1.000000,76916546360816,22733807367992,10103619902531,1863742179,620,12
116,80,46800000000,1.000000,77116122626468,22534231102340,10103619902531,1863742179,620,12
116,85,46800000000,1.000000,77289550372232,22360803356576,10103619902531,1863742179,620,12
116,90,46800000000,1.000000,77499759192128,22150594536680,10103619902531,1863742179,620,12
116,95,46800000000,1.000000,77686788846104,21963564882704,10103619902531,1863742179,620,12
116,100,46800000000,1.000000,77850886098920,21799467629888,10103619902531,1863742179,620,12
116,105,46800000000,1.000000,78030729103862,21619624624946,10103619902531,1863742179,620,12
116,110,46800000000,1.000000,78220524146678,21429829582130,10103619902531,1863742179,620,12
116,115,46800000000,1.000000,78385452207332,21264901521476,10103619902531,1863742179,620,12
116,120,46800000000,1.000000,78585358703456,21064995025352,10103619902531,1863742179,620,12
116,125,46800000000,1.000000,78763222043492,20887131685316,10103619902531,1863742179,620,12
116,130,46800000000,1.000000,78919276898252,20731076830556,10103619902531,1863742179,620,12
116,135,46800000000,1.000000,79090305806408,20560047922400,10103619902531,1863742179,620,12
116,140,46800000000,1.000000,79270799003588,20379554725220,10103619902531,1863742179,620,12
116,145,46800000000,1.000000,79427643948206,20222709780602,10103619902531,1863742179,620,12
116,150,46800000000,1.000000,79617753036920,20032600691888,10103619902531,1863742179,620,12
116,155,46800000000,1.000000,79786899303488,19863454425320,10103619902531,1863742179,620,12
116,160,46800000000,1.000000,79935305917580,19715047811228,10103619902531,1863742179,620,12
116,165,46800000000,1.000000,80097952707596,19552401021212,10103619902531,1863742179,620,12
116,170,46800000000,1.000000,80269599942290,19380753786518,10103619902531,1863742179,620,12
116,175,46800000000,1.000000,80418757924100,19231595804708,10103619902531,1863742179,620,12
116,180,46800000000,1.000000,80599549775804,19050803953004,10103619902531,1863742179,620,12
116,185,46800000000,1.000000,80760406192256,18889947536552,10103619902531,1863742179,620,12
116,190,46800000000,1.000000,80901539405570,18748814323238,10103619902531,1863742179,620,12
116,195,46800000000,1.000000,81056214884576,18594138844232,10103619902531,1863742179,620,12
117,0,60000000000,1.000000,101622582917090,2963613888102,10087760194808,3252213070,0,0
117,5,48000000000,0.402562,100979217193235,8936347918580,10097301933273,3207544409,62,1
117,10,36000000000,0.514654,89637617024158,28942844238342,10140793951324,2493125765,389,6
117,15,38700000000,0.692018,78582007987404,37499857669198,10141373626135,1939714674,665,8
117,20,41400000000,0.805233,75408932959150,36167021460509,10142160205189,1935578942,686,8
117,25,44100000000,0.920866,74941713497809,32132885935202,10142160205189,1935578942,686,8
117,30,46800000000,1.000000,75212368854732,29118975376558,10142160205189,1935578942,686,8
117,35,46800000000,1.000000,75564181511936,25801944134774,10142160205189,1935578942,686,8
117,40,46800000000,1.000000,75834989700676,25494638162514,10142160205189,1935578942,686,8
117,45,46800000000,1.000000,76050323176809,25279304686381,10142160205189,1935578942,686,8
117,50,46800000000,1.000000,76270430721363,25059197141827,10142160205189,1935578942,686,8
117,55,46800000000,1.000000,76440102837093,24889525026097,10142160205189,1935578942,686,8
117,60,46800000000,1.000000,76674436340793,24655191522397,10142160205189,1935578942,686,8
117,65,46800000000,1.000000,76887026269047,24442601594143,10142160205189,1935578942,686,8
117,70,46800000000,1.000000,77095871458725,24233756404465,10142160205189,1935578942,686,8
117,75,46800000000,1.000000,77287135435923,24042492427267,10142160205189,1935578942,686,8
117,80,46800000000,1.000000,77496242058639,23833385804551,10142160205189,1935578942,686,8
117,85,46800000000,1.000000,77659937195643,23669690667547,10142160205189,1935578942,686,8
117,90,46800000000,1.000000,77882786025825,23446841837365,10142160205189,1935578942,686,8
117,95,46800000000,1.000000,78084956932383,23244670930807,10142160205189,1935578942,686,8
117,100,46800000000,1.000000,78283566629625,23046061233565,10142160205189,1935578942,686,8
117,105,46800000000,1.000000,78465456768849,22864171094341,10142160205189,1935578942,686,8
117,110,46800000000,1.000000,78664315086405,22665312776785,10142160205189,1935578942,686,8
117,115,46800000000,1.000000,78819987532929,22509640330261,10142160205189,1935578942,686,8
117,120,46800000000,1.000000,79031914553187,22297713310003,10142160205189,1935578942,686,8
117,125,46800000000,1.000000,79224177073713,22105450789477,10142160205189,1935578942,686,8
117,130,46800000000,1.000000,79413052919619,21916574943571,10142160205189,1935578942,686,8
117,135,46800000000,1.000000,79586028632169,21743599231021,10142160205189,1935578942,686,8
117,140,46800000000,1.000000,79775140913535,21554486949655,10142160205189,1935578942,686,8
117,145,46800000000,1.000000,79923183861039,21406444002151,10142160205189,1935578942,686,8
117,150,46800000000,1.000000,80124724348629,21204903514561,10142160205189,1935578942,686,8
117,155,46800000000,1.000000,80307564092577,21022063770613,10142160205189,1935578942,686,8
117,160,46800000000,1.000000,80487183142809,20842444720381,10142160205189,1935578942,686,8
117,165,46800000000,1.000000,80651681324409,20677946538781,10142160205189,1935578942,686,8
117,170,46800000000,1.000000,80831525222229,20498102640961,10142160205189,1935578942,686,8
117,175,46800000000,1.000000,80972312592423,20357315270767,10142160205189,1935578942,686,8
117,180,46800000000,1.000000,81163975590861,20165652272329,10142160205189,1935578942,686,8
117,185,46800000000,1.000000,81337854368091,19991773495099,10142160205189,1935578942,686,8
117,190,46800000000,1.000000,81508670297625,19820957565565,10142160205189,1935578942,686,8
117,195,46800000000,1.000000,81665106431403,19664521431787,10142160205189,1935578942,686,8
118,0,60000000000,1.000000,96638920685296,2991166387374,10089116927330,2906887226,0,0
118,5,48000000000,0.389134,95433623535889,10759493216088,10098697536682,2811868032,62,1
118,10,36000000000,0.652325,84024526345988,23898177277832,10105292023404,2015533273,392,7
118,15,38700000000,0.631940,77579104239263,34853617482316,10114690070470,1686796111,636,10
118,20,41400000000,0.758690,75118678772916,32273239196721,10115139807384,1682833027,648,11
118,25,44100000000,0.842754,74911911740097,29299370529742,10115139807384,1682833027,648,11
118,30,46800000000,0.973537,75205626829598,25061638770002,10115139807384,1682833027,648,11
118,35,46800000000,1.000000,75486381648870,22966494136356,10115139807384,1682833027,648,11
118,40,46800000000,1.000000,75689956806600,22708207586406,10115139807384,1682833027,648,11
118,45,46800000000,1.000000,75902459357041,22495705035965,10115139807384,1682833027,648,11
118,50,46800000000,1.000000,76093349319841,22304815073165,10115139807384,1682833027,648,11
118,55,46800000000,1.000000,76272519973725,22125644419281,10115139807384,1682833027,648,11
118,60,46800000000,1.000000,76467819879453,21930344513553,10115139807384,1682833027,648,11
118,65,46800000000,1.000000,76650708222801,21747456170205,10115139807384,1682833027,648,11
118,70,46800000000,1.000000,76814877502641,21583286890365,10115139807384,1682833027,648,11
118,75,46800000000,1.000000,77003224962291,21394939430715,10115139807384,1682833027,648,11
118,80,46800000000,1.000000,77184751543053,21213412849953,10115139807384,1682833027,648,11
118,85,46800000000,1.000000,77356896681189,21041267711817,10115139807384,1682833027,648,11
118,90,46800000000,1.000000,77542624948227,20855539444779,10115139807384,1682833027,648,11
118,95,46800000000,1.000000,77716549942977,20681614450029,10115139807384,1682833027,648,11
118,100,46800000000,1.000000,77872673294619,20525491098387,10115139807384,1682833027,648,11
118,105,46800000000,1.000000,78051789854721,20346374538285,10115139807384,1682833027,648,11
118,110,46800000000,1.000000,78224419826907,20173744566099,10115139807384,1682833027,648,11
118,115,46800000000,1.000000,78388128140559,20010036252447,10115139807384,1682833027,648,11
118,120,46800000000,1.000000,78564753874641,19833410518365,10115139807384,1682833027,648,11
118,125,46800000000,1.000000,78730154813931,19668009579075,10115139807384,1682833027,648,11
118,130,46800000000,1.000000,78878626568001,19519537825005,10115139807384,1682833027,648,11
118,135,46800000000,1.000000,79048964634441,19349199758565,10115139807384,1682833027,648,11
118,140,46800000000,1.000000,79213134020253,19185030372753,10115139807384,1682833027,648,11
118,145,46800000000,1.000000,79368818997669,19029345395337,10115139807384,1682833027,648,11
118,150,46800000000,1.000000,79536788313267,18861376079739,10115139807384,1682833027,648,11
118,155,46800000000,1.000000,79694082960801,18704081432205,10115139807384,1682833027,648,11
118,160,46800000000,1.000000,79835278121583,18562886271423,10115139807384,1682833027,648,11
118,165,46800000000,1.000000,79997267927937,18400896465069,10115139807384,1682833027,648,11
118,170,46800000000,1.000000,80153391380247,18244773012759,10115139807384,1682833027,648,11
118,175,46800000000,1.000000,80301446244573,18096718148433,10115139807384,1682833027,648,11
118,180,46800000000,1.000000,80461183392423,17936981000583,10115139807384,1682833027,648,11
118,185,46800000000,1.000000,80610769037169,17787395355837,10115139807384,1682833027,648,11
118,190,46800000000,1.000000,80745044230161,17653120162845,10115139807384,1682833027,648,11
118,195,46800000000,1.000000,80899094924049,17499069468957,10115139807384,1682833027,648,11
119,0,60000000000,1.000000,101845277279383,3017430684155,10088629036462,3489186158,0,0
119,5,48000000000,0.802742,99174036975937,7056135045107,10113046130438,3388881820,47,2
119,10,36000000000,0.437048,90539956805127,32706069124625,10117262314517,2738680435,343,7
119,15,38700000000,0.643153,79782164958436,38948649649223,10119236063535,2107677711,634,9
119,20,41400000000,0.753082,75629868746676,38775113540674,10120644191137,2100479342,647,10
119,25,44100000000,0.890768,74916444258401,33582528785990,10120644191137,2100479342,647,10
119,30,46800000000,0.951402,75119370025153,31228990164698,10120644191137,2100479342,647,10
119,35,46800000000,1.000000,75470208415707,27658069859561,10120644191137,2100479342,647,10
119,40,46800000000,1.000000,75793515666099,27285871227329,10120644191137,2100479342,647,10
119,45,46800000000,1.000000,76052179203329,27027207690099,10120644191137,2100479342,647,10
119,50,46800000000,1.000000,76286884355561,26792502537867,10120644191137,2100479342,647,10
119,55,46800000000,1.000000,76430826683499,26648560209929,10120644191137,2100479342,647,10
119,60,46800000000,1.000000,76670995757739,26408391135689,10120644191137,2100479342,647,10
119,65,46800000000,1.000000,76902945714705,26176441178723,10120644191137,2100479342,647,10
119,70,46800000000,1.000000,77136572727987,25942814165441,10120644191137,2100479342,647,10
119,75,46800000000,1.000000,77375175611259,25704211282169,10120644191137,2100479342,647,10
119,80,46800000000,1.000000,77598393932583,25480992960845,10120644191137,2100479342,647,10
119,85,46800000000,1.000000,77736871268385,25342515625043,10120644191137,2100479342,647,10
119,90,46800000000,1.000000,77965269668283,25114117225145,10120644191137,2100479342,647,10
119,95,46800000000,1.000000,78185851769445,24893535123983,10120644191137,2100479342,647,10
119,100,46800000000,1.000000,78408028734399,24671358159029,10120644191137,2100479342,647,10
119,105,46800000000,1.000000,78634937702277,24444449191151,10120644191137,2100479342,647,10
119,110,46800000000,1.000000,78847216104669,24232170788759,10120644191137,2100479342,647,10
119,115,46800000000,1.000000,78978906673077,24100480220351,10120644191137,2100479342,647,10
119,120,46800000000,1.000000,79196111278725,23883275614703,10120644191137,2100479342,647,10
119,125,46800000000,1.000000,79405882662111,23673504231317,10120644191137,2100479342,647,10
119,130,46800000000,1.000000,79617170745153,23462216148275,10120644191137,2100479342,647,10
119,135,46800000000,1.000000,79832958915723,23246427977705,10120644191137,2100479342,647,10
119,140,46800000000,1.000000,80034833564253,23044553329175,10120644191137,2100479342,647,10
119,145,46800000000,1.000000,80160069984429,22919316908999,10120644191137,2100479342,647,10
119,150,46800000000,1.000000,80366629403373,22712757490055,10120644191137,2100479342,647,10
119,155,46800000000,1.000000,80566119901695,22513266991733,10120644191137,2100479342,647,10
119,160,46800000000,1.000000,80767052766327,22312334127101,10120644191137,2100479342,647,10
119,165,46800000000,1.000000,80972265169503,22107121723925,10120644191137,2100479342,647,10
119,170,46800000000,1.000000,81164245951701,21915140941727,10120644191137,2100479342,647,10
119,175,46800000000,1.000000,81283344541185,21796042352243,10120644191137,2100479342,647,10
119,180,46800000000,1.000000,81479780493165,21599606400263,10120644191137,2100479342,647,10
119,185,46800000000,1.000000,81669493972221,21409892921207,10120644191137,2100479342,647,10
119,190,46800000000,1.000000,81860579127213,21218807766215,10120644191137,2100479342,647,10
119,195,46800000000,1.000000,82055734080741,21023652812687,10120644191137,2100479342,647,10
120,0,60000000000,1.000000,99312895880867,2967330114976,10081382004157,2726857378,0,0
120,5,48000000000,0.549315,98687107621784,6527786486490,10088688109329,2670230784,51,4
120,10,36000000000,0.454148,90243602721379,26480216163411,10092070895479,2086633120,361,12
120,15,38700000000,0.699534,80379781067914,31287038770253,10095492269089,1710228872,646,18
120,20,41400000000,0.828188,76589484063155,31003005563872,10095816479568,1708531291,659,18
120,25,44100000000,0.967778,76190246660786,26943715599908,10095816479568,1708531291,659,18
120,30,46800000000,1.000000,76376206196175,25418786955644,10095816479568,1708531291,659,18
120,35,46800000000,1.000000,76664484544707,22709213894732,10095816479568,1708531291,659,18
120,40,46800000000,1.000000,76918516616616,22422540464963,10095816479568,1708531291,659,18
120,45,46800000000,1.000000,77122966384499,22218090697080,10095816479568,1708531291,659,18
120,50,46800000000,1.000000,77302984636211,22038072445368,10095816479568,1708531291,659,18
120,55,46800000000,1.000000,77445313115666,21895743965913,10095816479568,1708531291,659,18
120,60,46800000000,1.000000,77643972912728,21697084168851,10095816479568,1708531291,659,18
120,65,46800000000,1.000000,77837295615830,21503761465749,10095816479568,1708531291,659,18
120,70,46800000000,1.000000,78021171269894,21319885811685,10095816479568,1708531291,659,18
120,75,46800000000,1.000000,78210877487420,21130179594159,10095816479568,1708531291,659,18
120,80,46800000000,1.000000,78381414793886,20959642287693,10095816479568,1708531291,659,18
120,85,46800000000,1.000000,78518422413404,20822634668175,10095816479568,1708531291,659,18
120,90,46800000000,1.000000,78707345903726,20633711177853,10095816479568,1708531291,659,18
120,95,46800000000,1.000000,78891193870814,20449863210765,10095816479568,1708531291,659,18
120,100,46800000000,1.000000,79066057788428,20274999293151,10095816479568,1708531291,659,18
120,105,46800000000,1.000000,79246466513756,20094590567823,10095816479568,1708531291,659,18
120,110,46800000000,1.000000,79408645795238,19932411286341,10095816479568,1708531291,659,18
120,115,46800000000,1.000000,79538938678028,19802118403551,10095816479568,1708531291,659,18
120,120,46800000000,1.000000,79718603037716,19622454043863,10095816479568,1708531291,659,18
120,125,46800000000,1.000000,79893440625086,19447616456493,10095816479568,1708531291,659,18
120,130,46800000000,1.000000,80059734470642,19281322610937,10095816479568,1708531291,659,18
120,135,46800000000,1.000000,80231301373364,19109755708215,10095816479568,1708531291,659,18
120,140,46800000000,1.000000,80385532256528,18955524825051,10095816479568,1708531291,659,18
120,145,46800000000,1.000000,80509439491748,18831617589831,10095816479568,1708531291,659,18
120,150,46800000000,1.000000,80680298510018,18660758571561,10095816479568,1708531291,659,18
120,155,46800000000,1.000000,80846567316134,18494489765445,10095816479568,1708531291,659,18
120,160,46800000000,1.000000,81004711108592,18336345972987,10095816479568,1708531291,659,18
120,165,46800000000,1.000000,81167869525874,18173187555705,10095816479568,1708531291,659,18
120,170,46800000000,1.000000,81314541561236,18026515520343,10095816479568,1708531291,659,18
120,175,46800000000,1.000000,81432376109126,17908680972453,10095816479568,1708531291,659,18
120,180,46800000000,1.000000,81594861335492,17746195746087,10095816479568,1708531291,659,18
120,185,46800000000,1.000000,81752981315654,17588075765925,10095816479568,1708531291,659,18
120,190,46800000000,1.000000,81903374488628,17437682592951,10095816479568,1708531291,659,18
120,195,46800000000,1.000000,82058536520072,17282520561507,10095816479568,1708531291,659,18
121,0,60000000000,1.000000,98789082847208,2949342216636,10074499936156,2810955978,0,0
121,5,48000000000,0.359648,97927538223783,10567100670277,10084946995562,2740829788,55,3
121,10,36000000000,0.333840,93684621203268,24079479697278,10089618327360,2479438065,382,6
121,15,38700000000,0.505846,84603845007639,33840961460610,10090768793721,2112257307,666,10
121,20,41400000000,0.858748,75043522068442,31066706270130,10090929575535,2111099914,680,11
121,25,44100000000,0.937095,73435481177577,30185323272847,10090929575535,2111099914,680,11
121,30,46800000000,1.000000,73727496688323,26883232064466,10090929575535,2111099914,680,11
121,35,46800000000,1.000000,74006990299101,25964785568688,10090929575535,2111099914,680,11
121,40,46800000000,1.000000,74233288629031,25658109725918,10090929575535,2111099914,680,11
121,45,46800000000,1.000000,74477310050668,25414088304281,10090929575535,2111099914,680,11
121,50,46800000000,1.000000,74676280276858,25215118078091,10090929575535,2111099914,680,11
121,55,46800000000,1.000000,74875839827594,25015558527355,10090929575535,2111099914,680,11
121,60,46800000000,1.000000,75112461615392,24778936739557,10090929575535,2111099914,680,11
121,65,46800000000,1.000000,75319407588848,24571990766101,10090929575535,2111099914,680,11
121,70,46800000000,1.000000,75505318901468,24386079453481,10090929575535,2111099914,680,11
121,75,46800000000,1.000000,75720372708428,24171025646521,10090929575535,2111099914,680,11
121,80,46800000000,1.000000,75907081006952,23984317347997,10090929575535,2111099914,680,11
121,85,46800000000,1.000000,76101851081456,23789547273493,10090929575535,2111099914,680,11
121,90,46800000000,1.000000,76326876047384,23564522307565,10090929575535,2111099914,680,11
121,95,46800000000,1.000000,76523679609002,23367718745947,10090929575535,2111099914,680,11
121,100,46800000000,1.000000,76700479417412,23190918937537,10090929575535,2111099914,680,11
121,105,46800000000,1.000000,76904993448146,22986404906803,10090929575535,2111099914,680,11
121,110,46800000000,1.000000,77082551182250,22808847172699,10090929575535,2111099914,680,11
121,115,46800000000,1.000000,77267775585056,22623622769893,10090929575535,2111099914,680,11
121,120,46800000000,1.000000,77481772088486,22409626266463,10090929575535,2111099914,680,11
121,125,46800000000,1.000000,77668930317452,22222468037497,10090929575535,2111099914,680,11
121,130,46800000000,1.000000,77837065176110,22054333178839,10090929575535,2111099914,680,11
121,135,46800000000,1.000000,78031555984304,21859842370645,10090929575535,2111099914,680,11
121,140,46800000000,1.000000,78200411622812,21690986732137,10090929575535,2111099914,680,11
121,145,46800000000,1.000000,78376558186910,21514840168039,10090929575535,2111099914,680,11
121,150,46800000000,1.000000,78580066732460,21311331622489,10090929575535,2111099914,680,11
121,155,46800000000,1.000000,78758052345896,21133346009053,10090929575535,2111099914,680,11
121,160,46800000000,1.000000,78917946923552,20973451431397,10090929575535,2111099914,680,11
121,165,46800000000,1.000000,79102905747104,20788492607845,10090929575535,2111099914,680,11
121,170,46800000000,1.000000,79263485779166,20627912575783,10090929575535,2111099914,680,11
121,175,46800000000,1.000000,79430999408888,20460398946061,10090929575535,2111099914,680,11
121,180,46800000000,1.000000,79624534010714,20266864344235,10090929575535,2111099914,680,11
121,185,46800000000,1.000000,79793796558122,20097601796827,10090929575535,2111099914,680,11
121,190,46800000000,1.000000,79945854710510,19945543644439,10090929575535,2111099914,680,11
121,195,46800000000,1.000000,80121748711232,19769649643717,10090929575535,2111099914,680,11
122,0,60000000000,1.000000,93128782913848,2919228697760,10078141388392,2535561230,0,0
122,5,48000000000,0.391714,92615826507881,8738477264275,10087344606860,2495594432,33,2
122,10,36000000000,0.432179,86710917926393,21572264225136,10092151472575,2021162180,329,5
122,15,38700000000,0.615292,77411039395068,30238764397004,10109451762728,1547112130,618,8
122,20,41400000000,0.780208,74013356320852,28201405874291,10109833386645,1545094934,634,8
122,25,44100000000,0.858587,73732017156842,25954633281185,10109833386645,1545094934,634,8
122,30,46800000000,0.970345,73970141535319,22719932592417,10109833386645,1545094934,634,8
122,35,46800000000,1.000000,74232073099573,20713722270951,10109833386645,1545094934,634,8
122,40,46800000000,1.000000,74438591131069,20471585196315,10109833386645,1545094934,634,8
122,45,46800000000,1.000000,74612345725390,20297830601994,10109833386645,1545094934,634,8
122,50,46800000000,1.000000,74789309807656,20120866519728,10109833386645,1545094934,634,8
122,55,46800000000,1.000000,74935844114296,19974332213088,10109833386645,1545094934,634,8
122,60,46800000000,1.000000,75118323669682,19791852657702,10109833386645,1545094934,634,8
122,65,46800000000,1.000000,75291659298208,19618517029176,10109833386645,1545094934,634,8
122,70,46800000000,1.000000,75455487521422,19454688805962,10109833386645,1545094934,634,8
122,75,46800000000,1.000000,75603778175536,19306398151848,10109833386645,1545094934,634,8
122,80,46800000000,1.000000,75772102888960,19138073438424,10109833386645,1545094934,634,8
122,85,46800000000,1.000000,75914785117600,18995391209784,10109833386645,1545094934,634,8
122,90,46800000000,1.000000,76088321359186,18821854968198,10109833386645,1545094934,634,8
122,95,46800000000,1.000000,76253161817398,18657014509986,10109833386645,1545094934,634,8
122,100,46800000000,1.000000,76408960827604,18501215499780,10109833386645,1545094934,634,8
122,105,46800000000,1.000000,76549983764284,18360192563100,10109833386645,1545094934,634,8
122,110,46800000000,1.000000,76710058891936,18200117435448,10109833386645,1545094934,634,8
122,115,46800000000,1.000000,76845748271566,18064428055818,10109833386645,1545094934,634,8
122,120,46800000000,1.000000,77010779510488,17899396816896,10109833386645,1545094934,634,8
122,125,46800000000,1.000000,77167541145964,17742635181420,10109833386645,1545094934,634,8
122,130,46800000000,1.000000,77315704454398,17594471872986,10109833386645,1545094934,634,8
122,135,46800000000,1.000000,77449815863998,17460360463386,10109833386645,1545094934,634,8
122,140,46800000000,1.000000,77602045717606,17308130609778,10109833386645,1545094934,634,8
122,145,46800000000,1.000000,77731084967596,17179091359788,10109833386645,1545094934,634,8
122,150,46800000000,1.000000,77888028033868,17022148293516,10109833386645,1545094934,634,8
122,155,46800000000,1.000000,78037106789440,16873069537944,10109833386645,1545094934,634,8
122,160,46800000000,1.000000,78178008621400,16732167705984,10109833386645,1545094934,634,8
122,165,46800000000,1.000000,78305547237454,16604629089930,10109833386645,1545094934,634,8
122,170,46800000000,1.000000,78450316313476,16459860013908,10109833386645,1545094934,634,8
122,175,46800000000,1.000000,78573031356172,16337144971212,10109833386645,1545094934,634,8
122,180,46800000000,1.000000,78722282650696,16187893676688,10109833386645,1545094934,634,8
122,185,46800000000,1.000000,78864055063744,16046121263640,10109833386645,1545094934,634,8
122,190,46800000000,1.000000,78998051304040,15912125023344,10109833386645,1545094934,634,8
122,195,46800000000,1.000000,79119339258790,15790837068594,10109833386645,1545094934,634,8
123,0,60000000000,1.000000,105682656805827,3120691299131,10097654895042,3961431728,0,0
123,5,48000000000,1.000000,99791788867335,7757443777304,10137570155172,3673358064,52,4
123,10,36000000000,0.404848,94075185652780,36267468297502,10142991202905,3308704311,357,8
123,15,38700000000,0.620952,81373394192868,44097273303078,10145337668390,2420880730,641,12
123,20,41400000000,0.715612,76979386882245,44399534279189,10148756496341,2403438240,661,13
123,25,44100000000,0.862139,75918996245146,38083497995602,10148756496341,2403438240,661,13
123,30,46800000000,0.918029,76158944516668,35503564265904,10148756496341,2403438240,661,13
123,35,46800000000,1.000000,76535627376825,31685064074566,10148756496341,2403438240,661,13
123,40,46800000000,1.000000,76892654062003,31175454772848,10148756496341,2403438240,661,13
123,45,46800000000,1.000000,77188148466254,30879960368597,10148756496341,2403438240,661,13
123,50,46800000000,1.000000,77464361486708,30603747348143,10148756496341,2403438240,661,13
123,55,46800000000,1.000000,77642458848638,30425649986213,10148756496341,2403438240,661,13
123,60,46800000000,1.000000,77928912809840,30139196025011,10148756496341,2403438240,661,13
123,65,46800000000,1.000000,78162142504004,29905966330847,10148756496341,2403438240,661,13
123,70,46800000000,1.000000,78434327719544,29633781115307,10148756496341,2403438240,661,13
123,75,46800000000,1.000000,78700089514970,29368019319881,10148756496341,2403438240,661,13
123,80,46800000000,1.000000,78962780191616,29105328643235,10148756496341,2403438240,661,13
123,85,46800000000,1.000000,79133618414846,28934490420005,10148756496341,2403438240,661,13
123,90,46800000000,1.000000,79406033281796,28662075553055,10148756496341,2403438240,661,13
123,95,46800000000,1.000000,79627832400116,28440276434735,10148756496341,2403438240,661,13
123,100,46800000000,1.000000,79886677831748,28181431003103,10148756496341,2403438240,661,13
123,105,46800000000,1.000000,80139414654920,27928694179931,10148756496341,2403438240,661,13
123,110,46800000000,1.000000,80389230874520,27678877960331,10148756496341,2403438240,661,13
123,115,46800000000,1.000000,80551696324994,27516412509857,10148756496341,2403438240,661,13
123,120,46800000000,1.000000,80810760152822,27257348682029,10148756496341,2403438240,661,13
123,125,46800000000,1.000000,81021688907552,27046419927299,10148756496341,2403438240,661,13
123,130,46800000000,1.000000,81267848337476,26800260497375,10148756496341,2403438240,661,13
123,135,46800000000,1.000000,81508198541450,26559910293401,10148756496341,2403438240,661,13
123,140,46800000000,1.000000,81745771280702,26322337554149,10148756496341,2403438240,661,13
123,145,46800000000,1.000000,81900274307546,26167834527305,10148756496341,2403438240,661,13
123,150,46800000000,1.000000,82146641430134,25921467404717,10148756496341,2403438240,661,13
123,155,46800000000,1.000000,82347232577144,25720876257707,10148756496341,2403438240,661,13
123,160,46800000000,1.000000,82581327745706,25486781089145,10148756496341,2403438240,661,13
123,165,46800000000,1.000000,82809898398194,25258210436657,10148756496341,2403438240,661,13
123,170,46800000000,1.000000,83035827709490,25032281125361,10148756496341,2403438240,661,13
123,175,46800000000,1.000000,83182758550700,24885350284151,10148756496341,2403438240,661,13
123,180,46800000000,1.000000,83417051232932,24651057601919,10148756496341,2403438240,661,13
123,185,46800000000,1.000000,83607811417754,24460297417097,10148756496341,2403438240,661,13
123,190,46800000000,1.000000,83830433593832,24237675241019,10148756496341,2403438240,661,13
123,195,46800000000,1.000000,84047802010022,24020306824829,10148756496341,2403438240,661,13
124,0,60000000000,1.000000,106019564744611,3065657263341,10097618992048,3267050690,0,0
124,5,48000000000,0.324124,105235138733100,11853425133794,10105720255915,3194023550,50,0
124,10,36000000000,0.506399,93888940971204,29979954343395,10112068341812,2453184591,359,4
124,15,38700000000,0.639796,83787391240676,39510626750631,10116689425297,2048946682,635,7
124,20,41400000000,0.819923,80152567188533,35262175416013,10117989334488,2042031305,652,8
124,25,44100000000,0.922782,79296330385218,32259521483086,10117989334488,2042031305,652,8
124,30,46800000000,1.000000,79596473063273,28948855325080,10117989334488,2042031305,652,8
124,35,46800000000,1.000000,79936814621751,26237479395462,10117989334488,2042031305,652,8
124,40,46800000000,1.000000,80195336002920,25915460083353,10117989334488,2042031305,652,8
124,45,46800000000,1.000000,80432216631138,25678579455135,10117989334488,2042031305,652,8
124,50,46800000000,1.000000,80601431594184,25509364492089,10117989334488,2042031305,652,8
124,55,46800000000,1.000000,80829153376155,25281642710118,10117989334488,2042031305,652,8
124,60,46800000000,1.000000,81056696300643,25054099785630,10117989334488,2042031305,652,8
124,65,46800000000,1.000000,81274313213589,24836482872684,10117989334488,2042031305,652,8
124,70,46800000000,1.000000,81480765368295,24630030717978,10117989334488,2042031305,652,8
124,75,46800000000,1.000000,81689795799363,24421000286910,10117989334488,2042031305,652,8
124,80,46800000000,1.000000,81849143907267,24261652179006,10117989334488,2042031305,652,8
124,85,46800000000,1.000000,82068205402479,24042590683794,10117989334488,2042031305,652,8
124,90,46800000000,1.000000,82284596459535,23826199626738,10117989334488,2042031305,652,8
124,95,46800000000,1.000000,82491547978431,23619248107842,10117989334488,2042031305,652,8
124,100,46800000000,1.000000,82687881923385,23422914162888,10117989334488,2042031305,652,8
124,105,46800000000,1.000000,82886667783483,23224128302790,10117989334488,2042031305,652,8
124,110,46800000000,1.000000,83038206248631,23072589837642,10117989334488,2042031305,652,8
124,115,46800000000,1.000000,83246531551023,22864264535250,10117989334488,2042031305,652,8
124,120,46800000000,1.000000,83452317293187,22658478793086,10117989334488,2042031305,652,8
124,125,46800000000,1.000000,83649126128427,22461669957846,10117989334488,2042031305,652,8
124,130,46800000000,1.000000,83835837756549,22274958329724,10117989334488,2042031305,652,8
124,135,46800000000,1.000000,84024881131575,22085914954698,10117989334488,2042031305,652,8
124,140,46800000000,1.000000,84168992703993,21941803382280,10117989334488,2042031305,652,8
124,145,46800000000,1.000000,84367107993669,21743688092604,10117989334488,2042031305,652,8
124,150,46800000000,1.000000,84562808186829,21547987899444,10117989334488,2042031305,652,8
124,155,46800000000,1.000000,84749971430847,21360824655426,10117989334488,2042031305,652,8
124,160,46800000000,1.000000,84927532331385,21183263754888,10117989334488,2042031305,652,8
124,165,46800000000,1.000000,85107310699959,21003485386314,10117989334488,2042031305,652,8
124,170,46800000000,1.000000,85244359371411,20866436714862,10117989334488,2042031305,652,8
124,175,46800000000,1.000000,85432765040703,20678031045570,10117989334488,2042031305,652,8
124,180,46800000000,1.000000,85618873977129,20491922109144,10117989334488,2042031305,652,8
124,185,46800000000,1.000000,85796864359875,20313931726398,10117989334488,2042031305,652,8
124,190,46800000000,1.000000,85965723009501,20145073076772,10117989334488,2042031305,652,8
124,195,46800000000,1.000000,86136690449175,19974105637098,10117989334488,2042031305,652,8
125,0,60000000000,1.000000,99273435407158,2934026537257,10077107055585,2713130922,0,0
125,5,48000000000,0.417776,98416480451183,9030610142764,10095312915858,2655156672,41,2
125,10,36000000000,0.383548,93002065208730,23931367328611,10103686779630,2327714952,328,5
125,15,38700000000,0.648308,81319853152807,32176942371161,10104145112973,1789042911,589,7
125,20,41400000000,0.810384,77638491382590,30280583786162,10107184522564,1773379313,609,8
125,25,44100000000,0.899836,76938870736189,28047911887986,10107184522564,1773379313,609,8
125,30,46800000000,0.974555,77201312100819,25628184630393,10107184522564,1773379313,609,8
125,35,46800000000,1.000000,77498433242787,23174776503506,10107184522564,1773379313,609,8
125,40,46800000000,1.000000,77713671201249,22925463342464,10107184522564,1773379313,609,8
125,45,46800000000,1.000000,77909247928255,22729886615458,10107184522564,1773379313,609,8
125,50,46800000000,1.000000,78102989688535,22536144855178,10107184522564,1773379313,609,8
125,55,46800000000,1.000000,78281005582523,22358128961190,10107184522564,1773379313,609,8
125,60,46800000000,1.000000,78479796939887,22159337603826,10107184522564,1773379313,609,8
125,65,46800000000,1.000000,78680568327311,21958566216402,10107184522564,1773379313,609,8
125,70,46800000000,1.000000,78847916024441,21791218519272,10107184522564,1773379313,609,8
125,75,46800000000,1.000000,79022955662849,21616178880864,10107184522564,1773379313,609,8
125,80,46800000000,1.000000,79207204977593,21431929566120,10107184522564,1773379313,609,8
125,85,46800000000,1.000000,79376776345061,21262358198652,10107184522564,1773379313,609,8
125,90,46800000000,1.000000,79565824947977,21073309595736,10107184522564,1773379313,609,8
125,95,46800000000,1.000000,79756756539755,20882378003958,10107184522564,1773379313,609,8
125,100,46800000000,1.000000,79915902534605,20723232009108,10107184522564,1773379313,609,8
125,105,46800000000,1.000000,80082363488993,20556771054720,10107184522564,1773379313,609,8
125,110,46800000000,1.000000,80257582754003,20381551789710,10107184522564,1773379313,609,8
125,115,46800000000,1.000000,80418843437225,20220291106488,10107184522564,1773379313,609,8
125,120,46800000000,1.000000,80598626777423,20040507766290,10107184522564,1773379313,609,8
125,125,46800000000,1.000000,80780200821281,19858933722432,10107184522564,1773379313,609,8
125,130,46800000000,1.000000,80931547078853,19707587464860,10107184522564,1773379313,609,8
125,135,46800000000,1.000000,81089849790209,19549284753504,10107184522564,1773379313,609,8
125,140,46800000000,1.000000,81256481567807,19382652975906,10107184522564,1773379313,609,8
125,145,46800000000,1.000000,81409838873003,19229295670710,10107184522564,1773379313,609,8
125,150,46800000000,1.000000,81580811040851,19058323502862,10107184522564,1773379313,609,8
125,155,46800000000,1.000000,81753486149969,18885648393744,10107184522564,1773379313,609,8
125,160,46800000000,1.000000,81897414935105,18741719608608,10107184522564,1773379313,609,8
125,165,46800000000,1.000000,82047959238533,18591175305180,10107184522564,1773379313,609,8
125,170,46800000000,1.000000,82206424401077,18432710142636,10107184522564,1773379313,609,8
125,175,46800000000,1.000000,82352265672431,18286868871282,10107184522564,1773379313,609,8
125,180,46800000000,1.000000,82514858502821,18124276040892,10107184522564,1773379313,609,8
125,185,46800000000,1.000000,82679070813509,17960063730204,10107184522564,1773379313,609,8
125,190,46800000000,1.000000,82815945656117,17823188887596,10107184522564,1773379313,609,8
125,195,46800000000,1.000000,82959111790679,17680022753034,10107184522564,1773379313,609,8
126,0,60000000000,1.000000,104157248162467,2983100117504,10090350720029,3336718496,0,0
126,5,48000000000,0.318232,103776902778356,10536410972931,10100769227721,3311235644,41,0
126,10,36000000000,0.462036,94567029279855,27150029965216,10119380983964,2808691575,356,1
126,15,38700000000,0.491853,87885016575146,39085019005164,10121602924255,2438456816,633,3
126,20,41400000000,0.828936,75515806159640,38112656093567,10121930430129,2436787571,649,3
126,25,44100000000,0.934178,74492819191611,34914048559550,10121930430129,2436787571,649,3
126,30,46800000000,1.000000,74892941656005,29761685939748,10121930430129,2436787571,649,3
126,35,46800000000,1.000000,75083953049292,30056308864401,10121930430129,2436787571,649,3
126,40,46800000000,1.000000,75416249253370,29519703942743,10121930430129,2436787571,649,3
126,45,46800000000,1.000000,75691858746964,29244094449149,10121930430129,2436787571,649,3
126,50,46800000000,1.000000,75957715187452,28978238008661,10121930430129,2436787571,649,3
126,55,46800000000,1.000000,76181076905403,28754876290710,10121930430129,2436787571,649,3
126,60,46800000000,1.000000,76397939993457,28538013202656,10121930430129,2436787571,649,3
126,65,46800000000,1.000000,76623473172891,28312480023222,10121930430129,2436787571,649,3
126,70,46800000000,1.000000,76872742169979,28063211026134,10121930430129,2436787571,649,3
126,75,46800000000,1.000000,77124377332761,27811575863352,10121930430129,2436787571,649,3
126,80,46800000000,1.000000,77377062397755,27558890798358,10121930430129,2436787571,649,3
126,85,46800000000,1.000000,77590351935963,27345601260150,10121930430129,2436787571,649,3
126,90,46800000000,1.000000,77796586574967,27139366621146,10121930430129,2436787571,649,3
126,95,46800000000,1.000000,78011066384451,26924886811662,10121930430129,2436787571,649,3
126,100,46800000000,1.000000,78248118720327,26687834475786,10121930430129,2436787571,649,3
126,105,46800000000,1.000000,78487421256285,26448531939828,10121930430129,2436787571,649,3
126,110,46800000000,1.000000,78727722238857,26208230957256,10121930430129,2436787571,649,3
126,115,46800000000,1.000000,78930558467487,26005394728626,10121930430129,2436787571,649,3
126,120,46800000000,1.000000,79126685557083,25809267639030,10121930430129,2436787571,649,3
126,125,46800000000,1.000000,79330653721803,25605299474310,10121930430129,2436787571,649,3
126,130,46800000000,1.000000,79556088134595,25379865061518,10121930430129,2436787571,649,3
126,135,46800000000,1.000000,79783662465177,25152290730936,10121930430129,2436787571,649,3
126,140,46800000000,1.000000,80012186308659,24923766887454,10121930430129,2436787571,649,3
126,145,46800000000,1.000000,80205081543879,24730871652234,10121930430129,2436787571,649,3
126,150,46800000000,1.000000,80391596454633,24544356741480,10121930430129,2436787571,649,3
126,155,46800000000,1.000000,80585568149877,24350385046236,10121930430129,2436787571,649,3
126,160,46800000000,1.000000,80799954033315,24135999162798,10121930430129,2436787571,649,3
126,165,46800000000,1.000000,81016374957279,23919578238834,10121930430129,2436787571,649,3
126,170,46800000000,1.000000,81233698858545,23702254337568,10121930430129,2436787571,649,3
126,175,46800000000,1.000000,81417140307879,23518812888234,10121930430129,2436787571,649,3
126,180,46800000000,1.000000,81594514132143,23341439063970,10121930430129,2436787571,649,3
126,185,46800000000,1.000000,81778979284185,23156973911928,10121930430129,2436787571,649,3
126,190,46800000000,1.000000,81982858126239,22953095069874,10121930430129,2436787571,649,3
126,195,46800000000,1.000000,82188672271635,22747280924478,10121930430129,2436787571,649,3
127,0,60000000000,1.000000,94019557700202,2990671936469,10079701363329,2821213134,0,0
127,5,48000000000,0.676769,91501247282835,8123588779131,10090889608516,2587464000,51,3
127,10,36000000000,0.504966,84220186944244,25298088580979,10095062747124,2049747209,360,11
127,15,38700000000,0.626553,76359991156519,32930355104619,10097318447708,1708578974,627,13
127,20,41400000000,0.748409,73207817739265,31780256296887,10097486764357,1707721091,642,13
127,25,44100000000,0.852773,72925593002721,28221882841777,10097486764357,1707721091,642,13
127,30,46800000000,0.937227,73162947830941,25425539987124,10097486764357,1707721091,642,13
127,35,46800000000,1.000000,73433038348844,23046380422821,10097486764357,1707721091,642,13
127,40,46800000000,1.000000,73672556903051,22753298559054,10097486764357,1707721091,642,13
127,45,46800000000,1.000000,73875591555621,22550263906484,10097486764357,1707721091,642,13
127,50,46800000000,1.000000,74070210737709,22355644724396,10097486764357,1707721091,642,13
127,55,46800000000,1.000000,74233995233710,22191860228395,10097486764357,1707721091,642,13
127,60,46800000000,1.000000,74423755442116,22002100019989,10097486764357,1707721091,642,13
127,65,46800000000,1.000000,74622065387464,21803790074641,10097486764357,1707721091,642,13
127,70,46800000000,1.000000,74796385534306,21629469927799,10097486764357,1707721091,642,13
127,75,46800000000,1.000000,74979409566130,21446445895975,10097486764357,1707721091,642,13
127,80,46800000000,1.000000,75164460875032,21261394587073,10097486764357,1707721091,642,13
127,85,46800000000,1.000000,75321617174554,21104238287551,10097486764357,1707721091,642,13
127,90,46800000000,1.000000,75502077244612,20923778217493,10097486764357,1707721091,642,13
127,95,46800000000,1.000000,75690668029426,20735187432679,10097486764357,1707721091,642,13
127,100,46800000000,1.000000,75856444754482,20569410707623,10097486764357,1707721091,642,13
127,105,46800000000,1.000000,76030498787644,20395356674461,10097486764357,1707721091,642,13
127,110,46800000000,1.000000,76206480741112,20219374720993,10097486764357,1707721091,642,13
127,115,46800000000,1.000000,76355934818128,20069920643977,10097486764357,1707721091,642,13
127,120,46800000000,1.000000,76527550549114,19898304912991,10097486764357,1707721091,642,13
127,125,46800000000,1.000000,76706898508936,19718956953169,10097486764357,1707721091,642,13
127,130,46800000000,1.000000,76864550524960,19561304937145,10097486764357,1707721091,642,13
127,135,46800000000,1.000000,77030074178692,19395781283413,10097486764357,1707721091,642,13
127,140,46800000000,1.000000,77197431265504,19228424196601,10097486764357,1707721091,642,13
127,145,46800000000,1.000000,77339560605778,19086294856327,10097486764357,1707721091,642,13
127,150,46800000000,1.000000,77502765458332,18923090003773,10097486764357,1707721091,642,13
127,155,46800000000,1.000000,77673323583658,18752531878447,10097486764357,1707721091,642,13
127,160,46800000000,1.000000,77823249082204,18602606379901,10097486764357,1707721091,642,13
127,165,46800000000,1.000000,77980660430008,18445195032097,10097486764357,1707721091,642,13
127,170,46800000000,1.000000,78139815354298,18286040107807,10097486764357,1707721091,642,13
127,175,46800000000,1.000000,78274978942564,18150876519541,10097486764357,1707721091,642,13
127,180,46800000000,1.000000,78430185133462,17995670328643,10097486764357,1707721091,642,13
127,185,46800000000,1.000000,78592384213492,17833471248613,10097486764357,1707721091,642,13
127,190,46800000000,1.000000,78734961870880,17690893591225,10097486764357,1707721091,642,13
127,195,46800000000,1.000000,78884658496366,17541196965739,10097486764357,1707721091,642,13
128,0,60000000000,1.000000,92809832797679,2872928052356,10073800149965,2796982532,0,0
128,5,48000000000,0.362435,92265105588039,9404878313873,10082801798956,2750664257,61,3
128,10,36000000000,0.399942,85331553013395,25834775001004,10092588616043,2256943449,371,6
128,15,38700000000,0.450945,80643556040168,33304947507752,10094305389696,2059014396,653,10
128,20,41400000000,0.826709,70077094652267,30946958715450,10095330121111,2051662471,668,10
128,25,44100000000,0.900211,69020629861774,29593743943476,10095330121111,2051662471,668,10
128,30,46800000000,0.996953,69267771155442,26474113338126,10095330121111,2051662471,668,10
128,35,46800000000,1.000000,69554306909696,25391344922387,10095330121111,2051662471,668,10
128,40,46800000000,1.000000,69801048537030,25084536134233,10095330121111,2051662471,668,10
128,45,46800000000,1.000000,70031531262911,24854053408352,10095330121111,2051662471,668,10
128,50,46800000000,1.000000,70215112813841,24670471857422,10095330121111,2051662471,668,10
128,55,46800000000,1.000000,70391454807662,24494129863601,10095330121111,2051662471,668,10
128,60,46800000000,1.000000,70620947367758,24264637303505,10095330121111,2051662471,668,10
128,65,46800000000,1.000000,70838583468098,24047001203165,10095330121111,2051662471,668,10
128,70,46800000000,1.000000,71036484261254,23849100410009,10095330121111,2051662471,668,10
128,75,46800000000,1.000000,71247027489338,23638557181925,10095330121111,2051662471,668,10
128,80,46800000000,1.000000,71421099582002,23464485089261,10095330121111,2051662471,668,10
128,85,46800000000,1.000000,71591910868796,23293673802467,10095330121111,2051662471,668,10
128,90,46800000000,1.000000,71810156009900,23075428661363,10095330121111,2051662471,668,10
128,95,46800000000,1.000000,72017125775750,22868458895513,10095330121111,2051662471,668,10
128,100,46800000000,1.000000,72205327460834,22680257210429,10095330121111,2051662471,668,10
128,105,46800000000,1.000000,72405551975750,22480032695513,10095330121111,2051662471,668,10
128,110,46800000000,1.000000,72571092803876,22314491867387,10095330121111,2051662471,668,10
128,115,46800000000,1.000000,72733532638154,22152052033109,10095330121111,2051662471,668,10
128,120,46800000000,1.000000,72941081595836,21944503075427,10095330121111,2051662471,668,10
128,125,46800000000,1.000000,73137907783910,21747676887353,10095330121111,2051662471,668,10
128,130,46800000000,1.000000,73316885713676,21568698957587,10095330121111,2051662471,668,10
128,135,46800000000,1.000000,73507297235024,21378287436239,10095330121111,2051662471,668,10
128,140,46800000000,1.000000,73664724915290,21220859755973,10095330121111,2051662471,668,10
128,145,46800000000,1.000000,73819203581348,21066381089915,10095330121111,2051662471,668,10
128,150,46800000000,1.000000,74016580575002,20869004096261,10095330121111,2051662471,668,10
128,155,46800000000,1.000000,74203760321450,20681824349813,10095330121111,2051662471,668,10
128,160,46800000000,1.000000,74373966551876,20511618119387,10095330121111,2051662471,668,10
128,165,46800000000,1.000000,74555046014282,20330538656981,10095330121111,2051662471,668,10
128,170,46800000000,1.000000,74704758171866,20180826499397,10095330121111,2051662471,668,10
128,175,46800000000,1.000000,74851665846218,20033918825045,10095330121111,2051662471,668,10
128,180,46800000000,1.000000,75039369403250,19846215268013,10095330121111,2051662471,668,10
128,185,46800000000,1.000000,75217375479548,19668209191715,10095330121111,2051662471,668,10
128,190,46800000000,1.000000,75379239911144,19506344760119,10095330121111,2051662471,668,10
128,195,46800000000,1.000000,75551444678072,19334139993191,10095330121111,2051662471,668,10
129,0,60000000000,1.000000,106079291493544,2995729135331,10088857371125,3487292872,0,0
129,5,48000000000,0.403529,105410200279368,9056978457793,10098925870815,3430282700,49,5
129,10,36000000000,0.355837,98350533488996,30104361031717,10101110444832,2845532981,344,8
129,15,38700000000,0.622152,84328410639878,39745653012323,10107634439543,2327138129,623,13
129,20,41400000000,0.792185,78503938035005,38566710353741,10107975499507,2325336569,639,15
129,25,44100000000,0.912089,77211985313203,34913183166563,10107975499507,2325336569,639,15
129,30,46800000000,0.958801,77466295955248,32947001079289,10107975499507,2325336569,639,15
129,35,46800000000,1.000000,77855183807987,29505924791038,10107975499507,2325336569,639,15
129,40,46800000000,1.000000,78169544031900,29164623056685,10107975499507,2325336569,639,15
129,45,46800000000,1.000000,78404824841528,28929342247057,10107975499507,2325336569,639,15
129,50,46800000000,1.000000,78652180565576,28681986523009,10107975499507,2325336569,639,15
129,55,46800000000,1.000000,78842508955841,28491658132744,10107975499507,2325336569,639,15
129,60,46800000000,1.000000,79110572287769,28223594800816,10107975499507,2325336569,639,15
129,65,46800000000,1.000000,79361020604861,27973146483724,10107975499507,2325336569,639,15
129,70,46800000000,1.000000,79609652006189,27724515082396,10107975499507,2325336569,639,15
129,75,46800000000,1.000000,79820961613367,27513205475218,10107975499507,2325336569,639,15
129,80,46800000000,1.000000,80056065435761,27278101652824,10107975499507,2325336569,639,15
129,85,46800000000,1.000000,80238883677611,27095283410974,10107975499507,2325336569,639,15
129,90,46800000000,1.000000,80493809239031,26840357849554,10107975499507,2325336569,639,15
129,95,46800000000,1.000000,80731983096575,26602183992010,10107975499507,2325336569,639,15
129,100,46800000000,1.000000,80968429085387,26365738003198,10107975499507,2325336569,639,15
129,105,46800000000,1.000000,81169382419211,26164784669374,10107975499507,2325336569,639,15
129,110,46800000000,1.000000,81392963814983,25941203273602,10107975499507,2325336569,639,15
129,115,46800000000,1.000000,81566822143769,25767344944816,10107975499507,2325336569,639,15
129,120,46800000000,1.000000,81809253816161,25524913272424,10107975499507,2325336569,639,15
129,125,46800000000,1.000000,82035754784909,25298412303676,10107975499507,2325336569,639,15
129,130,46800000000,1.000000,82260612567635,25073554520950,10107975499507,2325336569,639,15
129,135,46800000000,1.000000,82451717188769,24882449899816,10107975499507,2325336569,639,15
129,140,46800000000,1.000000,82664340871595,24669826216990,10107975499507,2325336569,639,15
129,145,46800000000,1.000000,82829678412449,24504488676136,10107975499507,2325336569,639,15
129,150,46800000000,1.000000,83060228520701,24273938567884,10107975499507,2325336569,639,15
129,155,46800000000,1.000000,83275628688221,24058538400364,10107975499507,2325336569,639,15
129,160,46800000000,1.000000,83489466202151,23844700886434,10107975499507,2325336569,639,15
129,165,46800000000,1.000000,83671204795241,23662962293344,10107975499507,2325336569,639,15
129,170,46800000000,1.000000,83873407802027,23460759286558,10107975499507,2325336569,639,15
129,175,46800000000,1.000000,84030642158165,23303524930420,10107975499507,2325336569,639,15
129,180,46800000000,1.000000,84249893017121,23084274071464,10107975499507,2325336569,639,15
129,185,46800000000,1.000000,84454736433185,22879430655400,10107975499507,2325336569,639,15
129,190,46800000000,1.000000,84658093781339,22676073307246,10107975499507,2325336569,639,15
129,195,46800000000,1.000000,84830925375083,22503241713502,10107975499507,2325336569,639,15
130,0,60000000000,1.000000,100545579230828,2969165825273,10084974943899,2893311528,0,0
130,5,48000000000,0.553876,97981141479481,9926352203583,10120608344458,2743863784,56,2
130,10,36000000000,0.623705,88569043420305,23886116112468,10132785773591,2246981645,344,7
130,15,38700000000,0.640602,81349982223185,34522997557457,10134228729270,1805439238,650,7
130,20,41400000000,0.772709,78706674137771,32026579476421,10145825681834,1746326418,664,8
130,25,44100000000,0.863219,78257758360195,29188574974851,10145825681834,1746326418,664,8
130,30,46800000000,0.970549,78538963173366,25670979480872,10145825681834,1746326418,664,8
130,35,46800000000,1.000000,78823845141522,23425567952267,10145825681834,1746326418,664,8
130,40,46800000000,1.000000,79047791807672,23137549390797,10145825681834,1746326418,664,8
130,45,46800000000,1.000000,79253952924457,22931388274012,10145825681834,1746326418,664,8
130,50,46800000000,1.000000,79443807180649,22741534017820,10145825681834,1746326418,664,8
130,55,46800000000,1.000000,79628189110505,22557152087964,10145825681834,1746326418,664,8
130,60,46800000000,1.000000,79832506092143,22352835106326,10145825681834,1746326418,664,8
130,65,46800000000,1.000000,80023450650569,22161890547900,10145825681834,1746326418,664,8
130,70,46800000000,1.000000,80192821334195,21992519864274,10145825681834,1746326418,664,8
130,75,46800000000,1.000000,80376485196017,21808856002452,10145825681834,1746326418,664,8
130,80,46800000000,1.000000,80556457464119,21628883734350,10145825681834,1746326418,664,8
130,85,46800000000,1.000000,80733713987663,21451627210806,10145825681834,1746326418,664,8
130,90,46800000000,1.000000,80928017404007,21257323794462,10145825681834,1746326418,664,8
130,95,46800000000,1.000000,81109603779053,21075737419416,10145825681834,1746326418,664,8
130,100,46800000000,1.000000,81270673613891,20914667584578,10145825681834,1746326418,664,8
130,105,46800000000,1.000000,81445336119047,20740005079422,10145825681834,1746326418,664,8
130,110,46800000000,1.000000,81616487955233,20568853243236,10145825681834,1746326418,664,8
130,115,46800000000,1.000000,81785057145527,20400284052942,10145825681834,1746326418,664,8
130,120,46800000000,1.000000,81969837761249,20215503437220,10145825681834,1746326418,664,8
130,125,46800000000,1.000000,82142524597163,20042816601306,10145825681834,1746326418,664,8
130,130,46800000000,1.000000,82295700407411,19889640791058,10145825681834,1746326418,664,8
130,135,46800000000,1.000000,82461802711835,19723538486634,10145825681834,1746326418,664,8
130,140,46800000000,1.000000,82624566404945,19560774793524,10145825681834,1746326418,664,8
130,145,46800000000,1.000000,82784874027515,19400467170954,10145825681834,1746326418,664,8
130,150,46800000000,1.000000,82960598554541,19224742643928,10145825681834,1746326418,664,8
130,155,46800000000,1.000000,83124822017219,19060519181250,10145825681834,1746326418,664,8
130,160,46800000000,1.000000,83270490688763,18914850509706,10145825681834,1746326418,664,8
130,165,46800000000,1.000000,83428452327623,18756888870846,10145825681834,1746326418,664,8
130,170,46800000000,1.000000,83583238980317,18602102218152,10145825681834,1746326418,664,8
130,175,46800000000,1.000000,83735689934225,18449651264244,10145825681834,1746326418,664,8
130,180,46800000000,1.000000,83902802210909,18282538987560,10145825681834,1746326418,664,8
130,185,46800000000,1.000000,84058977089789,18126364108680,10145825681834,1746326418,664,8
130,190,46800000000,1.000000,84197506546991,17987834651478,10145825681834,1746326418,664,8
130,195,46800000000,1.000000,84347726493767,17837614704702,10145825681834,1746326418,664,8
131,0,60000000000,1.000000,125774271180974,3091942160065,10115208658961,4638656486,0,0
131,5,48000000000,0.355271,124853778542877,11252269751634,10130033372743,4560549433,52,2
131,10,36000000000,0.644437,102294427935302,41201376761289,10135281869551,3052296335,378,7
131,15,38700000000,0.668664,94590801789651,51224911577401,10138340568628,2776432765,664,12
131,20,41400000000,0.778991,89539703276695,50453420687787,10138960604912,2772997746,687,13
131,25,44100000000,0.910398,88918927190109,43852840067019,10138960604912,2772997746,687,13
131,30,46800000000,0.974624,89210473594539,40663867179673,10138960604912,2772997746,687,13
131,35,46800000000,1.000000,89710328562850,35802946868085,10138960604912,2772997746,687,13
131,40,46800000000,1.000000,90080901849814,35383601520381,10138960604912,2772997746,687,13
131,45,46800000000,1.000000,90414196686771,35050306683424,10138960604912,2772997746,687,13
131,50,46800000000,1.000000,90708966828669,34755536541526,10138960604912,2772997746,687,13
131,55,46800000000,1.000000,90919529659353,34544973710842,10138960604912,2772997746,687,13
131,60,46800000000,1.000000,91243131375045,34221371995150,10138960604912,2772997746,687,13
131,65,46800000000,1.000000,91548587164131,33915916206064,10138960604912,2772997746,687,13
131,70,46800000000,1.000000,91825316217465,33639187152730,10138960604912,2772997746,687,13
131,75,46800000000,1.000000,92127732839157,33336770531038,10138960604912,2772997746,687,13
131,80,46800000000,1.000000,92405565101895,33058938268300,10138960604912,2772997746,687,13
131,85,46800000000,1.000000,92612577075747,32851926294448,10138960604912,2772997746,687,13
131,90,46800000000,1.000000,92920319087607,32544184282588,10138960604912,2772997746,687,13
131,95,46800000000,1.000000,93210804503799,32253698866396,10138960604912,2772997746,687,13
131,100,46800000000,1.000000,93473971080033,31990532290162,10138960604912,2772997746,687,13
131,105,46800000000,1.000000,93761566278291,31702937091904,10138960604912,2772997746,687,13
131,110,46800000000,1.000000,94025781995727,31438721374468,10138960604912,2772997746,687,13
131,115,46800000000,1.000000,94222648322901,31241855047294,10138960604912,2772997746,687,13
131,120,46800000000,1.000000,94515307914015,30949195456180,10138960604912,2772997746,687,13
131,125,46800000000,1.000000,94791556654341,30672946715854,10138960604912,2772997746,687,13
131,130,46800000000,1.000000,95041825449843,30422677920352,10138960604912,2772997746,687,13
131,135,46800000000,1.000000,95315325621819,30149177748376,10138960604912,2772997746,687,13
131,140,46800000000,1.000000,95566592140131,29897911230064,10138960604912,2772997746,687,13
131,145,46800000000,1.000000,95753810058567,29710693311628,10138960604912,2772997746,687,13
131,150,46800000000,1.000000,96032126417619,29432376952576,10138960604912,2772997746,687,13
131,155,46800000000,1.000000,96294836221035,29169667149160,10138960604912,2772997746,687,13
131,160,46800000000,1.000000,96532839355371,28931664014824,10138960604912,2772997746,687,13
131,165,46800000000,1.000000,96792935297511,28671568072684,10138960604912,2772997746,687,13
131,170,46800000000,1.000000,97031887256235,28432616113960,10138960604912,2772997746,687,13
131,175,46800000000,1.000000,97209929633697,28254573736498,10138960604912,2772997746,687,13
131,180,46800000000,1.000000,97474605721977,27989897648218,10138960604912,2772997746,687,13
131,185,46800000000,1.000000,97724440131081,27740063239114,10138960604912,2772997746,687,13
131,190,46800000000,1.000000,97950778743675,27513724626520,10138960604912,2772997746,687,13
131,195,46800000000,1.000000,98198127396609,27266375973586,10138960604912,2772997746,687,13
132,0,60000000000,1.000000,113603398839260,2994008852208,10101034308532,3409723758,0,0
132,5,48000000000,0.507117,111430654002017,10143331523601,10123932233121,3279912213,78,3
132,10,36000000000,0.388529,105770150950755,27786709120590,10132335701639,2924461429,406,8
132,15,38700000000,0.657553,90732507871014,39251706099384,10155847100344,2189986534,701,11
132,20,41400000000,0.858333,84745167785154,37045129202310,10156234784592,2188008073,719,11
132,25,44100000000,0.940745,83996414317766,34595772747852,10156234784592,2188008073,719,11
132,30,46800000000,1.000000,84326908683250,30554811341874,10156234784592,2188008073,719,11
132,35,46800000000,1.000000,84670658528523,27932813062861,10156234784592,2188008073,719,11
132,40,46800000000,1.000000,84946891397993,27622733732111,10156234784592,2188008073,719,11
132,45,46800000000,1.000000,85191659246827,27377965883277,10156234784592,2188008073,719,11
132,50,46800000000,1.000000,85431733427023,27137891703081,10156234784592,2188008073,719,11
132,55,46800000000,1.000000,85616998217245,26952626912859,10156234784592,2188008073,719,11
132,60,46800000000,1.000000,85857403428925,26712221701179,10156234784592,2188008073,719,11
132,65,46800000000,1.000000,86098860273541,26470764856563,10156234784592,2188008073,719,11
132,70,46800000000,1.000000,86323441749187,26246183380917,10156234784592,2188008073,719,11
132,75,46800000000,1.000000,86528393295505,26041231834599,10156234784592,2188008073,719,11
132,80,46800000000,1.000000,86756752038937,25812873091167,10156234784592,2188008073,719,11
132,85,46800000000,1.000000,86937945096697,25631680033407,10156234784592,2188008073,719,11
132,90,46800000000,1.000000,87166568061097,25403057069007,10156234784592,2188008073,719,11
132,95,46800000000,1.000000,87396191117977,25173434012127,10156234784592,2188008073,719,11
132,100,46800000000,1.000000,87609765866695,24959859263409,10156234784592,2188008073,719,11
132,105,46800000000,1.000000,87804672747865,24764952382239,10156234784592,2188008073,719,11
132,110,46800000000,1.000000,88021839640735,24547785489369,10156234784592,2188008073,719,11
132,115,46800000000,1.000000,88194152435785,24375472694319,10156234784592,2188008073,719,11
132,120,46800000000,1.000000,88411570600087,24158054530017,10156234784592,2188008073,719,11
132,125,46800000000,1.000000,88629939842323,23939685287781,10156234784592,2188008073,719,11
132,130,46800000000,1.000000,88833047303149,23736577826955,10156234784592,2188008073,719,11
132,135,46800000000,1.000000,89018401807789,23551223322315,10156234784592,2188008073,719,11
132,140,46800000000,1.000000,89224925361955,23344699768149,10156234784592,2188008073,719,11
132,145,46800000000,1.000000,89388793115419,23180832014685,10156234784592,2188008073,719,11
132,150,46800000000,1.000000,89595555626323,22974069503781,10156234784592,2188008073,719,11
132,155,46800000000,1.000000,89803222602985,22766402527119,10156234784592,2188008073,719,11
132,160,46800000000,1.000000,89996375777437,22573249352667,10156234784592,2188008073,719,11
132,165,46800000000,1.000000,90172646067085,22396979063019,10156234784592,2188008073,719,11
132,170,46800000000,1.000000,90369047912113,22200577217991,10156234784592,2188008073,719,11
132,175,46800000000,1.000000,90524884515169,22044740614935,10156234784592,2188008073,719,11
132,180,46800000000,1.000000,90721513605697,21848111524407,10156234784592,2188008073,719,11
132,185,46800000000,1.000000,90919002834187,21650622295917,10156234784592,2188008073,719,11
132,190,46800000000,1.000000,91102689581197,21466935548907,10156234784592,2188008073,719,11
132,195,46800000000,1.000000,91270320872749,21299304257355,10156234784592,2188008073,719,11
133,0,60000000000,1.000000,100519145949947,2966176721477,10083406328576,3067219096,0,0
133,5,48000000000,0.701475,97270394735114,8782956795335,10137307530935,2841993939,55,4
133,10,36000000000,0.447053,91143846435684,27479279210027,10140193869919,2429663762,371,9
133,15,38700000000,0.486692,85854668012711,36104640186941,10142239384971,2133392145,666,15
133,20,41400000000,0.800223,76435692012516,33728136205455,10143010463153,2129404243,687,17
133,25,44100000000,0.860423,75639065120148,32294191678011,10143010463153,2129404243,687,17
133,30,46800000000,0.998984,75982177376960,27471445902191,10143010463153,2129404243,687,17
133,35,46800000000,1.000000,76250144514311,26393089644854,10143010463153,2129404243,687,17
133,40,46800000000,1.000000,76524150154777,26077888085328,10143010463153,2129404243,687,17
133,45,46800000000,1.000000,76760585589854,25841452650251,10143010463153,2129404243,687,17
133,50,46800000000,1.000000,76968607792400,25633430447705,10143010463153,2129404243,687,17
133,55,46800000000,1.000000,77160726161112,25441312078993,10143010463153,2129404243,687,17
133,60,46800000000,1.000000,77369028952368,25233009287737,10143010463153,2129404243,687,17
133,65,46800000000,1.000000,77596704918486,25005333321619,10143010463153,2129404243,687,17
133,70,46800000000,1.000000,77811820709760,24790217530345,10143010463153,2129404243,687,17
133,75,46800000000,1.000000,78026350446030,24575687794075,10143010463153,2129404243,687,17
133,80,46800000000,1.000000,78222518835546,24379519404559,10143010463153,2129404243,687,17
133,85,46800000000,1.000000,78407603575482,24194434664623,10143010463153,2129404243,687,17
133,90,46800000000,1.000000,78605697457314,23996340782791,10143010463153,2129404243,687,17
133,95,46800000000,1.000000,78822215035698,23779823204407,10143010463153,2129404243,687,17
133,100,46800000000,1.000000,79026788012724,23575250227381,10143010463153,2129404243,687,17
133,105,46800000000,1.000000,79230803657310,23371234582795,10143010463153,2129404243,687,17
133,110,46800000000,1.000000,79417357843992,23184680396113,10143010463153,2129404243,687,17
133,115,46800000000,1.000000,79593371590086,23008666650019,10143010463153,2129404243,687,17
133,120,46800000000,1.000000,79781756900688,22820281339417,10143010463153,2129404243,687,17
133,125,46800000000,1.000000,79987662963300,22614375276805,10143010463153,2129404243,687,17
133,130,46800000000,1.000000,80182209828762,22419828411343,10143010463153,2129404243,687,17
133,135,46800000000,1.000000,80376226676700,22225811563405,10143010463153,2129404243,687,17
133,140,46800000000,1.000000,80553637851990,22048400388115,10143010463153,2129404243,687,17
133,145,46800000000,1.000000,80721025173174,21881013066931,10143010463153,2129404243,687,17
133,150,46800000000,1.000000,80900177729070,21701860511035,10143010463153,2129404243,687,17
133,155,46800000000,1.000000,81095992345800,21506045894305,10143010463153,2129404243,687,17
133,160,46800000000,1.000000,81281004479142,21321033760963,10143010463153,2129404243,687,17
133,165,46800000000,1.000000,81465512571078,21136525669027,10143010463153,2129404243,687,17
133,170,46800000000,1.000000,81634228833474,20967809406631,10143010463153,2129404243,687,17
133,175,46800000000,1.000000,81793412510316,20808625729789,10143010463153,2129404243,687,17
133,180,46800000000,1.000000,81963784808370,20638253431735,10143010463153,2129404243,687,17
133,185,46800000000,1.000000,82150002560592,20452035679513,10143010463153,2129404243,687,17
133,190,46800000000,1.000000,82325947258578,20276090981527,10143010463153,2129404243,687,17
133,195,46800000000,1.000000,82501412618136,20100625621969,10143010463153,2129404243,687,17
134,0,60000000000,1.000000,106145904074307,3014044814168,10090689111525,3229239228,0,0
134,5,48000000000,0.463840,104430199446540,10137731239447,10118154051892,3105611462,49,1
134,10,36000000000,0.458517,96639534450058,27192062483443,10143086177247,2586224505,343,9
134,15,38700000000,0.589858,87106328818608,37296068876711,10144931294331,2142484540,624,13
134,20,41400000000,0.823085,79798803510421,35605626681286,10145367230724,2140242291,638,13
134,25,44100000000,0.922790,78819009200329,32820326162092,10145367230724,2140242291,638,13
134,30,46800000000,1.000000,79130652285399,29016294185809,10145367230724,2140242291,638,13
134,35,46800000000,1.000000,79444541096600,27105520806848,10145367230724,2140242291,638,13
134,40,46800000000,1.000000,79713426324922,26814027510846,10145367230724,2140242291,638,13
134,45,46800000000,1.000000,79953227656098,26574226179670,10145367230724,2140242291,638,13
134,50,46800000000,1.000000,80193091896900,26334361938868,10145367230724,2140242291,638,13
134,55,46800000000,1.000000,80372033276339,26155420559429,10145367230724,2140242291,638,13
134,60,46800000000,1.000000,80597269553471,25930184282297,10145367230724,2140242291,638,13
134,65,46800000000,1.000000,80824015365839,25703438469929,10145367230724,2140242291,638,13
134,70,46800000000,1.000000,81038114277731,25489339558037,10145367230724,2140242291,638,13
134,75,46800000000,1.000000,81253082999921,25274370835847,10145367230724,2140242291,638,13
134,80,46800000000,1.000000,81481171122665,25046282713103,10145367230724,2140242291,638,13
134,85,46800000000,1.000000,81653909111345,24873544724423,10145367230724,2140242291,638,13
134,90,46800000000,1.000000,81868106569931,24659347265837,10145367230724,2140242291,638,13
134,95,46800000000,1.000000,82083739581245,24443714254523,10145367230724,2140242291,638,13
134,100,46800000000,1.000000,82287345516173,24240108319595,10145367230724,2140242291,638,13
134,105,46800000000,1.000000,82491778631951,24035675203817,10145367230724,2140242291,638,13
134,110,46800000000,1.000000,82708688167085,23818765668683,10145367230724,2140242291,638,13
134,115,46800000000,1.000000,82872960275279,23654493560489,10145367230724,2140242291,638,13
134,120,46800000000,1.000000,83076659926967,23450793908801,10145367230724,2140242291,638,13
134,125,46800000000,1.000000,83281724775239,23245729060529,10145367230724,2140242291,638,13
134,130,46800000000,1.000000,83475351993395,23052101842373,10145367230724,2140242291,638,13
134,135,46800000000,1.000000,83669765852387,22857687983381,10145367230724,2140242291,638,13
134,140,46800000000,1.000000,83876044662191,22651409173577,10145367230724,2140242291,638,13
134,145,46800000000,1.000000,84032265802661,22495188033107,10145367230724,2140242291,638,13
134,150,46800000000,1.000000,84225982144649,22301471691119,10145367230724,2140242291,638,13
134,155,46800000000,1.000000,84420996774905,22106457060863,10145367230724,2140242291,638,13
134,160,46800000000,1.000000,84605134332695,21922319503073,10145367230724,2140242291,638,13
134,165,46800000000,1.000000,84790019978231,21737433857537,10145367230724,2140242291,638,13
134,170,46800000000,1.000000,84986189073773,21541264761995,10145367230724,2140242291,638,13
134,175,46800000000,1.000000,85134753823955,21392700011813,10145367230724,2140242291,638,13
134,180,46800000000,1.000000,85318976137697,21208477698071,10145367230724,2140242291,638,13
134,185,46800000000,1.000000,85504433110607,21023020725161,10145367230724,2140242291,638,13
134,190,46800000000,1.000000,85679546095961,20847907739807,10145367230724,2140242291,638,13
134,195,46800000000,1.000000,85855370505179,20672083330589,10145367230724,2140242291,638,13
135,0,60000000000,1.000000,93306689273433,2955942097259,10078782629308,2988518060,0,0
135,5,48000000000,0.638050,91882749016025,6825980015818,10103350032155,2889614739,52,0
135,10,36000000000,0.478040,82215948606252,29278461818338,10129192552496,2219760209,344,6
135,15,38700000000,0.636098,74306930471617,34432896010432,10131771501072,1774252051,623,7
135,20,41400000000,0.736407,71712946606167,33263734326308,10132814657453,1768890798,638,7
135,25,44100000000,0.850717,71048059575221,29575682124111,10132814657453,1768890798,638,7
135,30,46800000000,0.927358,71269576217130,26892547817408,10132814657453,1768890798,638,7
135,35,46800000000,1.000000,71574627148496,23752031019568,10132814657453,1768890798,638,7
135,40,46800000000,1.000000,71851638388099,23456647257905,10132814657453,1768890798,638,7
135,45,46800000000,1.000000,72043472168102,23264813477902,10132814657453,1768890798,638,7
135,50,46800000000,1.000000,72253080066386,23055205579618,10132814657453,1768890798,638,7
135,55,46800000000,1.000000,72399219912933,22909065733071,10132814657453,1768890798,638,7
135,60,46800000000,1.000000,72603314403831,22704971242173,10132814657453,1768890798,638,7
135,65,46800000000,1.000000,72806812023237,22501473622767,10132814657453,1768890798,638,7
135,70,46800000000,1.000000,73007189915025,22301095730979,10132814657453,1768890798,638,7
135,75,46800000000,1.000000,73182547020651,22125738625353,10132814657453,1768890798,638,7
135,80,46800000000,1.000000,73381893370977,21926392275027,10132814657453,1768890798,638,7
135,85,46800000000,1.000000,73521992059509,21786293586495,10132814657453,1768890798,638,7
135,90,46800000000,1.000000,73716083889561,21592201756443,10132814657453,1768890798,638,7
135,95,46800000000,1.000000,73909608100893,21398677545111,10132814657453,1768890798,638,7
135,100,46800000000,1.000000,74100165482277,21208120163727,10132814657453,1768890798,638,7
135,105,46800000000,1.000000,74266928344953,21041357301051,10132814657453,1768890798,638,7
135,110,46800000000,1.000000,74456504740575,20851780905429,10132814657453,1768890798,638,7
135,115,46800000000,1.000000,74589737199363,20718548446641,10132814657453,1768890798,638,7
135,120,46800000000,1.000000,74774316598497,20533969047507,10132814657453,1768890798,638,7
135,125,46800000000,1.000000,74958356197881,20349929448123,10132814657453,1768890798,638,7
135,130,46800000000,1.000000,75139574371401,20168711274603,10132814657453,1768890798,638,7
135,135,46800000000,1.000000,75298164194499,20010121451505,10132814657453,1768890798,638,7
135,140,46800000000,1.000000,75478449460425,19829836185579,10132814657453,1768890798,638,7
135,145,46800000000,1.000000,75605152203135,19703133442869,10132814657453,1768890798,638,7
135,150,46800000000,1.000000,75780685375293,19527600270711,10132814657453,1768890798,638,7
135,155,46800000000,1.000000,75955705203015,19352580442989,10132814657453,1768890798,638,7
135,160,46800000000,1.000000,76128041883015,19180243762989,10132814657453,1768890798,638,7
135,165,46800000000,1.000000,76278859226709,19029426419295,10132814657453,1768890798,638,7
135,170,46800000000,1.000000,76450308720867,18857976925137,10132814657453,1768890798,638,7
135,175,46800000000,1.000000,76570801768443,18737483877561,10132814657453,1768890798,638,7
135,180,46800000000,1.000000,76737732068475,18570553577529,10132814657453,1768890798,638,7
135,185,46800000000,1.000000,76904174183199,18404111462805,10132814657453,1768890798,638,7
135,190,46800000000,1.000000,77068064651109,18240220994895,10132814657453,1768890798,638,7
135,195,46800000000,1.000000,77211490444329,18096795201675,10132814657453,1768890798,638,7
136,0,60000000000,1.000000,112128494097831,3115637393392,10107904508777,4766993522,0,0
136,5,48000000000,0.266283,111607055735940,13619859831679,10118243919474,4734989723,59,2
136,10,36000000000,0.259132,105746874435770,36595241659891,10122153981083,4339910805,370,6
136,15,38700000000,0.315808,97721427046746,55436857954035,10123208028590,4140127370,632,8
136,20,41400000000,0.877353,69831385501011,51740988140434,10125534413588,4128206888,645,8
136,25,44100000000,0.915026,66863979464480,52853698048036,10125534413588,4128206888,645,8
136,30,46800000000,1.000000,67421688213138,46251660813346,10125534413588,4128206888,645,8
136,35,46800000000,1.000000,67833117360175,46748984080099,10125534413588,4128206888,645,8
136,40,46800000000,1.000000,68314025462217,46050989928977,10125534413588,4128206888,645,8
136,45,46800000000,1.000000,68681075293010,45683940098184,10125534413588,4128206888,645,8
136,50,46800000000,1.000000,69084739263530,45280276127664,10125534413588,4128206888,645,8
136,55,46800000000,1.000000,69390555605839,44974459785355,10125534413588,4128206888,645,8
136,60,46800000000,1.000000,69788500732165,44576514659029,10125534413588,4128206888,645,8
136,65,46800000000,1.000000,70174489512811,44190525878383,10125534413588,4128206888,645,8
136,70,46800000000,1.000000,70585954565611,43779060825583,10125534413588,4128206888,645,8
136,75,46800000000,1.000000,70918011940105,43447003451089,10125534413588,4128206888,645,8
136,80,46800000000,1.000000,71301050409991,43063964981203,10125534413588,4128206888,645,8
136,85,46800000000,1.000000,71594751614317,42770263776877,10125534413588,4128206888,645,8
136,90,46800000000,1.000000,71973193470037,42391821921157,10125534413588,4128206888,645,8
136,95,46800000000,1.000000,72340264959853,42024750431341,10125534413588,4128206888,645,8
136,100,46800000000,1.000000,72731564130979,41633451260215,10125534413588,4128206888,645,8
136,105,46800000000,1.000000,73047347389957,41317668001237,10125534413588,4128206888,645,8
136,110,46800000000,1.000000,73411613163529,40953402227665,10125534413588,4128206888,645,8
136,115,46800000000,1.000000,73690920086581,40674095304613,10125534413588,4128206888,645,8
136,120,46800000000,1.000000,74050814525815,40314200865379,10125534413588,4128206888,645,8
136,125,46800000000,1.000000,74399895860359,39965119530835,10125534413588,4128206888,645,8
136,130,46800000000,1.000000,74772017478619,39592997912575,10125534413588,4128206888,645,8
136,135,46800000000,1.000000,75072324215917,39292691175277,10125534413588,4128206888,645,8
136,140,46800000000,1.000000,75418737342181,38946278049013,10125534413588,4128206888,645,8
136,145,46800000000,1.000000,75684355446661,38680659944533,10125534413588,4128206888,645,8
136,150,46800000000,1.000000,76026611477311,38338403913883,10125534413588,4128206888,645,8
136,155,46800000000,1.000000,76358584352827,38006431038367,10125534413588,4128206888,645,8
136,160,46800000000,1.000000,76712468309005,37652547082189,10125534413588,4128206888,645,8
136,165,46800000000,1.000000,76998057028051,37366958363143,10125534413588,4128206888,645,8
136,170,46800000000,1.000000,77327492464303,37037522926891,10125534413588,4128206888,645,8
136,175,46800000000,1.000000,77580092638873,36784922752321,10125534413588,4128206888,645,8
136,180,46800000000,1.000000,77905574718517,36459440672677,10125534413588,4128206888,645,8
136,185,46800000000,1.000000,78221277619957,36143737771237,10125534413588,4128206888,645,8
136,190,46800000000,1.000000,78557817741073,35807197650121,10125534413588,4128206888,645,8
136,195,46800000000,1.000000,78829409771263,35535605619931,10125534413588,4128206888,645,8
137,0,60000000000,1.000000,107074353386047,3023258711117,10096945902836,3301575010,0,0
137,5,48000000000,0.542780,105945496379800,7630824163635,10107202569409,3210527407,66,3
137,10,36000000000,0.640710,91000328467329,29746974725762,10135055577410,2276563185,397,11
137,15,38700000000,0.651760,85603103168410,37522413629350,10135838371919,1957351290,678,14
137,20,41400000000,0.757510,82016470588305,37018452282299,10136231082511,1955349707,692,14
137,25,44100000000,0.874686,81794649869826,32312952502212,10136231082511,1955349707,692,14
137,30,46800000000,0.962476,82048645399793,29101687880628,10136231082511,1955349707,692,14
137,35,46800000000,1.000000,82357812865112,26205918054775,10136231082511,1955349707,692,14
137,40,46800000000,1.000000,82649634403222,25878763513145,10136231082511,1955349707,692,14
137,45,46800000000,1.000000,82892489161027,25635908755340,10136231082511,1955349707,692,14
137,50,46800000000,1.000000,83109408863437,25418989052930,10136231082511,1955349707,692,14
137,55,46800000000,1.000000,83277093302201,25251304614166,10136231082511,1955349707,692,14
137,60,46800000000,1.000000,83502129280529,25026268635838,10136231082511,1955349707,692,14
137,65,46800000000,1.000000,83715817995299,24812579921068,10136231082511,1955349707,692,14
137,70,46800000000,1.000000,83926480908737,24601917007630,10136231082511,1955349707,692,14
137,75,46800000000,1.000000,84144585684299,24383812232068,10136231082511,1955349707,692,14
137,80,46800000000,1.000000,84350130995885,24178266920482,10136231082511,1955349707,692,14
137,85,46800000000,1.000000,84514658460257,24013739456110,10136231082511,1955349707,692,14
137,90,46800000000,1.000000,84728665436465,23799732479902,10136231082511,1955349707,692,14
137,95,46800000000,1.000000,84931881277955,23596516638412,10136231082511,1955349707,692,14
137,100,46800000000,1.000000,85132219612565,23396178303802,10136231082511,1955349707,692,14
137,105,46800000000,1.000000,85339635083909,23188762832458,10136231082511,1955349707,692,14
137,110,46800000000,1.000000,85535106630119,22993291286248,10136231082511,1955349707,692,14
137,115,46800000000,1.000000,85691570611745,22836827304622,10136231082511,1955349707,692,14
137,120,46800000000,1.000000,85895089116719,22633308799648,10136231082511,1955349707,692,14
137,125,46800000000,1.000000,86088345359921,22440052556446,10136231082511,1955349707,692,14
137,130,46800000000,1.000000,86278865122751,22249532793616,10136231082511,1955349707,692,14
137,135,46800000000,1.000000,86476115172173,22052282744194,10136231082511,1955349707,692,14
137,140,46800000000,1.000000,86662006667729,21866391248638,10136231082511,1955349707,692,14
137,145,46800000000,1.000000,86810802357371,21717595558996,10136231082511,1955349707,692,14
137,150,46800000000,1.000000,87004346430701,21524051485666,10136231082511,1955349707,692,14
137,155,46800000000,1.000000,87188131195049,21340266721318,10136231082511,1955349707,692,14
137,160,46800000000,1.000000,87369313593713,21159084322654,10136231082511,1955349707,692,14
137,165,46800000000,1.000000,87556896428159,20971501488208,10136231082511,1955349707,692,14
137,170,46800000000,1.000000,87733677390725,20794720525642,10136231082511,1955349707,692,14
137,175,46800000000,1.000000,87875180611127,20653217305240,10136231082511,1955349707,692,14
137,180,46800000000,1.000000,88059239098931,20469158817436,10136231082511,1955349707,692,14
137,185,46800000000,1.000000,88234016581109,20294381335258,10136231082511,1955349707,692,14
137,190,46800000000,1.000000,88406319239387,20122078676980,10136231082511,1955349707,692,14
137,195,46800000000,1.000000,88584708648377,19943689267990,10136231082511,1955349707,692,14
138,0,60000000000,1.000000,98898349670447,2898266204635,10079371124918,2891143330,0,0
138,5,48000000000,0.486968,98085938720404,7600732664522,10088736487582,2827450697,62,2
138,10,36000000000,0.592582,85846548651409,26894129649341,10092457157042,2056948288,365,3
138,15,38700000000,0.713516,78004015826869,33324248171654,10094586141879,1667662824,625,5
138,20,41400000000,0.802021,75699959134747,32519385364621,10094804242025,1666493499,646,6
138,25,44100000000,0.937101,75405471938229,28146079724689,10094804242025,1666493499,646,6
138,30,46800000000,1.000000,75633255673764,25426628944385,10094804242025,1666493499,646,6
138,35,46800000000,1.000000,75909600500988,22698395241461,10094804242025,1666493499,646,6
138,40,46800000000,1.000000,76176979605482,22319283388047,10094804242025,1666493499,646,6
138,45,46800000000,1.000000,76380865881997,22115397111532,10094804242025,1666493499,646,6
138,50,46800000000,1.000000,76568659659529,21927603334000,10094804242025,1666493499,646,6
138,55,46800000000,1.000000,76712357917601,21783905075928,10094804242025,1666493499,646,6
138,60,46800000000,1.000000,76907573744693,21588689248836,10094804242025,1666493499,646,6
138,65,46800000000,1.000000,77088371952371,21407891041158,10094804242025,1666493499,646,6
138,70,46800000000,1.000000,77277767330729,21218495662800,10094804242025,1666493499,646,6
138,75,46800000000,1.000000,77467259958011,21029003035518,10094804242025,1666493499,646,6
138,80,46800000000,1.000000,77641488476693,20854774516836,10094804242025,1666493499,646,6
138,85,46800000000,1.000000,77779985996699,20716276996830,10094804242025,1666493499,646,6
138,90,46800000000,1.000000,77965634305739,20530628687790,10094804242025,1666493499,646,6
138,95,46800000000,1.000000,78137571602201,20358691391328,10094804242025,1666493499,646,6
138,100,46800000000,1.000000,78317684722379,20178578271150,10094804242025,1666493499,646,6
138,105,46800000000,1.000000,78497890325393,19998372668136,10094804242025,1666493499,646,6
138,110,46800000000,1.000000,78663579913139,19832683080390,10094804242025,1666493499,646,6
138,115,46800000000,1.000000,78795289676651,19700973316878,10094804242025,1666493499,646,6
138,120,46800000000,1.000000,78971839371353,19524423622176,10094804242025,1666493499,646,6
138,125,46800000000,1.000000,79135350029429,19360912964100,10094804242025,1666493499,646,6
138,130,46800000000,1.000000,79306635814589,19189627178940,10094804242025,1666493499,646,6
138,135,46800000000,1.000000,79478009549969,19018253443560,10094804242025,1666493499,646,6
138,140,46800000000,1.000000,79635578699267,18860684294262,10094804242025,1666493499,646,6
138,145,46800000000,1.000000,79760833373999,18735429619530,10094804242025,1666493499,646,6
138,150,46800000000,1.000000,79928730376991,18567532616538,10094804242025,1666493499,646,6
138,155,46800000000,1.000000,80084227386017,18412035607512,10094804242025,1666493499,646,6
138,160,46800000000,1.000000,80247118463303,18249144530226,10094804242025,1666493499,646,6
138,165,46800000000,1.000000,80410093180553,18086169812976,10094804242025,1666493499,646,6
138,170,46800000000,1.000000,80559939873647,17936323119882,10094804242025,1666493499,646,6
138,175,46800000000,1.000000,80679055822985,17817207170544,10094804242025,1666493499,646,6
138,180,46800000000,1.000000,80838724202333,17657538791196,10094804242025,1666493499,646,6
138,185,46800000000,1.000000,80986600310729,17509662682800,10094804242025,1666493499,646,6
138,190,46800000000,1.000000,81141508104689,17354754888840,10094804242025,1666493499,646,6
138,195,46800000000,1.000000,81296495439269,17199767554260,10094804242025,1666493499,646,6
139,0,60000000000,1.000000,99194363192778,2971978835710,10088020971512,3087952442,0,0
139,5,48000000000,0.305845,98668195487099,11403178233502,10098560448660,3050220158,50,2
139,10,36000000000,0.476809,91393785886578,22561728035238,10102936053082,2530686507,384,6
139,15,38700000000,0.502185,83574522063079,36987889122822,10105076898127,2164224574,670,7
139,20,41400000000,0.814392,74594219467408,33835055274574,10105161391592,2163787515,679,8
139,25,44100000000,0.861502,73475476732786,33283405526538,10105161391592,2163787515,679,8
139,30,46800000000,0.998672,73839790401583,28347051891085,10105161391592,2163787515,679,8
139,35,46800000000,1.000000,74133998585813,27017576910818,10105161391592,2163787515,679,8
139,40,46800000000,1.000000,74410802650643,26672557092728,10105161391592,2163787515,679,8
139,45,46800000000,1.000000,74606726998096,26476632745275,10105161391592,2163787515,679,8
139,50,46800000000,1.000000,74846158061644,26237201681727,10105161391592,2163787515,679,8
139,55,46800000000,1.000000,75049741297603,26033618445768,10105161391592,2163787515,679,8
139,60,46800000000,1.000000,75282241209145,25801118534226,10105161391592,2163787515,679,8
139,65,46800000000,1.000000,75511363794463,25571995948908,10105161391592,2163787515,679,8
139,70,46800000000,1.000000,75726911739919,25356448003452,10105161391592,2163787515,679,8
139,75,46800000000,1.000000,75902281447195,25181078296176,10105161391592,2163787515,679,8
139,80,46800000000,1.000000,76129771955227,24953587788144,10105161391592,2163787515,679,8
139,85,46800000000,1.000000,76325647617499,24757712125872,10105161391592,2163787515,679,8
139,90,46800000000,1.000000,76546752719977,24536607023394,10105161391592,2163787515,679,8
139,95,46800000000,1.000000,76764646018879,24318713724492,10105161391592,2163787515,679,8
139,100,46800000000,1.000000,76969629970327,24113729773044,10105161391592,2163787515,679,8
139,105,46800000000,1.000000,77136404816911,23946954926460,10105161391592,2163787515,679,8
139,110,46800000000,1.000000,77352746026525,23730613716846,10105161391592,2163787515,679,8
139,115,46800000000,1.000000,77539021832299,23544337911072,10105161391592,2163787515,679,8
139,120,46800000000,1.000000,77749290584863,23334069158508,10105161391592,2163787515,679,8
139,125,46800000000,1.000000,77956504944217,23126854799154,10105161391592,2163787515,679,8
139,130,46800000000,1.000000,78151442642347,22931917101024,10105161391592,2163787515,679,8
139,135,46800000000,1.000000,78310043862097,22773315881274,10105161391592,2163787515,679,8
139,140,46800000000,1.000000,78515782199803,22567577543568,10105161391592,2163787515,679,8
139,145,46800000000,1.000000,78692928637801,22390431105570,10105161391592,2163787515,679,8
139,150,46800000000,1.000000,78892892129137,22190467614234,10105161391592,2163787515,679,8
139,155,46800000000,1.000000,79089950922961,21993408820410,10105161391592,2163787515,679,8
139,160,46800000000,1.000000,79275334734229,21808025009142,10105161391592,2163787515,679,8
139,165,46800000000,1.000000,79426162916113,21657196827258,10105161391592,2163787515,679,8
139,170,46800000000,1.000000,79621818028147,21461541715224,10105161391592,2163787515,679,8
139,175,46800000000,1.000000,79790282528041,21293077215330,10105161391592,2163787515,679,8
139,180,46800000000,1.000000,79980445818631,21102913924740,10105161391592,2163787515,679,8
139,185,46800000000,1.000000,80167846770769,20915512972602,10105161391592,2163787515,679,8
139,190,46800000000,1.000000,80344144930747,20739214812624,10105161391592,2163787515,679,8
139,195,46800000000,1.000000,80487581030863,20595778712508,10105161391592,2163787515,679,8
140,0,60000000000,1.000000,101352309745133,2950299989812,10082683265055,2942688414,0,0
140,5,48000000000,0.697250,98949793889007,7622958318802,10120393835101,2790542859,58,6
140,10,36000000000,0.508732,90877161893103,26304661485244,10126108606198,2312089373,372,13
140,15,38700000000,0.717231,79769855847202,34131355229137,10135386675720,1828316966,671,19
140,20,41400000000,0.842982,76517107076562,32898081888268,10135699661819,1826706933,683,20
140,25,44100000000,0.957221,76186340962375,29317421500774,10135699661819,1826706933,683,20
140,30,46800000000,1.000000,76438640115212,26661071362288,10135699661819,1826706933,683,20
140,35,46800000000,1.000000,76715462008492,24212175422708,10135699661819,1826706933,683,20
140,40,46800000000,1.000000,76983257450399,23905796522881,10135699661819,1826706933,683,20
140,45,46800000000,1.000000,77193705322831,23695348650449,10135699661819,1826706933,683,20
140,50,46800000000,1.000000,77399785820081,23489268153199,10135699661819,1826706933,683,20
140,55,46800000000,1.000000,77562707402902,23326346570378,10135699661819,1826706933,683,20
140,60,46800000000,1.000000,77769393524800,23119660448480,10135699661819,1826706933,683,20
140,65,46800000000,1.000000,77961700320406,22927353652874,10135699661819,1826706933,683,20
140,70,46800000000,1.000000,78161627851516,22727426121764,10135699661819,1826706933,683,20
140,75,46800000000,1.000000,78355024350682,22534029622598,10135699661819,1826706933,683,20
140,80,46800000000,1.000000,78547888722724,22341165250556,10135699661819,1826706933,683,20
140,85,46800000000,1.000000,78705930463288,22183123509992,10135699661819,1826706933,683,20
140,90,46800000000,1.000000,78902486908582,21986567064698,10135699661819,1826706933,683,20
140,95,46800000000,1.000000,79085368757668,21803685215612,10135699661819,1826706933,683,20
140,100,46800000000,1.000000,79275497850412,21613556122868,10135699661819,1826706933,683,20
140,105,46800000000,1.000000,79459415996716,21429637976564,10135699661819,1826706933,683,20
140,110,46800000000,1.000000,79642828095688,21246225877592,10135699661819,1826706933,683,20
140,115,46800000000,1.000000,79793124218446,21095929754834,10135699661819,1826706933,683,20
140,120,46800000000,1.000000,79980047442202,20909006531078,10135699661819,1826706933,683,20
140,125,46800000000,1.000000,80153966260990,20735087712290,10135699661819,1826706933,683,20
140,130,46800000000,1.000000,80334777136516,20554276836764,10135699661819,1826706933,683,20
140,135,46800000000,1.000000,80509681463800,20379372509480,10135699661819,1826706933,683,20
140,140,46800000000,1.000000,80684104544980,20204949428300,10135699661819,1826706933,683,20
140,145,46800000000,1.000000,80827034662246,20062019311034,10135699661819,1826706933,683,20
140,150,46800000000,1.000000,81004796788192,19884257185088,10135699661819,1826706933,683,20
140,155,46800000000,1.000000,81170191854334,19718862118946,10135699661819,1826706933,683,20
140,160,46800000000,1.000000,81342141197878,19546912775402,10135699661819,1826706933,683,20
140,165,46800000000,1.000000,81508473472810,19380580500470,10135699661819,1826706933,683,20
140,170,46800000000,1.000000,81674348087464,19214705885816,10135699661819,1826706933,683,20
140,175,46800000000,1.000000,81810273206794,19078780766486,10135699661819,1826706933,683,20
140,180,46800000000,1.000000,81979323219928,18909730753352,10135699661819,1826706933,683,20
140,185,46800000000,1.000000,82136612282128,18752441691152,10135699661819,1826706933,683,20
140,190,46800000000,1.000000,82300134396946,18588919576334,10135699661819,1826706933,683,20
140,195,46800000000,1.000000,82458314735302,18430739237978,10135699661819,1826706933,683,20
141,0,60000000000,1.000000,111198287328439,3132382323737,10100429347824,3903500266,0,0
141,5,48000000000,0.323338,110353641466076,12262861120375,10112408056291,3835446586,51,2
141,10,36000000000,0.390451,102192145750854,31043736742217,10117905213573,3279755913,333,6
141,15,38700000000,0.447526,94125546436016,45105983104289,10119460584695,2960638004,607,10
141,20,41400000000,0.847967,78327492291498,42435178326945,10119957213342,2957649574,621,11
141,25,44100000000,0.910669,76885073264771,41097317588130,10119957213342,2957649574,621,11
141,30,46800000000,1.000000,77262751266135,36379920634092,10119957213342,2957649574,621,11
141,35,46800000000,1.000000,77624637179864,35344152300789,10119957213342,2957649574,621,11
141,40,46800000000,1.000000,77914480955869,34930794684964,10119957213342,2957649574,621,11
141,45,46800000000,1.000000,78272665870367,34572609770466,10119957213342,2957649574,621,11
141,50,46800000000,1.000000,78593397983591,34251877657242,10119957213342,2957649574,621,11
141,55,46800000000,1.000000,78821263645811,34024011995022,10119957213342,2957649574,621,11
141,60,46800000000,1.000000,79130048026451,33715227614382,10119957213342,2957649574,621,11
141,65,46800000000,1.000000,79421853070967,33423422569866,10119957213342,2957649574,621,11
141,70,46800000000,1.000000,79655394092081,33189881548752,10119957213342,2957649574,621,11
141,75,46800000000,1.000000,79966121866865,32879153773968,10119957213342,2957649574,621,11
141,80,46800000000,1.000000,80270926704233,32574348936600,10119957213342,2957649574,621,11
141,85,46800000000,1.000000,80488778754047,32356496886786,10119957213342,2957649574,621,11
141,90,46800000000,1.000000,80782429627649,32062846013184,10119957213342,2957649574,621,11
141,95,46800000000,1.000000,81059933321513,31785342319320,10119957213342,2957649574,621,11
141,100,46800000000,1.000000,81282028508801,31563247132032,10119957213342,2957649574,621,11
141,105,46800000000,1.000000,81577527530903,31267748109930,10119957213342,2957649574,621,11
141,110,46800000000,1.000000,81867393898445,30977881742388,10119957213342,2957649574,621,11
141,115,46800000000,1.000000,82074569030093,30770706610740,10119957213342,2957649574,621,11
141,120,46800000000,1.000000,82353828089015,30491447551818,10119957213342,2957649574,621,11
141,125,46800000000,1.000000,82617731340737,30227544300096,10119957213342,2957649574,621,11
141,130,46800000000,1.000000,82828941654029,30016333986804,10119957213342,2957649574,621,11
141,135,46800000000,1.000000,83109958283651,29735317357182,10119957213342,2957649574,621,11
141,140,46800000000,1.000000,83385618314999,29459657325834,10119957213342,2957649574,621,11
141,145,46800000000,1.000000,83582639803835,29262635836998,10119957213342,2957649574,621,11
141,150,46800000000,1.000000,83848212390179,28997063250654,10119957213342,2957649574,621,11
141,155,46800000000,1.000000,84099181756619,28746093884214,10119957213342,2957649574,621,11
141,160,46800000000,1.000000,84300040662887,28545234977946,10119957213342,2957649574,621,11
141,165,46800000000,1.000000,84567284681561,28277990959272,10119957213342,2957649574,621,11
141,170,46800000000,1.000000,84829434628379,28015841012454,10119957213342,2957649574,621,11
141,175,46800000000,1.000000,85016800103807,27828475537026,10119957213342,2957649574,621,11
141,180,46800000000,1.000000,85269356990885,27575918649948,10119957213342,2957649574,621,11
141,185,46800000000,1.000000,85508026361297,27337249279536,10119957213342,2957649574,621,11
141,190,46800000000,1.000000,85699041182651,27146234458182,10119957213342,2957649574,621,11
141,195,46800000000,1.000000,85953187585211,26892088055622,10119957213342,2957649574,621,11
142,0,60000000000,1.000000,101567408281389,3008576208901,10086890509710,3126527320,0,0
142,5,48000000000,0.412402,101019645501994,8594780725218,10098723108032,3090171964,59,5
142,10,36000000000,0.449593,91624277502107,28755609829623,10110272614908,2414649162,381,8
142,15,38700000000,0.639884,81382995773371,36204571180527,10113135785139,1826780637,667,9
142,20,41400000000,0.763308,77960718650276,34832910233911,10113924292844,1822760545,683,9
142,25,44100000000,0.873248,77801831966548,30629466822459,10113924292844,1822760545,683,9
142,30,46800000000,0.954189,78015559882112,27807257855012,10113924292844,1822760545,683,9
142,35,46800000000,1.000000,78343748254231,24656316752309,10113924292844,1822760545,683,9
142,40,46800000000,1.000000,78618852682826,24327314406934,10113924292844,1822760545,683,9
142,45,46800000000,1.000000,78837661745754,24108505344006,10113924292844,1822760545,683,9
142,50,46800000000,1.000000,79035241554114,23910925535646,10113924292844,1822760545,683,9
142,55,46800000000,1.000000,79186769526123,23759397563637,10113924292844,1822760545,683,9
142,60,46800000000,1.000000,79407051507135,23539115582625,10113924292844,1822760545,683,9
142,65,46800000000,1.000000,79616329573725,23329837516035,10113924292844,1822760545,683,9
142,70,46800000000,1.000000,79821670700217,23124496389543,10113924292844,1822760545,683,9
142,75,46800000000,1.000000,80018624019405,22927543070355,10113924292844,1822760545,683,9
142,80,46800000000,1.000000,80204744897913,22741422191847,10113924292844,1822760545,683,9
142,85,46800000000,1.000000,80351216393799,22594950695961,10113924292844,1822760545,683,9
142,90,46800000000,1.000000,80560702365909,22385464723851,10113924292844,1822760545,683,9
142,95,46800000000,1.000000,80759723724909,22186443364851,10113924292844,1822760545,683,9
142,100,46800000000,1.000000,80955001093041,21991165996719,10113924292844,1822760545,683,9
142,105,46800000000,1.000000,81142301739843,21803865349917,10113924292844,1822760545,683,9
142,110,46800000000,1.000000,81319300843359,21626866246401,10113924292844,1822760545,683,9
142,115,46800000000,1.000000,81458593778517,21487573311243,10113924292844,1822760545,683,9
142,120,46800000000,1.000000,81657812853597,21288354236163,10113924292844,1822760545,683,9
142,125,46800000000,1.000000,81847080185721,21099086904039,10113924292844,1822760545,683,9
142,130,46800000000,1.000000,82032787019901,20913380069859,10113924292844,1822760545,683,9
142,135,46800000000,1.000000,82210908071211,20735259018549,10113924292844,1822760545,683,9
142,140,46800000000,1.000000,82379232457521,20566934632239,10113924292844,1822760545,683,9
142,145,46800000000,1.000000,82511698652895,20434468436865,10113924292844,1822760545,683,9
142,150,46800000000,1.000000,82701154011021,20245013078739,10113924292844,1822760545,683,9
142,155,46800000000,1.000000,82881145360605,20065021729155,10113924292844,1822760545,683,9
142,160,46800000000,1.000000,83057750712069,19888416377691,10113924292844,1822760545,683,9
142,165,46800000000,1.000000,83227142059695,19719025030065,10113924292844,1822760545,683,9
142,170,46800000000,1.000000,83387216876127,19558950213633,10113924292844,1822760545,683,9
142,175,46800000000,1.000000,83513190909885,19432976179875,10113924292844,1822760545,683,9
142,180,46800000000,1.000000,83693361070395,19252806019365,10113924292844,1822760545,683,9
142,185,46800000000,1.000000,83864531052945,19081636036815,10113924292844,1822760545,683,9
142,190,46800000000,1.000000,84032480984907,18913686104853,10113924292844,1822760545,683,9
142,195,46800000000,1.000000,84193570470969,18752596618791,10113924292844,1822760545,683,9
143,0,60000000000,1.000000,90994961214972,2906965232647,10073700552381,2546332974,0,0
143,5,48000000000,0.479442,90311751756313,7465389297047,10084655734203,2494884596,56,3
143,10,36000000000,0.457742,83708783956292,22230118400975,10091194922991,2027541108,354,4
143,15,38700000000,0.573670,76572649874622,30172954052666,10093657566360,1805300521,633,8
143,20,41400000000,0.788606,71362613958689,28555524264445,10093942503702,1803840617,647,8
143,25,44100000000,0.888406,69979499447217,26904575399790,10093942503702,1803840617,647,8
143,30,46800000000,0.986344,70252044881394,23956785864452,10093942503702,1803840617,647,8
143,35,46800000000,1.000000,70472853400767,22758475456530,10093942503702,1803840617,647,8
143,40,46800000000,1.000000,70712133000792,22370101945605,10093942503702,1803840617,647,8
143,45,46800000000,1.000000,70914133295822,22168101650575,10093942503702,1803840617,647,8
143,50,46800000000,1.000000,71103360533426,21978874412971,10093942503702,1803840617,647,8
143,55,46800000000,1.000000,71274324813857,21807910132540,10093942503702,1803840617,647,8
143,60,46800000000,1.000000,71442301309343,21639933637054,10093942503702,1803840617,647,8
143,65,46800000000,1.000000,71630196671045,21452038275352,10093942503702,1803840617,647,8
143,70,46800000000,1.000000,71820471546203,21261763400194,10093942503702,1803840617,647,8
143,75,46800000000,1.000000,71999765128607,21082469817790,10093942503702,1803840617,647,8
143,80,46800000000,1.000000,72179726605679,20902508340718,10093942503702,1803840617,647,8
143,85,46800000000,1.000000,72343129379549,20739105566848,10093942503702,1803840617,647,8
143,90,46800000000,1.000000,72502873355501,20579361590896,10093942503702,1803840617,647,8
143,95,46800000000,1.000000,72681559974839,20400674971558,10093942503702,1803840617,647,8
143,100,46800000000,1.000000,72862509487853,20219725458544,10093942503702,1803840617,647,8
143,105,46800000000,1.000000,73033015900829,20049219045568,10093942503702,1803840617,647,8
143,110,46800000000,1.000000,73204157474843,19878077471554,10093942503702,1803840617,647,8
143,115,46800000000,1.000000,73359551887043,19722683059354,10093942503702,1803840617,647,8
143,120,46800000000,1.000000,73511466818585,19570768127812,10093942503702,1803840617,647,8
143,125,46800000000,1.000000,73681396015709,19400838930688,10093942503702,1803840617,647,8
143,130,46800000000,1.000000,73853477202161,19228757744236,10093942503702,1803840617,647,8
143,135,46800000000,1.000000,74015627104175,19066607842222,10093942503702,1803840617,647,8
143,140,46800000000,1.000000,74178381038357,18903853908040,10093942503702,1803840617,647,8
143,145,46800000000,1.000000,74326159577993,18756075368404,10093942503702,1803840617,647,8
143,150,46800000000,1.000000,74470629166307,18611605780090,10093942503702,1803840617,647,8
143,155,46800000000,1.000000,74632230141965,18450004804432,10093942503702,1803840617,647,8
143,160,46800000000,1.000000,74795877638195,18286357308202,10093942503702,1803840617,647,8
143,165,46800000000,1.000000,74950080581747,18132154364650,10093942503702,1803840617,647,8
143,170,46800000000,1.000000,75104857953659,17977376992738,10093942503702,1803840617,647,8
143,175,46800000000,1.000000,75245393874461,17836841071936,10093942503702,1803840617,647,8
143,180,46800000000,1.000000,75382783015511,17699451930886,10093942503702,1803840617,647,8
143,185,46800000000,1.000000,75536463935357,17545771011040,10093942503702,1803840617,647,8
143,190,46800000000,1.000000,75692091075887,17390143870510,10093942503702,1803840617,647,8
143,195,46800000000,1.000000,75838736540777,17243498405620,10093942503702,1803840617,647,8
144,0,60000000000,1.000000,109498004089044,3061321812550,10095545098406,3376529444,0,0
144,5,48000000000,0.450482,108258635754659,9506422641045,10113761160631,3299372767,51,1
144,10,36000000000,0.313616,101907818931359,33895494292402,10116876177003,2873051676,333,6
144,15,38700000000,0.536331,91129407850328,39912496195203,10119165070294,2413337168,603,7
144,20,41400000000,0.868870,79611659288606,37887518284526,10123888880960,2389252455,618,8
144,25,44100000000,0.948338,79024192664174,35332120949339,10123888880960,2389252455,618,8
144,30,46800000000,1.000000,79343816420607,32129505938317,10123888880960,2389252455,618,8
144,35,46800000000,1.000000,79712632178673,30000726979231,10123888880960,2389252455,618,8
144,40,46800000000,1.000000,80040935786507,29625104621297,10123888880960,2389252455,618,8
144,45,46800000000,1.000000,80253355428974,29412684978830,10123888880960,2389252455,618,8
144,50,46800000000,1.000000,80496711942512,29169328465292,10123888880960,2389252455,618,8
144,55,46800000000,1.000000,80716520690180,28949519717624,10123888880960,2389252455,618,8
144,60,46800000000,1.000000,80984852918048,28681187489756,10123888880960,2389252455,618,8
144,65,46800000000,1.000000,81243971032430,28422069375374,10123888880960,2389252455,618,8
144,70,46800000000,1.000000,81500713925330,28165326482474,10123888880960,2389252455,618,8
144,75,46800000000,1.000000,81693977609510,27972062798294,10123888880960,2389252455,618,8
144,80,46800000000,1.000000,81925416152720,27740624255084,10123888880960,2389252455,618,8
144,85,46800000000,1.000000,82135335185234,27530705222570,10123888880960,2389252455,618,8
144,90,46800000000,1.000000,82390516463996,27275523943808,10123888880960,2389252455,618,8
144,95,46800000000,1.000000,82636935212456,27029105195348,10123888880960,2389252455,618,8
144,100,46800000000,1.000000,82881095149034,26784945258770,10123888880960,2389252455,618,8
144,105,46800000000,1.000000,83064886989578,26601153418226,10123888880960,2389252455,618,8
144,110,46800000000,1.000000,83284982741204,26381057666600,10123888880960,2389252455,618,8
144,115,46800000000,1.000000,83484613652210,26181426755594,10123888880960,2389252455,618,8
144,120,46800000000,1.000000,83727288509204,25938751898600,10123888880960,2389252455,618,8
144,125,46800000000,1.000000,83961630286940,25704410120864,10123888880960,2389252455,618,8
144,130,46800000000,1.000000,84193823957198,25472216450606,10123888880960,2389252455,618,8
144,135,46800000000,1.000000,84368608168994,25297432238810,10123888880960,2389252455,618,8
144,140,46800000000,1.000000,84577917038924,25088123368880,10123888880960,2389252455,618,8
144,145,46800000000,1.000000,84767764049078,24898276358726,10123888880960,2389252455,618,8
144,150,46800000000,1.000000,84998545423508,24667494984296,10123888880960,2389252455,618,8
144,155,46800000000,1.000000,85221402122504,24444638285300,10123888880960,2389252455,618,8
144,160,46800000000,1.000000,85442215992626,24223824415178,10123888880960,2389252455,618,8
144,165,46800000000,1.000000,85608434038814,24057606368990,10123888880960,2389252455,618,8
144,170,46800000000,1.000000,85807484691386,23858555716418,10123888880960,2389252455,618,8
144,175,46800000000,1.000000,85988027309066,23678013098738,10123888880960,2389252455,618,8
144,180,46800000000,1.000000,86207498099858,23458542307946,10123888880960,2389252455,618,8
144,185,46800000000,1.000000,86419432603112,23246607804692,10123888880960,2389252455,618,8
144,190,46800000000,1.000000,86629424396330,23036616011474,10123888880960,2389252455,618,8
144,195,46800000000,1.000000,86787496104452,22878544303352,10123888880960,2389252455,618,8
145,0,60000000000,1.000000,102243228744629,2917760109526,10083645145845,2934685254,0,0
145,5,48000000000,0.421678,101959486876008,7571966935946,10092218225941,2919993397,47,1
145,10,36000000000,0.559127,90863195378055,25514686551765,10115492066139,2306746872,382,7
145,15,38700000000,0.700926,81408341320871,33834704289229,10120663316622,1936960735,655,9
145,20,41400000000,0.853854,76395732049870,33643898623972,10121937056821,1930468694,669,9
145,25,44100000000,0.972934,76063846572597,29867246738087,10121937056821,1930468694,669,9
145,30,46800000000,1.000000,76320217358576,27460743862364,10121937056821,1930468694,669,9
145,35,46800000000,1.000000,76599433035173,25354460512607,10121937056821,1930468694,669,9
145,40,46800000000,1.000000,76889186528819,24936142014281,10121937056821,1930468694,669,9
145,45,46800000000,1.000000,77096232058376,24729096484724,10121937056821,1930468694,669,9
145,50,46800000000,1.000000,77315962266692,24509366276408,10121937056821,1930468694,669,9
145,55,46800000000,1.000000,77482372280717,24342956262383,10121937056821,1930468694,669,9
145,60,46800000000,1.000000,77705225547665,24120102995435,10121937056821,1930468694,669,9
145,65,46800000000,1.000000,77903236156343,23922092386757,10121937056821,1930468694,669,9
145,70,46800000000,1.000000,78119536384931,23705792158169,10121937056821,1930468694,669,9
145,75,46800000000,1.000000,78307213488677,23518115054423,10121937056821,1930468694,669,9
145,80,46800000000,1.000000,78514974191639,23310354351461,10121937056821,1930468694,669,9
145,85,46800000000,1.000000,78675419331071,23149909212029,10121937056821,1930468694,669,9
145,90,46800000000,1.000000,78887350570475,22937977972625,10121937056821,1930468694,669,9
145,95,46800000000,1.000000,79075656689027,22749671854073,10121937056821,1930468694,669,9
145,100,46800000000,1.000000,79281356054255,22543972488845,10121937056821,1930468694,669,9
145,105,46800000000,1.000000,79459835112443,22365493430657,10121937056821,1930468694,669,9
145,110,46800000000,1.000000,79657413473663,22167915069437,10121937056821,1930468694,669,9
145,115,46800000000,1.000000,79809995204879,22015333338221,10121937056821,1930468694,669,9
145,120,46800000000,1.000000,80011539704789,21813788838311,10121937056821,1930468694,669,9
145,125,46800000000,1.000000,80190616949957,21634711593143,10121937056821,1930468694,669,9
145,130,46800000000,1.000000,80386234999451,21439093543649,10121937056821,1930468694,669,9
145,135,46800000000,1.000000,80555966808011,21269361735089,10121937056821,1930468694,669,9
145,140,46800000000,1.000000,80743861863683,21081466679417,10121937056821,1930468694,669,9
145,145,46800000000,1.000000,80888965571819,20936362971281,10121937056821,1930468694,669,9
145,150,46800000000,1.000000,81080632385885,20744696157215,10121937056821,1930468694,669,9
145,155,46800000000,1.000000,81250933064159,20574395478941,10121937056821,1930468694,669,9
145,160,46800000000,1.000000,81436963882907,20388364660193,10121937056821,1930468694,669,9
145,165,46800000000,1.000000,81598377143951,20226951399149,10121937056821,1930468694,669,9
145,170,46800000000,1.000000,81777063472325,20048265070775,10121937056821,1930468694,669,9
145,175,46800000000,1.000000,81915055655021,19910272888079,10121937056821,1930468694,669,9
145,180,46800000000,1.000000,82097328888011,19727999655089,10121937056821,1930468694,669,9
145,185,46800000000,1.000000,82259283138641,19566045404459,10121937056821,1930468694,669,9
145,190,46800000000,1.000000,82436196596243,19389131946857,10121937056821,1930468694,669,9
145,195,46800000000,1.000000,82589699001401,19235629541699,10121937056821,1930468694,669,9
146,0,60000000000,1.000000,91322344509414,2944276244767,10075873245819,2483306126,0,0
146,5,48000000000,0.482377,90702268216740,7366842707067,10086628957177,2438732237,51,2
146,10,36000000000,0.496126,82173121926202,24341160637717,10093083444831,1845101226,347,7
146,15,38700000000,0.673726,74061389363594,29960012626201,10096266295426,1475784635,645,9
146,20,41400000000,0.791714,72020531244705,28071253155457,10097565830253,1468907235,659,9
146,25,44100000000,0.923971,71643668365169,24460997966679,10097565830253,1468907235,659,9
146,30,46800000000,1.000000,71836863239507,22365081226075,10097565830253,1468907235,659,9
146,35,46800000000,1.000000,72078502590606,20123736897876,10097565830253,1468907235,659,9
146,40,46800000000,1.000000,72311788077173,19779947533909,10097565830253,1468907235,659,9
146,45,46800000000,1.000000,72488541932047,19603193679035,10097565830253,1468907235,659,9
146,50,46800000000,1.000000,72624203863603,19467531747479,10097565830253,1468907235,659,9
146,55,46800000000,1.000000,72783302344267,19308433266815,10097565830253,1468907235,659,9
146,60,46800000000,1.000000,72964870626397,19126864984685,10097565830253,1468907235,659,9
146,65,46800000000,1.000000,73119514467499,18972221143583,10097565830253,1468907235,659,9
146,70,46800000000,1.000000,73286153001133,18805582609949,10097565830253,1468907235,659,9
146,75,46800000000,1.000000,73447684851601,18644050759481,10097565830253,1468907235,659,9
146,80,46800000000,1.000000,73576690132663,18515045478419,10097565830253,1468907235,659,9
146,85,46800000000,1.000000,73729607673877,18362127937205,10097565830253,1468907235,659,9
146,90,46800000000,1.000000,73902277303543,18189458307539,10097565830253,1468907235,659,9
146,95,46800000000,1.000000,74049342057679,18042393553403,10097565830253,1468907235,659,9
146,100,46800000000,1.000000,74207813645173,17883921965909,10097565830253,1468907235,659,9
146,105,46800000000,1.000000,74361428827825,17730306783257,10097565830253,1468907235,659,9
146,110,46800000000,1.000000,74484111566353,17607624044729,10097565830253,1468907235,659,9
146,115,46800000000,1.000000,74629534626361,17462200984721,10097565830253,1468907235,659,9
146,120,46800000000,1.000000,74793741726145,17297993884937,10097565830253,1468907235,659,9
146,125,46800000000,1.000000,74933598843991,17158136767091,10097565830253,1468907235,659,9
146,130,46800000000,1.000000,75084303746833,17007431864249,10097565830253,1468907235,659,9
146,135,46800000000,1.000000,75230390256979,16861345354103,10097565830253,1468907235,659,9
146,140,46800000000,1.000000,75347060320687,16744675290395,10097565830253,1468907235,659,9
146,145,46800000000,1.000000,75485356203895,16606379407187,10097565830253,1468907235,659,9
146,150,46800000000,1.000000,75641515521721,16450220089361,10097565830253,1468907235,659,9
146,155,46800000000,1.000000,75774518249191,16317217361891,10097565830253,1468907235,659,9
146,160,46800000000,1.000000,75917837112229,16173898498853,10097565830253,1468907235,659,9
146,165,46800000000,1.000000,76056763929913,16034971681169,10097565830253,1468907235,659,9
146,170,46800000000,1.000000,76167715999519,15924019611563,10097565830253,1468907235,659,9
146,175,46800000000,1.000000,76299234008263,15792501602819,10097565830253,1468907235,659,9
146,180,46800000000,1.000000,76447739965747,15643995645335,10097565830253,1468907235,659,9
146,185,46800000000,1.000000,76574224236367,15517511374715,10097565830253,1468907235,659,9
146,190,46800000000,1.000000,76710519049105,15381216561977,10097565830253,1468907235,659,9
146,195,46800000000,1.000000,76842637070377,15249098540705,10097565830253,1468907235,659,9
147,0,60000000000,1.000000,101422352099591,2875148079424,10076369820985,2728047508,0,0
147,5,48000000000,0.446484,100255534551629,9008122663623,10096353772928,2641551890,42,2
147,10,36000000000,0.516660,92648678773569,22497499236610,10101642658434,2179337252,344,4
147,15,38700000000,0.545482,86537865999740,32502694331615,10106364070800,1874201676,611,9
147,20,41400000000,0.848609,78434087897682,30441843568019,10106555899584,1873165935,626,11
147,25,44100000000,0.919798,77786037306459,28790321139940,10106555899584,1873165935,626,11
147,30,46800000000,1.000000,78077358670181,24937762905315,10106555899584,1873165935,626,11
147,35,46800000000,1.000000,78328262466390,23907169934966,10106555899584,1873165935,626,11
147,40,46800000000,1.000000,78566570672110,23630318854486,10106555899584,1873165935,626,11
147,45,46800000000,1.000000,78769918522129,23426971004467,10106555899584,1873165935,626,11
147,50,46800000000,1.000000,78971353440101,23225536086495,10106555899584,1873165935,626,11
147,55,46800000000,1.000000,79147129474881,23049760051715,10106555899584,1873165935,626,11
147,60,46800000000,1.000000,79340229556047,22856659970549,10106555899584,1873165935,626,11
147,65,46800000000,1.000000,79544791998909,22652097527687,10106555899584,1873165935,626,11
147,70,46800000000,1.000000,79733052289161,22463837237435,10106555899584,1873165935,626,11
147,75,46800000000,1.000000,79917521521875,22279368004721,10106555899584,1873165935,626,11
147,80,46800000000,1.000000,80108668564509,22088220962087,10106555899584,1873165935,626,11
147,85,46800000000,1.000000,80276797043055,21920092483541,10106555899584,1873165935,626,11
147,90,46800000000,1.000000,80460433298925,21736456227671,10106555899584,1873165935,626,11
147,95,46800000000,1.000000,80654970146709,21541919379887,10106555899584,1873165935,626,11
147,100,46800000000,1.000000,80834003809401,21362885717195,10106555899584,1873165935,626,11
147,105,46800000000,1.000000,81009432214275,21187457312321,10106555899584,1873165935,626,11
147,110,46800000000,1.000000,81191211149733,21005678376863,10106555899584,1873165935,626,11
147,115,46800000000,1.000000,81351099659967,20845789866629,10106555899584,1873165935,626,11
147,120,46800000000,1.000000,81525735912027,20671153614569,10106555899584,1873165935,626,11
147,125,46800000000,1.000000,81710738518677,20486151007919,10106555899584,1873165935,626,11
147,130,46800000000,1.000000,81880997750481,20315891776115,10106555899584,1873165935,626,11
147,135,46800000000,1.000000,82047828417957,20149061108639,10106555899584,1873165935,626,11
147,140,46800000000,1.000000,82220698377081,19976191149515,10106555899584,1873165935,626,11
147,145,46800000000,1.000000,82372750759419,19824138767177,10106555899584,1873165935,626,11
147,150,46800000000,1.000000,82538828097519,19658061429077,10106555899584,1873165935,626,11
147,155,46800000000,1.000000,82714763735565,19482125791031,10106555899584,1873165935,626,11
147,160,46800000000,1.000000,82876678570899,19320210955697,10106555899584,1873165935,626,11
147,165,46800000000,1.000000,83035332875685,19161556650911,10106555899584,1873165935,626,11
147,170,46800000000,1.000000,83199730486641,18997159039955,10106555899584,1873165935,626,11
147,175,46800000000,1.000000,83344330789245,18852558737351,10106555899584,1873165935,626,11
147,180,46800000000,1.000000,83502268685253,18694620841343,10106555899584,1873165935,626,11
147,185,46800000000,1.000000,83669581726485,18527307800111,10106555899584,1873165935,626,11
147,190,46800000000,1.000000,83823561123945,18373328402651,10106555899584,1873165935,626,11
147,195,46800000000,1.000000,83974439789247,18222449737349,10106555899584,1873165935,626,11
148,0,60000000000,1.000000,105123717760375,3037373904626,10090965334999,3001163244,0,0
148,5,48000000000,0.556788,102069187852232,10877147640048,10126605658072,2861660031,43,0
148,10,36000000000,0.474732,95380537741086,26836735838866,10131263840931,2447674258,334,0
148,15,38700000000,0.660204,84484799430276,35798551975522,10132892464816,1843201264,628,1
148,20,41400000000,0.779558,81674448651695,33921517189267,10133802318384,1838551738,641,1
148,25,44100000000,0.894264,80917337698731,30417103743401,10133802318384,1838551738,641,1
148,30,46800000000,0.997512,81213466432099,26971881763495,10133802318384,1838551738,641,1
148,35,46800000000,1.000000,81490143686757,24636023633803,10133802318384,1838551738,641,1
148,40,46800000000,1.000000,81745201085172,24265674468508,10133802318384,1838551738,641,1
148,45,46800000000,1.000000,81969072979934,24041802573746,10133802318384,1838551738,641,1
148,50,46800000000,1.000000,82170276311990,23840599241690,10133802318384,1838551738,641,1
148,55,46800000000,1.000000,82353883119193,23656992434487,10133802318384,1838551738,641,1
148,60,46800000000,1.000000,82568592478873,23442283074807,10133802318384,1838551738,641,1
148,65,46800000000,1.000000,82747697667787,23263177885893,10133802318384,1838551738,641,1
148,70,46800000000,1.000000,82944667599793,23066207953887,10133802318384,1838551738,641,1
148,75,46800000000,1.000000,83145159438325,22865716115355,10133802318384,1838551738,641,1
148,80,46800000000,1.000000,83336076916687,22674798636993,10133802318384,1838551738,641,1
148,85,46800000000,1.000000,83513311116553,22497564437127,10133802318384,1838551738,641,1
148,90,46800000000,1.000000,83717497581157,22293377972523,10133802318384,1838551738,641,1
148,95,46800000000,1.000000,83887824833689,22123050719991,10133802318384,1838551738,641,1
148,100,46800000000,1.000000,84075141279151,21935734274529,10133802318384,1838551738,641,1
148,105,46800000000,1.000000,84265807022791,21745068530889,10133802318384,1838551738,641,1
148,110,46800000000,1.000000,84447367645219,21563507908461,10133802318384,1838551738,641,1
148,115,46800000000,1.000000,84615915605791,21394959947889,10133802318384,1838551738,641,1
148,120,46800000000,1.000000,84810094901989,21200780651691,10133802318384,1838551738,641,1
148,125,46800000000,1.000000,84972074424517,21038801129163,10133802318384,1838551738,641,1
148,130,46800000000,1.000000,85150210500385,20860665053295,10133802318384,1838551738,641,1
148,135,46800000000,1.000000,85331531725297,20679343828383,10133802318384,1838551738,641,1
148,140,46800000000,1.000000,85504194070489,20506681483191,10133802318384,1838551738,641,1
148,145,46800000000,1.000000,85664481503875,20346394049805,10133802318384,1838551738,641,1
148,150,46800000000,1.000000,85849144082431,20161731471249,10133802318384,1838551738,641,1
148,155,46800000000,1.000000,86003184996487,20007690557193,10133802318384,1838551738,641,1
148,160,46800000000,1.000000,86172590632111,19838284921569,10133802318384,1838551738,641,1
148,165,46800000000,1.000000,86345025312787,19665850240893,10133802318384,1838551738,641,1
148,170,46800000000,1.000000,86509225484995,19501650068685,10133802318384,1838551738,641,1
148,175,46800000000,1.000000,86661657239353,19349218314327,10133802318384,1838551738,641,1
148,180,46800000000,1.000000,86837269514125,19173606039555,10133802318384,1838551738,641,1
148,185,46800000000,1.000000,86983760890801,19027114662879,10133802318384,1838551738,641,1
148,190,46800000000,1.000000,87144863964757,18866011588923,10133802318384,1838551738,641,1
148,195,46800000000,1.000000,87308847630457,18702027923223,10133802318384,1838551738,641,1
149,0,60000000000,1.000000,101194109291372,2980234227338,10083477481290,2925439618,0,0
149,5,48000000000,0.506224,100090387711417,8038821964174,10097985102665,2830284713,55,3
149,10,36000000000,0.522999,89872024009485,27307411965764,10104045223755,2192940185,362,7
149,15,38700000000,0.684219,80641526477404,34335766093292,10123097536592,1805191109,639,10
149,20,41400000000,0.826404,76889692526061,32966561800741,10124417759101,1797782199,657,10
149,25,44100000000,0.942618,76574256678348,29236819820681,10124417759101,1797782199,657,10
149,30,46800000000,1.000000,76825739795328,26291039807899,10124417759101,1797782199,657,10
149,35,46800000000,1.000000,77097231888882,23959907319145,10124417759101,1797782199,657,10
149,40,46800000000,1.000000,77370286663791,23628735100936,10124417759101,1797782199,657,10
149,45,46800000000,1.000000,77586779876780,23412241887947,10124417759101,1797782199,657,10
149,50,46800000000,1.000000,77765735289380,23233286475347,10124417759101,1797782199,657,10
149,55,46800000000,1.000000,77942117194943,23056904569784,10124417759101,1797782199,657,10
149,60,46800000000,1.000000,78137944606859,22861077157868,10124417759101,1797782199,657,10
149,65,46800000000,1.000000,78335512325561,22663509439166,10124417759101,1797782199,657,10
149,70,46800000000,1.000000,78535578956285,22463442808442,10124417759101,1797782199,657,10
149,75,46800000000,1.000000,78732825453197,22266196311530,10124417759101,1797782199,657,10
149,80,46800000000,1.000000,78903024142109,22095997622618,10124417759101,1797782199,657,10
149,85,46800000000,1.000000,79072134915809,21926886848918,10124417759101,1797782199,657,10
149,90,46800000000,1.000000,79258364836013,21740656928714,10124417759101,1797782199,657,10
149,95,46800000000,1.000000,79446249770801,21552771993926,10124417759101,1797782199,657,10
149,100,46800000000,1.000000,79636511145995,21362510618732,10124417759101,1797782199,657,10
149,105,46800000000,1.000000,79824090601835,21174931162892,10124417759101,1797782199,657,10
149,110,46800000000,1.000000,79985947861319,21013073903408,10124417759101,1797782199,657,10
149,115,46800000000,1.000000,80146770524507,20852251240220,10124417759101,1797782199,657,10
149,120,46800000000,1.000000,80323873325579,20675148439148,10124417759101,1797782199,657,10
149,125,46800000000,1.000000,80502550029059,20496471735668,10124417759101,1797782199,657,10
149,130,46800000000,1.000000,80683486703855,20315535060872,10124417759101,1797782199,657,10
149,135,46800000000,1.000000,80861872899953,20137148864774,10124417759101,1797782199,657,10
149,140,46800000000,1.000000,81015797543321,19983224221406,10124417759101,1797782199,657,10
149,145,46800000000,1.000000,81168738295823,19830283468904,10124417759101,1797782199,657,10
149,150,46800000000,1.000000,81337161297551,19661860467176,10124417759101,1797782199,657,10
149,155,46800000000,1.000000,81507081064775,19491940699952,10124417759101,1797782199,657,10
149,160,46800000000,1.000000,81679150042247,19319871722480,10124417759101,1797782199,657,10
149,165,46800000000,1.000000,81848793539795,19150228224932,10124417759101,1797782199,657,10
149,170,46800000000,1.000000,81995174343965,19003847420762,10124417759101,1797782199,657,10
149,175,46800000000,1.000000,82140619477781,18858402286946,10124417759101,1797782199,657,10
149,180,46800000000,1.000000,82300788076493,18698233688234,10124417759101,1797782199,657,10
149,185,46800000000,1.000000,82462380084359,18536641680368,10124417759101,1797782199,657,10
149,190,46800000000,1.000000,82626015969767,18373005794960,10124417759101,1797782199,657,10
149,195,46800000000,1.000000,82787345247833,18211676516894,10124417759101,1797782199,657,10
150,0,60000000000,1.000000,111113281639534,3034836947783,10091280412683,3849024672,0,0
150,5,48000000000,0.622111,109813500951319,6938877211127,10109146276035,3762692066,50,1
150,10,36000000000,0.409410,99271697420980,36256860876925,10123764361173,3045376363,346,7
150,15,38700000000,0.658780,86257697141240,42283126103608,10126429607527,2705008490,650,10
150,20,41400000000,0.793061,80111562705333,42873346306137,10126661696240,2696240904,657,10
150,25,44100000000,0.943730,78330622566589,37915620640569,10126661696240,2696240904,657,10
150,30,46800000000,0.952467,78545144423577,37342608299734,10126661696240,2696240904,657,10
150,35,46800000000,1.000000,78939223319560,33407441524335,10126661696240,2696240904,657,10
150,40,46800000000,1.000000,79308214414760,32976186667115,10126661696240,2696240904,657,10
150,45,46800000000,1.000000,79616903763046,32667497318829,10126661696240,2696240904,657,10
150,50,46800000000,1.000000,79907719461412,32376681620463,10126661696240,2696240904,657,10
150,55,46800000000,1.000000,80091308399756,32193092682119,10126661696240,2696240904,657,10
150,60,46800000000,1.000000,80364722585276,31919678496599,10126661696240,2696240904,657,10
150,65,46800000000,1.000000,80655342336578,31629058745297,10126661696240,2696240904,657,10
150,70,46800000000,1.000000,80932869608306,31351531473569,10126661696240,2696240904,657,10
150,75,46800000000,1.000000,81215170791848,31069230290027,10126661696240,2696240904,657,10
150,80,46800000000,1.000000,81491761280918,30792639800957,10126661696240,2696240904,657,10
150,85,46800000000,1.000000,81669090244502,30615310837373,10126661696240,2696240904,657,10
150,90,46800000000,1.000000,81929104414418,30355296667457,10126661696240,2696240904,657,10
150,95,46800000000,1.000000,82205480906054,30078920175821,10126661696240,2696240904,657,10
150,100,46800000000,1.000000,82469406579908,29814994501967,10126661696240,2696240904,657,10
150,105,46800000000,1.000000,82737872196602,29546528885273,10126661696240,2696240904,657,10
150,110,46800000000,1.000000,83000906999702,29283494082173,10126661696240,2696240904,657,10
150,115,46800000000,1.000000,83169545079710,29114856002165,10126661696240,2696240904,657,10
150,120,46800000000,1.000000,83416815968072,28867585113803,10126661696240,2696240904,657,10
150,125,46800000000,1.000000,83679647261708,28604753820167,10126661696240,2696240904,657,10
150,130,46800000000,1.000000,83930637951512,28353763130363,10126661696240,2696240904,657,10
150,135,46800000000,1.000000,84185946081602,28098455000273,10126661696240,2696240904,657,10
150,140,46800000000,1.000000,84436089562148,27848311519727,10126661696240,2696240904,657,10
150,145,46800000000,1.000000,84596462698226,27687938383649,10126661696240,2696240904,657,10
150,150,46800000000,1.000000,84831614852768,27452786229107,10126661696240,2696240904,657,10
150,155,46800000000,1.000000,85081564797812,27202836284063,10126661696240,2696240904,657,10
150,160,46800000000,1.000000,85320254446460,26964146635415,10126661696240,2696240904,657,10
150,165,46800000000,1.000000,85563049937972,26721351143903,10126661696240,2696240904,657,10
150,170,46800000000,1.000000,85800933898982,26483467182893,10126661696240,2696240904,657,10
150,175,46800000000,1.000000,85953447155612,26330953926263,10126661696240,2696240904,657,10
150,180,46800000000,1.000000,86177074514708,26107326567167,10126661696240,2696240904,657,10
150,185,46800000000,1.000000,86414774425478,25869626656397,10126661696240,2696240904,657,10
150,190,46800000000,1.000000,86641765906316,25642635175559,10126661696240,2696240904,657,10
150,195,46800000000,1.000000,86872662002912,25411739078963,10126661696240,2696240904,657,10
151,0,60000000000,1.000000,105211786225144,3088222920665,10100053854191,3289134926,0,0
151,5,48000000000,0.302786,104848850734934,11366737258971,10109518884291,3270542756,43,2
151,10,36000000000,0.527579,93685409855745,27659835352260,10121908552880,2475825667,337,5
151,15,38700000000,0.621068,83953130907590,39164494715567,10123123321345,2017897027,619,8
151,20,41400000000,0.784507,80179324306520,35814895076796,10123707549621,2014791860,636,8
151,25,44100000000,0.882186,79303077650471,32842606509913,10123707549621,2014791860,636,8
151,30,46800000000,0.983384,79599370831173,29161542237135,10123707549621,2014791860,636,8
151,35,46800000000,1.000000,79949292848600,26267924744758,10123707549621,2014791860,636,8
151,40,46800000000,1.000000,80225269569251,25947602248327,10123707549621,2014791860,636,8
151,45,46800000000,1.000000,80438830651368,25734041166210,10123707549621,2014791860,636,8
151,50,46800000000,1.000000,80641165986120,25531705831458,10123707549621,2014791860,636,8
151,55,46800000000,1.000000,80845896175916,25326975641662,10123707549621,2014791860,636,8
151,60,46800000000,1.000000,81079723841828,25093147975750,10123707549621,2014791860,636,8
151,65,46800000000,1.000000,81300370321958,24872501495620,10123707549621,2014791860,636,8
151,70,46800000000,1.000000,81507811407350,24665060410228,10123707549621,2014791860,636,8
151,75,46800000000,1.000000,81697831573298,24475040244280,10123707549621,2014791860,636,8
151,80,46800000000,1.000000,81890272694900,24282599122678,10123707549621,2014791860,636,8
151,85,46800000000,1.000000,82087169966750,24085701850828,10123707549621,2014791860,636,8
151,90,46800000000,1.000000,82309537750442,23863334067136,10123707549621,2014791860,636,8
151,95,46800000000,1.000000,82519370357588,23653501459990,10123707549621,2014791860,636,8
151,100,46800000000,1.000000,82716644765876,23456227051702,10123707549621,2014791860,636,8
151,105,46800000000,1.000000,82897352053100,23275519764478,10123707549621,2014791860,636,8
151,110,46800000000,1.000000,83080361644886,23092510172692,10123707549621,2014791860,636,8
151,115,46800000000,1.000000,83267608991246,22905262826332,10123707549621,2014791860,636,8
151,120,46800000000,1.000000,83479078540928,22693793276650,10123707549621,2014791860,636,8
151,125,46800000000,1.000000,83678627262416,22494244555162,10123707549621,2014791860,636,8
151,130,46800000000,1.000000,83866233261614,22306638555964,10123707549621,2014791860,636,8
151,135,46800000000,1.000000,84038084093642,22134787723936,10123707549621,2014791860,636,8
151,140,46800000000,1.000000,84212124394382,21960747423196,10123707549621,2014791860,636,8
151,145,46800000000,1.000000,84390194757620,21782677059958,10123707549621,2014791860,636,8
151,150,46800000000,1.000000,84591300195134,21581571622444,10123707549621,2014791860,636,8
151,155,46800000000,1.000000,84781069043738,21391802773840,10123707549621,2014791860,636,8
151,160,46800000000,1.000000,84959480482424,21213391335154,10123707549621,2014791860,636,8
151,165,46800000000,1.000000,85122908913896,21049962903682,10123707549621,2014791860,636,8
151,170,46800000000,1.000000,85288419508226,20884452309352,10123707549621,2014791860,636,8
151,175,46800000000,1.000000,85457762651834,20715109165744,10123707549621,2014791860,636,8
151,180,46800000000,1.000000,85649011921892,20523859895686,10123707549621,2014791860,636,8
151,185,46800000000,1.000000,85829480208740,20343391608838,10123707549621,2014791860,636,8
151,190,46800000000,1.000000,85999147711640,20173724105938,10123707549621,2014791860,636,8
151,195,46800000000,1.000000,86154566523680,20018305293898,10123707549621,2014791860,636,8
152,0,60000000000,1.000000,114910636173413,3017750829610,10100702996977,3496486574,0,0
152,5,48000000000,0.514003,113852596433771,7895826833374,10118014155397,3441774363,55,1
152,10,36000000000,0.389351,105690007043274,31368828752645,10125590019166,2908681730,354,3
152,15,38700000000,0.613640,93133143702089,40354556309177,10132792824230,2336631955,618,4
152,20,41400000000,0.791482,86759177515998,39338711626110,10134018438644,2330193501,638,6
152,25,44100000000,0.910517,85438983001470,35645778556881,10134018438644,2330193501,638,6
152,30,46800000000,1.000000,85788482369091,31956316960345,10134018438644,2330193501,638,6
152,35,46800000000,1.000000,86091074289748,29853081627168,10134018438644,2330193501,638,6
152,40,46800000000,1.000000,86412832929074,29359413943562,10134018438644,2330193501,638,6
152,45,46800000000,1.000000,86671779996209,29100466876427,10134018438644,2330193501,638,6
152,50,46800000000,1.000000,86927596328945,28844650543691,10134018438644,2330193501,638,6
152,55,46800000000,1.000000,87147387588650,28624859283986,10134018438644,2330193501,638,6
152,60,46800000000,1.000000,87393959234606,28378287638030,10134018438644,2330193501,638,6
152,65,46800000000,1.000000,87621628569014,28150618303622,10134018438644,2330193501,638,6
152,70,46800000000,1.000000,87860810623958,27911436248678,10134018438644,2330193501,638,6
152,75,46800000000,1.000000,88095687105470,27676559767166,10134018438644,2330193501,638,6
152,80,46800000000,1.000000,88338618985238,27433627887398,10134018438644,2330193501,638,6
152,85,46800000000,1.000000,88550290491926,27221956380710,10134018438644,2330193501,638,6
152,90,46800000000,1.000000,88784777673848,26987469198788,10134018438644,2330193501,638,6
152,95,46800000000,1.000000,89001288945704,26770957926932,10134018438644,2330193501,638,6
152,100,46800000000,1.000000,89228748700046,26543498172590,10134018438644,2330193501,638,6
152,105,46800000000,1.000000,89452113896900,26320132975736,10134018438644,2330193501,638,6
152,110,46800000000,1.000000,89683139697440,26089107175196,10134018438644,2330193501,638,6
152,115,46800000000,1.000000,89884437194078,25887809678558,10134018438644,2330193501,638,6
152,120,46800000000,1.000000,90107432170826,25664814701810,10134018438644,2330193501,638,6
152,125,46800000000,1.000000,90313332236030,25458914636606,10134018438644,2330193501,638,6
152,130,46800000000,1.000000,90529644199154,25242602673482,10134018438644,2330193501,638,6
152,135,46800000000,1.000000,90742062278798,25030184593838,10134018438644,2330193501,638,6
152,140,46800000000,1.000000,90961765516394,24810481356242,10134018438644,2330193501,638,6
152,145,46800000000,1.000000,91153197432890,24619049439746,10134018438644,2330193501,638,6
152,150,46800000000,1.000000,91365263437016,24406983435620,10134018438644,2330193501,638,6
152,155,46800000000,1.000000,91561072350188,24211174522448,10134018438644,2330193501,638,6
152,160,46800000000,1.000000,91766782874762,24005463997874,10134018438644,2330193501,638,6
152,165,46800000000,1.000000,91968790355018,23803456517618,10134018438644,2330193501,638,6
152,170,46800000000,1.000000,92177725947728,23594520924908,10134018438644,2330193501,638,6
152,175,46800000000,1.000000,92359775795564,23412471077072,10134018438644,2330193501,638,6
152,180,46800000000,1.000000,92561448455414,23210798417222,10134018438644,2330193501,638,6
152,185,46800000000,1.000000,92747660783516,23024586089120,10134018438644,2330193501,638,6
152,190,46800000000,1.000000,92943289445540,22828957427096,10134018438644,2330193501,638,6
152,195,46800000000,1.000000,93135396549164,22636850323472,10134018438644,2330193501,638,6
153,0,60000000000,1.000000,117196285483149,3046220775215,10100098741636,3622222110,0,0
153,5,48000000000,0.412953,116507451614285,9021008471290,10109902178393,3578692462,44,0
153,10,36000000000,0.373405,107709083903670,33522016518353,10116224828181,2971868956,376,10
153,15,38700000000,0.518039,98576149439299,41784930040837,10120221839652,2723118027,668,13
153,20,41400000000,0.801205,87940022122035,40291975315527,10120434552121,2722007391,682,14
153,25,44100000000,0.934649,85480379587087,37170951873991,10120434552121,2722007391,682,14
153,30,46800000000,1.000000,85803556154473,34018879512942,10120434552121,2722007391,682,14
153,35,46800000000,1.000000,86099310050458,32802341578728,10120434552121,2722007391,682,14
153,40,46800000000,1.000000,86442117318793,32522497043553,10120434552121,2722007391,682,14
153,45,46800000000,1.000000,86748053966691,32216560395655,10120434552121,2722007391,682,14
153,50,46800000000,1.000000,86994794039511,31969820322835,10120434552121,2722007391,682,14
153,55,46800000000,1.000000,87249170692798,31715443669548,10120434552121,2722007391,682,14
153,60,46800000000,1.000000,87498453059902,31466161302444,10120434552121,2722007391,682,14
153,65,46800000000,1.000000,87771866952640,31192747409706,10120434552121,2722007391,682,14
153,70,46800000000,1.000000,88041789762388,30922824599958,10120434552121,2722007391,682,14
153,75,46800000000,1.000000,88321217579290,30643396783056,10120434552121,2722007391,682,14
153,80,46800000000,1.000000,88555642764094,30408971598252,10120434552121,2722007391,682,14
153,85,46800000000,1.000000,88803542983522,30161071378824,10120434552121,2722007391,682,14
153,90,46800000000,1.000000,89040608034358,29924006327988,10120434552121,2722007391,682,14
153,95,46800000000,1.000000,89300621925748,29663992436598,10120434552121,2722007391,682,14
153,100,46800000000,1.000000,89557315831864,29407298530482,10120434552121,2722007391,682,14
153,105,46800000000,1.000000,89823048905380,29141565456966,10120434552121,2722007391,682,14
153,110,46800000000,1.000000,90045984923608,28918629438738,10120434552121,2722007391,682,14
153,115,46800000000,1.000000,90281735565724,28682878796622,10120434552121,2722007391,682,14
153,120,46800000000,1.000000,90507182070292,28457432292054,10120434552121,2722007391,682,14
153,125,46800000000,1.000000,90754452693850,28210161668496,10120434552121,2722007391,682,14
153,130,46800000000,1.000000,90998566044592,27966048317754,10120434552121,2722007391,682,14
153,135,46800000000,1.000000,91251275553424,27713338808922,10120434552121,2722007391,682,14
153,140,46800000000,1.000000,91463285488564,27501328873782,10120434552121,2722007391,682,14
153,145,46800000000,1.000000,91687482003412,27277132358934,10120434552121,2722007391,682,14
153,150,46800000000,1.000000,91901879385886,27062734976460,10120434552121,2722007391,682,14
153,155,46800000000,1.000000,92137031288488,26827583073858,10120434552121,2722007391,682,14
153,160,46800000000,1.000000,92369180656000,26595433706346,10120434552121,2722007391,682,14
153,165,46800000000,1.000000,92609504884456,26355109477890,10120434552121,2722007391,682,14
153,170,46800000000,1.000000,92811124223242,26153490139104,10120434552121,2722007391,682,14
153,175,46800000000,1.000000,93024332878102,25940281484244,10120434552121,2722007391,682,14
153,180,46800000000,1.000000,93228222655558,25736391706788,10120434552121,2722007391,682,14
153,185,46800000000,1.000000,93451849775212,25512764587134,10120434552121,2722007391,682,14
153,190,46800000000,1.000000,93672621513844,25291992848502,10120434552121,2722007391,682,14
153,195,46800000000,1.000000,93901167463822,25063446898524,10120434552121,2722007391,682,14
154,0,60000000000,1.000000,99770200770231,2954724529857,10078019699912,2695794124,0,0
154,5,48000000000,0.349913,99282449097316,9806181474924,10089189751726,2652708136,43,3
154,10,36000000000,0.437293,93377035406627,21338459897480,10094756715690,2258615829,370,9
154,15,38700000000,0.590124,83606917008705,32360771455260,10099173773872,1877701028,647,14
154,20,41400000000,0.849437,77395633224896,29793360682752,10099725048337,1874891281,663,14
154,25,44100000000,0.920190,76265290336783,28730939633752,10099725048337,1874891281,663,14
154,30,46800000000,1.000000,76598100549457,24843437639053,10099725048337,1874891281,663,14
154,35,46800000000,1.000000,76842240033707,23802810587763,10099725048337,1874891281,663,14
154,40,46800000000,1.000000,77042964037905,23579410427285,10099725048337,1874891281,663,14
154,45,46800000000,1.000000,77259320844655,23363053620535,10099725048337,1874891281,663,14
154,50,46800000000,1.000000,77471465308873,23150909156317,10099725048337,1874891281,663,14
154,55,46800000000,1.000000,77658809330511,22963565134679,10099725048337,1874891281,663,14
154,60,46800000000,1.000000,77843353532979,22779020932211,10099725048337,1874891281,663,14
154,65,46800000000,1.000000,78048150242049,22574224223141,10099725048337,1874891281,663,14
154,70,46800000000,1.000000,78211934198919,22410440266271,10099725048337,1874891281,663,14
154,75,46800000000,1.000000,78403832865549,22218541599641,10099725048337,1874891281,663,14
154,80,46800000000,1.000000,78604553849649,22017820615541,10099725048337,1874891281,663,14
154,85,46800000000,1.000000,78784252490553,21838121974637,10099725048337,1874891281,663,14
154,90,46800000000,1.000000,78959752190955,21662622274235,10099725048337,1874891281,663,14
154,95,46800000000,1.000000,79154511823479,21467862641711,10099725048337,1874891281,663,14
154,100,46800000000,1.000000,79310268736665,21312105728525,10099725048337,1874891281,663,14
154,105,46800000000,1.000000,79492762459095,21129612006095,10099725048337,1874891281,663,14
154,110,46800000000,1.000000,79683646117797,20938728347393,10099725048337,1874891281,663,14
154,115,46800000000,1.000000,79854537737325,20767836727865,10099725048337,1874891281,663,14
154,120,46800000000,1.000000,80021436206163,20600938259027,10099725048337,1874891281,663,14
154,125,46800000000,1.000000,80206650678939,20415723786251,10099725048337,1874891281,663,14
154,130,46800000000,1.000000,80354773953591,20267600511599,10099725048337,1874891281,663,14
154,135,46800000000,1.000000,80528323667853,20094050797337,10099725048337,1874891281,663,14
154,140,46800000000,1.000000,80709852127923,19912522337267,10099725048337,1874891281,663,14
154,145,46800000000,1.000000,80872368357633,19750006107557,10099725048337,1874891281,663,14
154,150,46800000000,1.000000,81031087140645,19591287324545,10099725048337,1874891281,663,14
154,155,46800000000,1.000000,81207224261331,19415150203859,10099725048337,1874891281,663,14
154,160,46800000000,1.000000,81348088021749,19274286443441,10099725048337,1874891281,663,14
154,165,46800000000,1.000000,81513132073179,19109242392011,10099725048337,1874891281,663,14
154,170,46800000000,1.000000,81685763832405,18936610632785,10099725048337,1874891281,663,14
154,175,46800000000,1.000000,81840315149697,18782059315493,10099725048337,1874891281,663,14
154,180,46800000000,1.000000,81991255133211,18631119331979,10099725048337,1874891281,663,14
154,185,46800000000,1.000000,82158759782385,18463614682805,10099725048337,1874891281,663,14
154,190,46800000000,1.000000,82292719816959,18329654648231,10099725048337,1874891281,663,14
154,195,46800000000,1.000000,82449675067665,18172699397525,10099725048337,1874891281,663,14
155,0,60000000000,1.000000,100136756978372,3025929408469,10087354613159,3314570178,0,0
155,5,48000000000,0.806526,96175271896263,8584120673466,10151452926386,3015649349,72,6
155,10,36000000000,0.586508,86372398978282,28504263695997,10159673761786,2421144374,410,12
155,15,38700000000,0.635919,79175532330746,37605204384051,10160647285946,1982012914,679,15
155,20,41400000000,0.727452,75646168180370,37724878884539,10160835034641,1981056099,693,15
155,25,44100000000,0.858957,75304818567152,32346651329308,10160835034641,1981056099,693,15
155,30,46800000000,0.952074,75578066532369,28896001694175,10160835034641,1981056099,693,15
155,35,46800000000,1.000000,75856334026047,26366349185494,10160835034641,1981056099,693,15
155,40,46800000000,1.000000,76142671438931,25880885741210,10160835034641,1981056099,693,15
155,45,46800000000,1.000000,76390293181537,25633263998604,10160835034641,1981056099,693,15
155,50,46800000000,1.000000,76624762235371,25398794944770,10160835034641,1981056099,693,15
155,55,46800000000,1.000000,76796967218096,25226589962045,10160835034641,1981056099,693,15
155,60,46800000000,1.000000,77026083191060,24997473989081,10160835034641,1981056099,693,15
155,65,46800000000,1.000000,77203574961608,24819982218533,10160835034641,1981056099,693,15
155,70,46800000000,1.000000,77421590596640,24601966583501,10160835034641,1981056099,693,15
155,75,46800000000,1.000000,77643605358104,24379951822037,10160835034641,1981056099,693,15
155,80,46800000000,1.000000,77866612823300,24156944356841,10160835034641,1981056099,693,15
155,85,46800000000,1.000000,78033321112304,23990236067837,10160835034641,1981056099,693,15
155,90,46800000000,1.000000,78251208122810,23772349057331,10160835034641,1981056099,693,15
155,95,46800000000,1.000000,78420001030574,23603556149567,10160835034641,1981056099,693,15
155,100,46800000000,1.000000,78627331730306,23396225449835,10160835034641,1981056099,693,15
155,105,46800000000,1.000000,78838465559504,23185091620637,10160835034641,1981056099,693,15
155,110,46800000000,1.000000,79050543439970,22973013740171,10160835034641,1981056099,693,15
155,115,46800000000,1.000000,79209081363926,22814475816215,10160835034641,1981056099,693,15
155,120,46800000000,1.000000,79416289743056,22607267437085,10160835034641,1981056099,693,15
155,125,46800000000,1.000000,79576810118918,22446747061223,10160835034641,1981056099,693,15
155,130,46800000000,1.000000,79773979551296,22249577628845,10160835034641,1981056099,693,15
155,135,46800000000,1.000000,79974765722018,22048791458123,10160835034641,1981056099,693,15
155,140,46800000000,1.000000,80176449676088,21847107504053,10160835034641,1981056099,693,15
155,145,46800000000,1.000000,80327217664394,21696339515747,10160835034641,1981056099,693,15
155,150,46800000000,1.000000,80524270771166,21499286408975,10160835034641,1981056099,693,15
155,155,46800000000,1.000000,80676924051320,21346633128821,10160835034641,1981056099,693,15
155,160,46800000000,1.000000,80864430219566,21159126960575,10160835034641,1981056099,693,15
155,165,46800000000,1.000000,81055375870082,20968181310059,10160835034641,1981056099,693,15
155,170,46800000000,1.000000,81247175303594,20776381876547,10160835034641,1981056099,693,15
155,175,46800000000,1.000000,81390554160302,20633003019839,10160835034641,1981056099,693,15
155,180,46800000000,1.000000,81577949704190,20445607475951,10160835034641,1981056099,693,15
155,185,46800000000,1.000000,81723121454720,20300435725421,10160835034641,1981056099,693,15
155,190,46800000000,1.000000,81901437955124,20122119225017,10160835034641,1981056099,693,15
155,195,46800000000,1.000000,82083025368992,19940531811149,10160835034641,1981056099,693,15
156,0,60000000000,1.000000,110564419379184,3019785513271,10094840107545,3427614672,0,0
156,5,48000000000,0.433882,109691583614620,8944053162756,10106800312668,3362671765,42,2
156,10,36000000000,0.379796,101607252797409,31461264205015,10122935285278,2878867421,337,10
156,15,38700000000,0.511750,93105863919071,39935097311303,10136403687920,2453450686,598,10
156,20,41400000000,0.844278,81444454755894,38017777310366,10137025659581,2449976574,610,10
156,25,44100000000,0.943006,80427910622084,35115489154490,10137025659581,2449976574,610,10
156,30,46800000000,1.000000,80717694352405,31774513137201,10137025659581,2449976574,610,10
156,35,46800000000,1.000000,81041394393628,30273169686171,10137025659581,2449976574,610,10
156,40,46800000000,1.000000,81376057134687,29781821667772,10137025659581,2449976574,610,10
156,45,46800000000,1.000000,81640845199410,29517033603049,10137025659581,2449976574,610,10
156,50,46800000000,1.000000,81875957632404,29281921170055,10137025659581,2449976574,610,10
156,55,46800000000,1.000000,82076117776072,29081761026387,10137025659581,2449976574,610,10
156,60,46800000000,1.000000,82343919242596,28813959559863,10137025659581,2449976574,610,10
156,65,46800000000,1.000000,82584162896932,28573715905527,10137025659581,2449976574,610,10
156,70,46800000000,1.000000,82845324168748,28312554633711,10137025659581,2449976574,610,10
156,75,46800000000,1.000000,83086768600300,28071110202159,10137025659581,2449976574,610,10
156,80,46800000000,1.000000,83310365233852,27847513568607,10137025659581,2449976574,610,10
156,85,46800000000,1.000000,83501413411108,27656465391351,10137025659581,2449976574,610,10
156,90,46800000000,1.000000,83756089941094,27401788861365,10137025659581,2449976574,610,10
156,95,46800000000,1.000000,83984559265792,27173319536667,10137025659581,2449976574,610,10
156,100,46800000000,1.000000,84232921036654,26924957765805,10137025659581,2449976574,610,10
156,105,46800000000,1.000000,84462532288636,26695346513823,10137025659581,2449976574,610,10
156,110,46800000000,1.000000,84675170462464,26482708339995,10137025659581,2449976574,610,10
156,115,46800000000,1.000000,84856855378132,26301023424327,10137025659581,2449976574,610,10
156,120,46800000000,1.000000,85099050224110,26058828578349,10137025659581,2449976574,610,10
156,125,46800000000,1.000000,85316322278692,25841556523767,10137025659581,2449976574,610,10
156,130,46800000000,1.000000,85552511851708,25605366950751,10137025659581,2449976574,610,10
156,135,46800000000,1.000000,85770869867596,25387008934863,10137025659581,2449976574,610,10
156,140,46800000000,1.000000,85973086654930,25184792147529,10137025659581,2449976574,610,10
156,145,46800000000,1.000000,86145867201988,25012011600471,10137025659581,2449976574,610,10
156,150,46800000000,1.000000,86376192090652,24781686711807,10137025659581,2449976574,610,10
156,155,46800000000,1.000000,86582815652716,24575063149743,10137025659581,2449976574,610,10
156,160,46800000000,1.000000,86807429586382,24350449216077,10137025659581,2449976574,610,10
156,165,46800000000,1.000000,87015085886818,24142792915641,10137025659581,2449976574,610,10
156,170,46800000000,1.000000,87207392039638,23950486762821,10137025659581,2449976574,610,10
156,175,46800000000,1.000000,87371704620718,23786174181741,10137025659581,2449976574,610,10
156,180,46800000000,1.000000,87590741298076,23567137504383,10137025659581,2449976574,610,10
156,185,46800000000,1.000000,87787238249614,23370640552845,10137025659581,2449976574,610,10
156,190,46800000000,1.000000,88000843865584,23157034936875,10137025659581,2449976574,610,10
156,195,46800000000,1.000000,88198322941078,22959555861381,10137025659581,2449976574,610,10
157,0,60000000000,1.000000,103136191009976,2989303448483,10085323541541,2838577184,0,0
157,5,48000000000,0.843442,99765459687546,7497046776700,10122032362791,2701020657,53,2
157,10,36000000000,0.390424,95218290967979,27825001133412,10128974651016,2419914448,324,4
157,15,38700000000,0.628531,84780594355402,33887366176346,10130966367006,1759927495,611,8
157,20,41400000000,0.760572,81916017903236,31769671120894,10131691770884,1756192401,624,8
157,25,44100000000,0.866577,80818381544625,29150018832485,10131691770884,1756192401,624,8
157,30,46800000000,0.990017,81130178870157,25200520947658,10131691770884,1756192401,624,8
157,35,46800000000,1.000000,81377266404338,23338096301124,10131691770884,1756192401,624,8
157,40,46800000000,1.000000,81637855645924,22980335746498,10131691770884,1756192401,624,8
157,45,46800000000,1.000000,81827982843374,22790208549048,10131691770884,1756192401,624,8
157,50,46800000000,1.000000,82023608496674,22594582895748,10131691770884,1756192401,624,8
157,55,46800000000,1.000000,82215005819672,22403185572750,10131691770884,1756192401,624,8
157,60,46800000000,1.000000,82379983956032,22238207436390,10131691770884,1756192401,624,8
157,65,46800000000,1.000000,82577231863700,22040959528722,10131691770884,1756192401,624,8
157,70,46800000000,1.000000,82773234626708,21844956765714,10131691770884,1756192401,624,8
157,75,46800000000,1.000000,82944743729342,21673447663080,10131691770884,1756192401,624,8
157,80,46800000000,1.000000,83130783639956,21487407752466,10131691770884,1756192401,624,8
157,85,46800000000,1.000000,83312984804714,21305206587708,10131691770884,1756192401,624,8
157,90,46800000000,1.000000,83469877370852,21148314021570,10131691770884,1756192401,624,8
157,95,46800000000,1.000000,83657458168268,20960733224154,10131691770884,1756192401,624,8
157,100,46800000000,1.000000,83843854845746,20774336546676,10131691770884,1756192401,624,8
157,105,46800000000,1.000000,84006958295894,20611233096528,10131691770884,1756192401,624,8
157,110,46800000000,1.000000,84183880399706,20434310992716,10131691770884,1756192401,624,8
157,115,46800000000,1.000000,84357151894334,20261039498088,10131691770884,1756192401,624,8
157,120,46800000000,1.000000,84506355163616,20111836228806,10131691770884,1756192401,624,8
157,125,46800000000,1.000000,84684742635566,19933448756856,10131691770884,1756192401,624,8
157,130,46800000000,1.000000,84862004020982,19756187371440,10131691770884,1756192401,624,8
157,135,46800000000,1.000000,85017113779244,19601077613178,10131691770884,1756192401,624,8
157,140,46800000000,1.000000,85185364939490,19432826452932,10131691770884,1756192401,624,8
157,145,46800000000,1.000000,85350144406808,19268046985614,10131691770884,1756192401,624,8
157,150,46800000000,1.000000,85492035231302,19126156161120,10131691770884,1756192401,624,8
157,155,46800000000,1.000000,85661679942212,18956511450210,10131691770884,1756192401,624,8
157,160,46800000000,1.000000,85830253756076,18787937636346,10131691770884,1756192401,624,8
157,165,46800000000,1.000000,85977761592584,18640429799838,10131691770884,1756192401,624,8
157,170,46800000000,1.000000,86137766771966,18480424620456,10131691770884,1756192401,624,8
157,175,46800000000,1.000000,86294470405880,18323720986542,10131691770884,1756192401,624,8
157,180,46800000000,1.000000,86429407168070,18188784224352,10131691770884,1756192401,624,8
157,185,46800000000,1.000000,86590737600110,18027453792312,10131691770884,1756192401,624,8
157,190,46800000000,1.000000,86751049619774,17867141772648,10131691770884,1756192401,624,8
157,195,46800000000,1.000000,86891328104690,17726863287732,10131691770884,1756192401,624,8
158,0,60000000000,1.000000,105547699403677,3007687669302,10094107927021,3525602744,0,0
158,5,48000000000,0.382045,104838128638945,9703407643307,10104227808337,3464462107,63,2
158,10,36000000000,0.409351,96459306744674,29509721322836,10110349850228,2838869701,378,5
158,15,38700000000,0.508257,87449845191472,41484983072955,10114619011315,2413750964,670,7
158,20,41400000000,0.810847,77145306047676,38711831210073,10114803570818,2412804117,684,8
158,25,44100000000,0.897764,76248876365488,35962467115844,10114803570818,2412804117,684,8
158,30,46800000000,1.000000,76566408403789,31773988891997,10114803570818,2412804117,684,8
158,35,46800000000,1.000000,76897269374988,29998269657704,10114803570818,2412804117,684,8
158,40,46800000000,1.000000,77236662321341,29514931464471,10114803570818,2412804117,684,8
158,45,46800000000,1.000000,77469541635202,29282052150610,10114803570818,2412804117,684,8
158,50,46800000000,1.000000,77711372918402,29040220867410,10114803570818,2412804117,684,8
158,55,46800000000,1.000000,77919735140383,28831858645429,10114803570818,2412804117,684,8
158,60,46800000000,1.000000,78195958053337,28555635732475,10114803570818,2412804117,684,8
158,65,46800000000,1.000000,78427828544227,28323765241585,10114803570818,2412804117,684,8
158,70,46800000000,1.000000,78689277065407,28062316720405,10114803570818,2412804117,684,8
158,75,46800000000,1.000000,78902630453155,27848963332657,10114803570818,2412804117,684,8
158,80,46800000000,1.000000,79131746433961,27619847351851,10114803570818,2412804117,684,8
158,85,46800000000,1.000000,79332783072895,27418810712917,10114803570818,2412804117,684,8
158,90,46800000000,1.000000,79595468314657,27156125471155,10114803570818,2412804117,684,8
158,95,46800000000,1.000000,79815974844145,26935618941667,10114803570818,2412804117,684,8
158,100,46800000000,1.000000,80064609786241,26686983999571,10114803570818,2412804117,684,8
158,105,46800000000,1.000000,80267506735117,26484087050695,10114803570818,2412804117,684,8
158,110,46800000000,1.000000,80485393753249,26266200032563,10114803570818,2412804117,684,8
158,115,46800000000,1.000000,80676577596421,26075016189391,10114803570818,2412804117,684,8
158,120,46800000000,1.000000,80926388647579,25825205138233,10114803570818,2412804117,684,8
158,125,46800000000,1.000000,81136088163157,25615505622655,10114803570818,2412804117,684,8
158,130,46800000000,1.000000,81372537519283,25379056266529,10114803570818,2412804117,684,8
158,135,46800000000,1.000000,81565490498749,25186103287063,10114803570818,2412804117,684,8
158,140,46800000000,1.000000,81772698885007,24978894900805,10114803570818,2412804117,684,8
158,145,46800000000,1.000000,81954512817601,24797080968211,10114803570818,2412804117,684,8
158,150,46800000000,1.000000,82192080641593,24559513144219,10114803570818,2412804117,684,8
158,155,46800000000,1.000000,82391502794299,24360090991513,10114803570818,2412804117,684,8
158,160,46800000000,1.000000,82616363779243,24135230006569,10114803570818,2412804117,684,8
158,165,46800000000,1.000000,82799860142923,23951733642889,10114803570818,2412804117,684,8
158,170,46800000000,1.000000,82996913256391,23754680529421,10114803570818,2412804117,684,8
158,175,46800000000,1.000000,83169816497227,23581777288585,10114803570818,2412804117,684,8
158,180,46800000000,1.000000,83395741133965,23355852651847,10114803570818,2412804117,684,8
158,185,46800000000,1.000000,83585389616959,23166204168853,10114803570818,2412804117,684,8
158,190,46800000000,1.000000,83799230176099,22952363609713,10114803570818,2412804117,684,8
158,195,46800000000,1.000000,83973733392211,22777860393601,10114803570818,2412804117,684,8
159,0,60000000000,1.000000,94631083692588,2996996543372,10082773764040,2851334750,0,0
159,5,48000000000,0.583805,93349613945467,7302142189129,10098210256648,2776842486,46,1
159,10,36000000000,0.409368,85519976896827,29528950395888,10102680439088,2273914950,346,4
159,15,38700000000,0.670642,75074345288120,33595841243960,10105727363326,1709864601,625,7
159,20,41400000000,0.780929,72855576126391,31692207896191,10105899979109,1708576162,637,7
159,25,44100000000,0.926051,72281592483942,27345526943289,10105899979109,1708576162,637,7
159,30,46800000000,0.966834,72440802071108,26027369563363,10105899979109,1708576162,637,7
159,35,46800000000,1.000000,72740734291104,22913825891031,10105899979109,1708576162,637,7
159,40,46800000000,1.000000,73006558227833,22630486059622,10105899979109,1708576162,637,7
159,45,46800000000,1.000000,73220164267042,22416880020413,10105899979109,1708576162,637,7
159,50,46800000000,1.000000,73365114993766,22271929293689,10105899979109,1708576162,637,7
159,55,46800000000,1.000000,73533729150184,22103315137271,10105899979109,1708576162,637,7
159,60,46800000000,1.000000,73730658732460,21906385554995,10105899979109,1708576162,637,7
159,65,46800000000,1.000000,73925606834914,21711437452541,10105899979109,1708576162,637,7
159,70,46800000000,1.000000,74122928836222,21514115451233,10105899979109,1708576162,637,7
159,75,46800000000,1.000000,74317630478584,21319413808871,10105899979109,1708576162,637,7
159,80,46800000000,1.000000,74455489016842,21181555270613,10105899979109,1708576162,637,7
159,85,46800000000,1.000000,74617011500428,21020032787027,10105899979109,1708576162,637,7
159,90,46800000000,1.000000,74804289573772,20832754713683,10105899979109,1708576162,637,7
159,95,46800000000,1.000000,74989683279478,20647361007977,10105899979109,1708576162,637,7
159,100,46800000000,1.000000,75177334539298,20459709748157,10105899979109,1708576162,637,7
159,105,46800000000,1.000000,75362493863896,20274550423559,10105899979109,1708576162,637,7
159,110,46800000000,1.000000,75493595962054,20143448325401,10105899979109,1708576162,637,7
159,115,46800000000,1.000000,75647202236776,19989842050679,10105899979109,1708576162,637,7
159,120,46800000000,1.000000,75825301821034,19811742466421,10105899979109,1708576162,637,7
159,125,46800000000,1.000000,76001609390338,19635434897117,10105899979109,1708576162,637,7
159,130,46800000000,1.000000,76180063871338,19456980416117,10105899979109,1708576162,637,7
159,135,46800000000,1.000000,76356148546720,19280895740735,10105899979109,1708576162,637,7
159,140,46800000000,1.000000,76480825337590,19156218949865,10105899979109,1708576162,637,7
159,145,46800000000,1.000000,76626903376456,19010140910999,10105899979109,1708576162,637,7
159,150,46800000000,1.000000,76796274308974,18840769978481,10105899979109,1708576162,637,7
159,155,46800000000,1.000000,76963941053146,18673103234309,10105899979109,1708576162,637,7
159,160,46800000000,1.000000,77133649488874,18503394798581,10105899979109,1708576162,637,7
159,165,46800000000,1.000000,77301104262994,18335940024461,10105899979109,1708576162,637,7
159,170,46800000000,1.000000,77419670650468,18217373636987,10105899979109,1708576162,637,7
159,175,46800000000,1.000000,77558589411946,18078454875509,10105899979109,1708576162,637,7
159,180,46800000000,1.000000,77719659483496,17917384803959,10105899979109,1708576162,637,7
159,185,46800000000,1.000000,77879108888914,17757935398541,10105899979109,1708576162,637,7
159,190,46800000000,1.000000,78040499922658,17596544364797,10105899979109,1708576162,637,7
159,195,46800000000,1.000000,78199747746880,17437296540575,10105899979109,1708576162,637,7
160,0,60000000000,1.000000,105222201398054,2946953466593,10092054135353,3363785006,0,0
160,5,48000000000,0.327183,104450961322142,11341328120244,10099556620339,3292307974,51,1
160,10,36000000000,0.383414,97641271017566,27430992902439,10102522911776,2802935083,381,4
160,15,38700000000,0.482007,89268733113878,39185477678639,10104813264171,2412952763,655,9
160,20,41400000000,0.834422,77309021414384,36968126196170,10105167049766,2411104139,665,10
160,25,44100000000,0.908483,76242416833725,35128491992372,10105167049766,2411104139,665,10
160,30,46800000000,1.000000,76562857979717,31095508105925,10105167049766,2411104139,665,10
160,35,46800000000,1.000000,76898994164861,29687155796561,10105167049766,2411104139,665,10
160,40,46800000000,1.000000,77170346557971,29344450740511,10105167049766,2411104139,665,10
160,45,46800000000,1.000000,77440409253159,29074388045323,10105167049766,2411104139,665,10
160,50,46800000000,1.000000,77697739804742,28817057493740,10105167049766,2411104139,665,10
160,55,46800000000,1.000000,77891353098624,28623444199858,10105167049766,2411104139,665,10
160,60,46800000000,1.000000,78156786984750,28358010313732,10105167049766,2411104139,665,10
160,65,46800000000,1.000000,78410407185678,28104390112804,10105167049766,2411104139,665,10
160,70,46800000000,1.000000,78626557691568,27888239606914,10105167049766,2411104139,665,10
160,75,46800000000,1.000000,78862346082708,27652451215774,10105167049766,2411104139,665,10
160,80,46800000000,1.000000,79106983117422,27407814181060,10105167049766,2411104139,665,10
160,85,46800000000,1.000000,79294186649622,27220610648860,10105167049766,2411104139,665,10
160,90,46800000000,1.000000,79546611634218,26968185664264,10105167049766,2411104139,665,10
160,95,46800000000,1.000000,79787801921694,26726995376788,10105167049766,2411104139,665,10
160,100,46800000000,1.000000,79993358902056,26521438396426,10105167049766,2411104139,665,10
160,105,46800000000,1.000000,80217591315954,26297205982528,10105167049766,2411104139,665,10
160,110,46800000000,1.000000,80450238701796,26064558596686,10105167049766,2411104139,665,10
160,115,46800000000,1.000000,80628267398226,25886529900256,10105167049766,2411104139,665,10
160,120,46800000000,1.000000,80868321046950,25646476251532,10105167049766,2411104139,665,10
160,125,46800000000,1.000000,81097690610496,25417106687986,10105167049766,2411104139,665,10
160,130,46800000000,1.000000,81293173253478,25221624045004,10105167049766,2411104139,665,10
160,135,46800000000,1.000000,81506416047864,25008381250618,10105167049766,2411104139,665,10
160,140,46800000000,1.000000,81727661396964,24787135901518,10105167049766,2411104139,665,10
160,145,46800000000,1.000000,81896964915792,24617832382690,10105167049766,2411104139,665,10
160,150,46800000000,1.000000,82125253547058,24389543751424,10105167049766,2411104139,665,10
160,155,46800000000,1.000000,82343381719824,24171415578658,10105167049766,2411104139,665,10
160,160,46800000000,1.000000,82529283768198,23985513530284,10105167049766,2411104139,665,10
160,165,46800000000,1.000000,82732075543974,23782721754508,10105167049766,2411104139,665,10
160,170,46800000000,1.000000,82942477669674,23572319628808,10105167049766,2411104139,665,10
160,175,46800000000,1.000000,83103483631536,23411313666946,10105167049766,2411104139,665,10
160,180,46800000000,1.000000,83320583848416,23194213450066,10105167049766,2411104139,665,10
160,185,46800000000,1.000000,83528021570310,22986775728172,10105167049766,2411104139,665,10
160,190,46800000000,1.000000,83704812568590,22809984729892,10105167049766,2411104139,665,10
160,195,46800000000,1.000000,83897665529484,22617131768998,10105167049766,2411104139,665,10
161,0,60000000000,1.000000,125070494979253,3178639261398,10121703759349,4436245086,0,0
161,5,48000000000,0.275863,124125134968666,14912966363239,10131769835857,4362127866,58,2
161,10,36000000000,0.469820,111706345440646,35177356863151,10137472755576,3600030584,348,6
161,15,38700000000,0.535596,100273706624963,52195193185688,10141609261029,3105760813,617,9
161,20,41400000000,0.873396,86713881720791,47532564930743,10142213286277,3102682193,627,9
161,25,44100000000,0.931305,85479049596773,45902863212270,10142213286277,3102682193,627,9
161,30,46800000000,1.000000,86004429027306,38998616599274,10142213286277,3102682193,627,9
161,35,46800000000,1.000000,86403575277431,37802288951229,10142213286277,3102682193,627,9
161,40,46800000000,1.000000,86733957388897,37304284348963,10142213286277,3102682193,627,9
161,45,46800000000,1.000000,87075941568642,36962300169218,10142213286277,3102682193,627,9
161,50,46800000000,1.000000,87380656856838,36657584881022,10142213286277,3102682193,627,9
161,55,46800000000,1.000000,87680712192662,36357529545198,10142213286277,3102682193,627,9
161,60,46800000000,1.000000,88005510731900,36032731005960,10142213286277,3102682193,627,9
161,65,46800000000,1.000000,88314850506146,35723391231714,10142213286277,3102682193,627,9
161,70,46800000000,1.000000,88578325108418,35459916629442,10142213286277,3102682193,627,9
161,75,46800000000,1.000000,88882575204362,35155666533498,10142213286277,3102682193,627,9
161,80,46800000000,1.000000,89172405279728,34865836458132,10142213286277,3102682193,627,9
161,85,46800000000,1.000000,89462592879782,34575648858078,10142213286277,3102682193,627,9
161,90,46800000000,1.000000,89771473058792,34266768679068,10142213286277,3102682193,627,9
161,95,46800000000,1.000000,90065652106196,33972589631664,10142213286277,3102682193,627,9
161,100,46800000000,1.000000,90316213831508,33722027906352,10142213286277,3102682193,627,9
161,105,46800000000,1.000000,90605552645354,33432689092506,10142213286277,3102682193,627,9
161,110,46800000000,1.000000,90881178163172,33157063574688,10142213286277,3102682193,627,9
161,115,46800000000,1.000000,91157143683428,32881098054432,10142213286277,3102682193,627,9
161,120,46800000000,1.000000,91450885660208,32587356077652,10142213286277,3102682193,627,9
161,125,46800000000,1.000000,91730647007078,32307594730782,10142213286277,3102682193,627,9
161,130,46800000000,1.000000,91968928714616,32069313023244,10142213286277,3102682193,627,9
161,135,46800000000,1.000000,92244087047696,31794154690164,10142213286277,3102682193,627,9
161,140,46800000000,1.000000,92506204172708,31532037565152,10142213286277,3102682193,627,9
161,145,46800000000,1.000000,92768644636652,31269597101208,10142213286277,3102682193,627,9
161,150,46800000000,1.000000,93047990333870,30990251403990,10142213286277,3102682193,627,9
161,155,46800000000,1.000000,93314040591194,30724201146666,10142213286277,3102682193,627,9
161,160,46800000000,1.000000,93540644124206,30497597613654,10142213286277,3102682193,627,9
161,165,46800000000,1.000000,93802316960960,30235924776900,10142213286277,3102682193,627,9
161,170,46800000000,1.000000,94051587738728,29986653999132,10142213286277,3102682193,627,9
161,175,46800000000,1.000000,94301166008630,29737075729230,10142213286277,3102682193,627,9
161,180,46800000000,1.000000,94566820987076,29471420750784,10142213286277,3102682193,627,9
161,185,46800000000,1.000000,94819832134580,29218409603280,10142213286277,3102682193,627,9
161,190,46800000000,1.000000,95035329839744,29002911898116,10142213286277,3102682193,627,9
161,195,46800000000,1.000000,95284178103914,28754063633946,10142213286277,3102682193,627,9
162,0,60000000000,1.000000,98029458941794,2919885411114,10085725647092,2835030292,0,0
162,5,48000000000,0.469625,95264231815029,12090721200077,10092735542479,2558621001,43,1
162,10,36000000000,0.532252,88820910148898,22761904441753,10099081782080,2083235700,361,7
162,15,38700000000,0.524808,83135010996394,33913920222289,10101771012037,1788468028,639,11
162,20,41400000000,0.715766,77889615963182,32193260195474,10102603109581,1784191964,654,11
162,25,44100000000,0.807315,77411857844849,29134361976371,10102603109581,1784191964,654,11
162,30,46800000000,0.937093,77704882849480,24786845231891,10102603109581,1784191964,654,11
162,35,46800000000,0.977472,77923884594471,23538853948308,10102603109581,1784191964,654,11
162,40,46800000000,0.984793,78143220554529,23141148391581,10102603109581,1784191964,654,11
162,45,46800000000,0.984793,78365848392264,22915082826824,10102603109581,1784191964,654,11
162,50,46800000000,0.984793,78556596729233,22721389032824,10102603109581,1784191964,654,11
162,55,46800000000,0.984793,78743911381647,22531181944926,10102603109581,1784191964,654,11
162,60,46800000000,0.984793,78940945865648,22331104935810,10102603109581,1784191964,654,11
162,65,46800000000,0.984793,79096252290504,22173400333200,10102603109581,1784191964,654,11
162,70,46800000000,0.984793,79293737738010,21972865397040,10102603109581,1784191964,654,11
162,75,46800000000,0.984793,79469677900293,21794208439440,10102603109581,1784191964,654,11
162,80,46800000000,0.984793,79648900166538,21612218696994,10102603109581,1784191964,654,11
162,85,46800000000,0.984793,79831371355198,21426929863626,10102603109581,1784191964,654,11
162,90,46800000000,0.984793,80018749188855,21236658618852,10102603109581,1784191964,654,11
162,95,46800000000,0.984793,80166444053548,21086683110972,10102603109581,1784191964,654,11
162,100,46800000000,0.984793,80354250749236,20895976381920,10102603109581,1784191964,654,11
162,105,46800000000,0.984793,80521568092940,20726075392896,10102603109581,1784191964,654,11
162,110,46800000000,0.984793,80692006684747,20553004958724,10102603109581,1784191964,654,11
162,115,46800000000,0.984793,80865534969613,20376797121762,10102603109581,1784191964,654,11
162,120,46800000000,0.984793,81043729424907,20195851061298,10102603109581,1784191964,654,11
162,125,46800000000,0.984793,81184185771824,20053225845396,10102603109581,1784191964,654,11
162,130,46800000000,0.984793,81362788070782,19871865643536,10102603109581,1784191964,654,11
162,135,46800000000,0.984793,81521905199694,19710291493632,10102603109581,1784191964,654,11
162,140,46800000000,0.984793,81683990604632,19545703232802,10102603109581,1784191964,654,11
162,145,46800000000,0.984793,81849014276989,19378131333072,10102603109581,1784191964,654,11
162,150,46800000000,0.984793,82018475430968,19206053429964,10102603109581,1784191964,654,11
162,155,46800000000,0.984793,82152048019173,19070418268938,10102603109581,1784191964,654,11
162,160,46800000000,0.984793,82321897028442,18897946521462,10102603109581,1784191964,654,11
162,165,46800000000,0.984793,82473215834968,18744291112398,10102603109581,1784191964,654,11
162,170,46800000000,0.984793,82627357442324,18587769314016,10102603109581,1784191964,654,11
162,175,46800000000,0.984793,82784293312774,18428410104690,10102603109581,1784191964,654,11
162,180,46800000000,0.984793,82945449184074,18264765730986,10102603109581,1784191964,654,11
162,185,46800000000,0.984793,83072475386360,18135778042458,10102603109581,1784191964,654,11
162,190,46800000000,0.984793,83234000103965,17971759126932,10102603109581,1784191964,654,11
162,195,46800000000,0.984793,83377902783258,17825634361902,10102603109581,1784191964,654,11
163,0,60000000000,1.000000,93021072513111,2896126804127,10076234682762,2513817948,0,0
163,5,48000000000,0.380653,92680302518177,8484794690757,10083365753919,2490326425,47,0
163,10,36000000000,0.602738,83376477678123,20738560873530,10117042999571,1819164674,370,5
163,15,38700000000,0.587475,78131233752823,30198188038822,10121508719418,1579471895,677,12
163,20,41400000000,0.774020,74113779119588,28109933571903,10122013605199,1576890090,693,12
163,25,44100000000,0.853888,73781199154733,25870171456587,10122013605199,1576890090,693,12
163,30,46800000000,0.979600,74044936964736,22281013826084,10122013605199,1576890090,693,12
163,35,46800000000,1.000000,74265630569422,20866969771709,10122013605199,1576890090,693,12
163,40,46800000000,1.000000,74485854859449,20547275877882,10122013605199,1576890090,693,12
163,45,46800000000,1.000000,74651899240952,20381231496379,10122013605199,1576890090,693,12
163,50,46800000000,1.000000,74827286851382,20205843885949,10122013605199,1576890090,693,12
163,55,46800000000,1.000000,74993544375990,20039586361341,10122013605199,1576890090,693,12
163,60,46800000000,1.000000,75172788943344,19860341793987,10122013605199,1576890090,693,12
163,65,46800000000,1.000000,75333253112646,19699877624685,10122013605199,1576890090,693,12
163,70,46800000000,1.000000,75498872576760,19534258160571,10122013605199,1576890090,693,12
163,75,46800000000,1.000000,75650651425200,19382479312131,10122013605199,1576890090,693,12
163,80,46800000000,1.000000,75816086036406,19217044700925,10122013605199,1576890090,693,12
163,85,46800000000,1.000000,75975683482410,19057447254921,10122013605199,1576890090,693,12
163,90,46800000000,1.000000,76146143282364,18886987454967,10122013605199,1576890090,693,12
163,95,46800000000,1.000000,76298743110810,18734387626521,10122013605199,1576890090,693,12
163,100,46800000000,1.000000,76456245573276,18576885164055,10122013605199,1576890090,693,12
163,105,46800000000,1.000000,76600585747890,18432544989441,10122013605199,1576890090,693,12
163,110,46800000000,1.000000,76757912417064,18275218320267,10122013605199,1576890090,693,12
163,115,46800000000,1.000000,76909688000178,18123442737153,10122013605199,1576890090,693,12
163,120,46800000000,1.000000,77071793573994,17961337163337,10122013605199,1576890090,693,12
163,125,46800000000,1.000000,77216914492566,17816216244765,10122013605199,1576890090,693,12
163,130,46800000000,1.000000,77366697767088,17666432970243,10122013605199,1576890090,693,12
163,135,46800000000,1.000000,77503963836900,17529166900431,10122013605199,1576890090,693,12
163,140,46800000000,1.000000,77653579933842,17379550803489,10122013605199,1576890090,693,12
163,145,46800000000,1.000000,77797917003366,17235213733965,10122013605199,1576890090,693,12
163,150,46800000000,1.000000,77952077790996,17081052946335,10122013605199,1576890090,693,12
163,155,46800000000,1.000000,78090086340474,16943044396857,10122013605199,1576890090,693,12
163,160,46800000000,1.000000,78232528744272,16800601993059,10122013605199,1576890090,693,12
163,165,46800000000,1.000000,78363067410906,16670063326425,10122013605199,1576890090,693,12
163,170,46800000000,1.000000,78505350830334,16527779906997,10122013605199,1576890090,693,12
163,175,46800000000,1.000000,78642613947234,16390516790097,10122013605199,1576890090,693,12
163,180,46800000000,1.000000,78789219322458,16243911414873,10122013605199,1576890090,693,12
163,185,46800000000,1.000000,78920464079772,16112666657559,10122013605199,1576890090,693,12
163,190,46800000000,1.000000,79055925388566,15977205348765,10122013605199,1576890090,693,12
163,195,46800000000,1.000000,79180066361622,15853064375709,10122013605199,1576890090,693,12
164,0,60000000000,1.000000,96124884744346,2916394870505,10080711385149,2897405756,0,0
164,5,48000000000,0.776035,92563452962394,8319179815458,10102561741617,2645386958,62,3
164,10,36000000000,0.538855,84210107588354,27473521291303,10107628301408,2096138850,388,8
164,15,38700000000,0.651225,76936754320848,33895315496927,10111746145989,1725938602,682,11
164,20,41400000000,0.751677,74204127380456,33000224707680,10112340404643,1722774617,691,11
164,25,44100000000,0.875105,73881611049606,28714316040271,10112340404643,1722774617,691,11
164,30,46800000000,0.957484,74118921230448,25995965685021,10112340404643,1722774617,691,11
164,35,46800000000,1.000000,74409953991069,23326745059682,10112340404643,1722774617,691,11
164,40,46800000000,1.000000,74656432145996,23014138866555,10112340404643,1722774617,691,11
164,45,46800000000,1.000000,74866967395316,22803603617235,10112340404643,1722774617,691,11
164,50,46800000000,1.000000,75048236654540,22622334358011,10112340404643,1722774617,691,11
164,55,46800000000,1.000000,75211126875147,22459444137404,10112340404643,1722774617,691,11
164,60,46800000000,1.000000,75417539674179,22253031338372,10112340404643,1722774617,691,11
164,65,46800000000,1.000000,75610825780911,22059745231640,10112340404643,1722774617,691,11
164,70,46800000000,1.000000,75794767457421,21875803555130,10112340404643,1722774617,691,11
164,75,46800000000,1.000000,75982724695245,21687846317306,10112340404643,1722774617,691,11
164,80,46800000000,1.000000,76150953549567,21519617462984,10112340404643,1722774617,691,11
164,85,46800000000,1.000000,76311863090613,21358707921938,10112340404643,1722774617,691,11
164,90,46800000000,1.000000,76508159608749,21162411403802,10112340404643,1722774617,691,11
164,95,46800000000,1.000000,76691972772945,20978598239606,10112340404643,1722774617,691,11
164,100,46800000000,1.000000,76866899476977,20803671535574,10112340404643,1722774617,691,11
164,105,46800000000,1.000000,77045644939803,20624926072748,10112340404643,1722774617,691,11
164,110,46800000000,1.000000,77205628906437,20464942106114,10112340404643,1722774617,691,11
164,115,46800000000,1.000000,77358652278969,20311918733582,10112340404643,1722774617,691,11
164,120,46800000000,1.000000,77545328314425,20125242698126,10112340404643,1722774617,691,11
164,125,46800000000,1.000000,77720132804619,19950438207932,10112340404643,1722774617,691,11
164,130,46800000000,1.000000,77886486359727,19784084652824,10112340404643,1722774617,691,11
164,135,46800000000,1.000000,78056471516481,19614099496070,10112340404643,1722774617,691,11
164,140,46800000000,1.000000,78208614676887,19461956335664,10112340404643,1722774617,691,11
164,145,46800000000,1.000000,78354138381561,19316432630990,10112340404643,1722774617,691,11
164,150,46800000000,1.000000,78531665433747,19138905578804,10112340404643,1722774617,691,11
164,155,46800000000,1.000000,78697902764709,18972668247842,10112340404643,1722774617,691,11
164,160,46800000000,1.000000,78856103340393,18814467672158,10112340404643,1722774617,691,11
164,165,46800000000,1.000000,79017757533063,18652813479488,10112340404643,1722774617,691,11
164,170,46800000000,1.000000,79162444164627,18508126847924,10112340404643,1722774617,691,11
164,175,46800000000,1.000000,79300835759769,18369735252782,10112340404643,1722774617,691,11
164,180,46800000000,1.000000,79469662220109,18200908792442,10112340404643,1722774617,691,11
164,185,46800000000,1.000000,79627752267765,18042818744786,10112340404643,1722774617,691,11
164,190,46800000000,1.000000,79778199441189,17892371571362,10112340404643,1722774617,691,11
164,195,46800000000,1.000000,79931930969817,17738640042734,10112340404643,1722774617,691,11
165,0,60000000000,1.000000,89221391623867,2823925461665,10061743914468,2144201148,0,0
165,5,48000000000,0.498734,88406738971877,7260637437297,10079197043132,2087756773,50,1
165,10,36000000000,0.370876,84622219511470,19951672491973,10085247798788,1837928108,349,4
165,15,38700000000,0.586077,76701805317412,26135856804579,10087626670945,1459373924,644,8
165,20,41400000000,0.856418,70871253228276,24690265692846,10090625341841,1444085579,659,9
165,25,44100000000,0.940126,70348490951729,23047909414063,10090625341841,1444085579,659,9
165,30,46800000000,1.000000,70613505881288,19887547527276,10090625341841,1444085579,659,9
165,35,46800000000,1.000000,70799262302674,19113913898590,10090625341841,1444085579,659,9
165,40,46800000000,1.000000,70990194504900,18858103636124,10090625341841,1444085579,659,9
165,45,46800000000,1.000000,71150435485221,18697862655803,10090625341841,1444085579,659,9
165,50,46800000000,1.000000,71317873919126,18530424221898,10090625341841,1444085579,659,9
165,55,46800000000,1.000000,71467792398289,18380505742735,10090625341841,1444085579,659,9
165,60,46800000000,1.000000,71619205170157,18229092970867,10090625341841,1444085579,659,9
165,65,46800000000,1.000000,71772672141187,18075625999837,10090625341841,1444085579,659,9
165,70,46800000000,1.000000,71923280394883,17925017746141,10090625341841,1444085579,659,9
165,75,46800000000,1.000000,72065115446749,17783182694275,10090625341841,1444085579,659,9
165,80,46800000000,1.000000,72223897552495,17624400588529,10090625341841,1444085579,659,9
165,85,46800000000,1.000000,72368620046011,17479678095013,10090625341841,1444085579,659,9
165,90,46800000000,1.000000,72512612085493,17335686055531,10090625341841,1444085579,659,9
165,95,46800000000,1.000000,72658557647893,17189740493131,10090625341841,1444085579,659,9
165,100,46800000000,1.000000,72801784598539,17046513542485,10090625341841,1444085579,659,9
165,105,46800000000,1.000000,72936668321521,16911629819503,10090625341841,1444085579,659,9
165,110,46800000000,1.000000,73087668524173,16760629616851,10090625341841,1444085579,659,9
165,115,46800000000,1.000000,73225298175457,16622999965567,10090625341841,1444085579,659,9
165,120,46800000000,1.000000,73362233172265,16486064968759,10090625341841,1444085579,659,9
165,125,46800000000,1.000000,73501025949949,16347272191075,10090625341841,1444085579,659,9
165,130,46800000000,1.000000,73637233354999,16211064786025,10090625341841,1444085579,659,9
165,135,46800000000,1.000000,73765506433507,16082791707517,10090625341841,1444085579,659,9
165,140,46800000000,1.000000,73909106123863,15939192017161,10090625341841,1444085579,659,9
165,145,46800000000,1.000000,74039990552743,15808307588281,10090625341841,1444085579,659,9
165,150,46800000000,1.000000,74170214372203,15678083768821,10090625341841,1444085579,659,9
165,155,46800000000,1.000000,74302204922683,15546093218341,10090625341841,1444085579,659,9
165,160,46800000000,1.000000,74431736809573,15416561331451,10090625341841,1444085579,659,9
165,165,46800000000,1.000000,74553723230941,15294574910083,10090625341841,1444085579,659,9
165,170,46800000000,1.000000,74690285107675,15158013033349,10090625341841,1444085579,659,9
165,175,46800000000,1.000000,74814754897345,15033543243679,10090625341841,1444085579,659,9
165,180,46800000000,1.000000,74938596453805,14909701687219,10090625341841,1444085579,659,9
165,185,46800000000,1.000000,75064118154055,14784179986969,10090625341841,1444085579,659,9
165,190,46800000000,1.000000,75187301689609,14660996451415,10090625341841,1444085579,659,9
165,195,46800000000,1.000000,75303309562543,14544988578481,10090625341841,1444085579,659,9
166,0,60000000000,1.000000,99545598499133,2984078808307,10083602692560,2815577610,0,0
166,5,48000000000,0.448894,98456189041263,9039943836383,10099114880711,2709932853,49,3
166,10,36000000000,0.560754,88999246412833,24092673831739,10103963708391,2122657310,350,7
166,15,38700000000,0.623078,81594834211262,33561318709449,10107121808820,1821257116,630,10
166,20,41400000000,0.801037,76833280574658,32048518457202,10107945616871,1817001359,646,11
166,25,44100000000,0.895305,76106626598789,29485725615064,10107945616871,1817001359,646,11
166,30,46800000000,0.992878,76380210360155,26312518968049,10107945616871,1817001359,646,11
166,35,46800000000,1.000000,76656170900821,24283676770878,10107945616871,1817001359,646,11
166,40,46800000000,1.000000,76916304860187,23933415363232,10107945616871,1817001359,646,11
166,45,46800000000,1.000000,77115902573814,23733817649605,10107945616871,1817001359,646,11
166,50,46800000000,1.000000,77305309433958,23544410789461,10107945616871,1817001359,646,11
166,55,46800000000,1.000000,77492665970969,23357054252450,10107945616871,1817001359,646,11
166,60,46800000000,1.000000,77706574801235,23143145422184,10107945616871,1817001359,646,11
166,65,46800000000,1.000000,77897522916647,22952197306772,10107945616871,1817001359,646,11
166,70,46800000000,1.000000,78098250122915,22751470100504,10107945616871,1817001359,646,11
166,75,46800000000,1.000000,78277394219105,22572326004314,10107945616871,1817001359,646,11
166,80,46800000000,1.000000,78457521279311,22392198944108,10107945616871,1817001359,646,11
166,85,46800000000,1.000000,78637394012939,22212326210480,10107945616871,1817001359,646,11
166,90,46800000000,1.000000,78840819182039,22008901041380,10107945616871,1817001359,646,11
166,95,46800000000,1.000000,79022408939999,21827311283420,10107945616871,1817001359,646,11
166,100,46800000000,1.000000,79213298515757,21636421707662,10107945616871,1817001359,646,11
166,105,46800000000,1.000000,79383662768645,21466057454774,10107945616871,1817001359,646,11
166,110,46800000000,1.000000,79554961810481,21294758412938,10107945616871,1817001359,646,11
166,115,46800000000,1.000000,79726018990319,21123701233100,10107945616871,1817001359,646,11
166,120,46800000000,1.000000,79919474301989,20930245921430,10107945616871,1817001359,646,11
166,125,46800000000,1.000000,80092164354851,20757555868568,10107945616871,1817001359,646,11
166,130,46800000000,1.000000,80273698442219,20576021781200,10107945616871,1817001359,646,11
166,135,46800000000,1.000000,80435713151411,20414007072008,10107945616871,1817001359,646,11
166,140,46800000000,1.000000,80598616835855,20251103387564,10107945616871,1817001359,646,11
166,145,46800000000,1.000000,80761290511835,20088429711584,10107945616871,1817001359,646,11
166,150,46800000000,1.000000,80945264588357,19904455635062,10107945616871,1817001359,646,11
166,155,46800000000,1.000000,81109491110357,19740229113062,10107945616871,1817001359,646,11
166,160,46800000000,1.000000,81282128221109,19567592002310,10107945616871,1817001359,646,11
166,165,46800000000,1.000000,81436202597657,19413517625762,10107945616871,1817001359,646,11
166,170,46800000000,1.000000,81591122380577,19258597842842,10107945616871,1817001359,646,11
166,175,46800000000,1.000000,81745823427857,19103896795562,10107945616871,1817001359,646,11
166,180,46800000000,1.000000,81920780944229,18928939279190,10107945616871,1817001359,646,11
166,185,46800000000,1.000000,82076958732635,18772761490784,10107945616871,1817001359,646,11
166,190,46800000000,1.000000,82241134907267,18608585316152,10107945616871,1817001359,646,11
166,195,46800000000,1.000000,82387658106155,18462062117264,10107945616871,1817001359,646,11
167,0,60000000000,1.000000,93504159578013,2822647250246,10066475171741,2575556332,0,0
167,5,48000000000,0.572333,92941455817039,5899912053471,10075112693737,2530616045,53,0
167,10,36000000000,0.395158,86839442937261,23972531655972,10080896504703,2128960207,354,3
167,15,38700000000,0.692786,76126107628136,29134542899600,10083183677643,1734073595,667,7
167,20,41400000000,0.825309,71645663245411,29884440866261,10083720133196,1730975859,680,8
167,25,44100000000,0.974240,70969452359670,26010125417338,10083720133196,1730975859,680,8
167,30,46800000000,0.999741,71142275327941,25173809540170,10083720133196,1730975859,680,8
167,35,46800000000,1.000000,71415361308087,22721884957497,10083720133196,1730975859,680,8
167,40,46800000000,1.000000,71671656566684,22415993854660,10083720133196,1730975859,680,8
167,45,46800000000,1.000000,71865419263961,22222231157383,10083720133196,1730975859,680,8
167,50,46800000000,1.000000,72064452091397,22023198329947,10083720133196,1730975859,680,8
167,55,46800000000,1.000000,72197464084518,21890186336826,10083720133196,1730975859,680,8
167,60,46800000000,1.000000,72399964956786,21687685464558,10083720133196,1730975859,680,8
167,65,46800000000,1.000000,72581804836266,21505845585078,10083720133196,1730975859,680,8
167,70,46800000000,1.000000,72775098226896,21312552194448,10083720133196,1730975859,680,8
167,75,46800000000,1.000000,72952463235582,21135187185762,10083720133196,1730975859,680,8
167,80,46800000000,1.000000,73141635895002,20946014526342,10083720133196,1730975859,680,8
167,85,46800000000,1.000000,73270301003244,20817349418100,10083720133196,1730975859,680,8
167,90,46800000000,1.000000,73462877317932,20624773103412,10083720133196,1730975859,680,8
167,95,46800000000,1.000000,73635805233900,20451845187444,10083720133196,1730975859,680,8
167,100,46800000000,1.000000,73819625325132,20268025096212,10083720133196,1730975859,680,8
167,105,46800000000,1.000000,73988297683638,20099352737706,10083720133196,1730975859,680,8
167,110,46800000000,1.000000,74168199000390,19919451420954,10083720133196,1730975859,680,8
167,115,46800000000,1.000000,74290558238136,19797092183208,10083720133196,1730975859,680,8
167,120,46800000000,1.000000,74473696397298,19613954024046,10083720133196,1730975859,680,8
167,125,46800000000,1.000000,74638149124662,19449501296682,10083720133196,1730975859,680,8
167,130,46800000000,1.000000,74812960202400,19274690218944,10083720133196,1730975859,680,8
167,135,46800000000,1.000000,74973365937054,19114284484290,10083720133196,1730975859,680,8
167,140,46800000000,1.000000,75144450299340,18943200122004,10083720133196,1730975859,680,8
167,145,46800000000,1.000000,75260812716924,18826837704420,10083720133196,1730975859,680,8
167,150,46800000000,1.000000,75434975284110,18652675137234,10083720133196,1730975859,680,8
167,155,46800000000,1.000000,75591368191512,18496282229832,10083720133196,1730975859,680,8
167,160,46800000000,1.000000,75757611787080,18330038634264,10083720133196,1730975859,680,8
167,165,46800000000,1.000000,75910156044732,18177494376612,10083720133196,1730975859,680,8
167,170,46800000000,1.000000,76072855570872,18014794850472,10083720133196,1730975859,680,8
167,175,46800000000,1.000000,76183515072180,17904135349164,10083720133196,1730975859,680,8
167,180,46800000000,1.000000,76349141940510,17738508480834,10083720133196,1730975859,680,8
167,185,46800000000,1.000000,76497870039390,17589780381954,10083720133196,1730975859,680,8
167,190,46800000000,1.000000,76655966044626,17431684376718,10083720133196,1730975859,680,8
167,195,46800000000,1.000000,76801034115774,17286616305570,10083720133196,1730975859,680,8
168,0,60000000000,1.000000,110740506916293,3131769406677,10112578677030,4220343416,0,0
168,5,48000000000,0.325141,108991246275886,14951307239042,10132326476212,4054475497,40,3
168,10,36000000000,0.541587,96798518349202,31481756051155,10136237509981,3264673143,371,8
168,15,38700000000,0.477556,90090041031930,49746588398541,10138012681571,2924768973,659,14
168,20,41400000000,0.831374,76326781357624,45128028340983,10139814718042,2915531130,678,15
168,25,44100000000,0.884384,75330550949794,43549512893088,10139814718042,2915531130,678,15
168,30,46800000000,1.000000,75805424856287,37044174105605,10139814718042,2915531130,678,15
168,35,46800000000,1.000000,76217321673618,35728381061193,10139814718042,2915531130,678,15
168,40,46800000000,1.000000,76527081801887,35327130783304,10139814718042,2915531130,678,15
168,45,46800000000,1.000000,76820154552591,35034058032600,10139814718042,2915531130,678,15
168,50,46800000000,1.000000,77122317731487,34731894853704,10139814718042,2915531130,678,15
168,55,46800000000,1.000000,77395079909904,34459132675287,10139814718042,2915531130,678,15
168,60,46800000000,1.000000,77710148092266,34144064492925,10139814718042,2915531130,678,15
168,65,46800000000,1.000000,78017831926080,33836380659111,10139814718042,2915531130,678,15
168,70,46800000000,1.000000,78282628328634,33571584256557,10139814718042,2915531130,678,15
168,75,46800000000,1.000000,78531443509746,33322769075445,10139814718042,2915531130,678,15
168,80,46800000000,1.000000,78817493842278,33036718742913,10139814718042,2915531130,678,15
168,85,46800000000,1.000000,79083920261514,32770292323677,10139814718042,2915531130,678,15
168,90,46800000000,1.000000,79383546967986,32470665617205,10139814718042,2915531130,678,15
168,95,46800000000,1.000000,79676151232446,32178061352745,10139814718042,2915531130,678,15
168,100,46800000000,1.000000,79927969976424,31926242608767,10139814718042,2915531130,678,15
168,105,46800000000,1.000000,80164590738000,31689621847191,10139814718042,2915531130,678,15
168,110,46800000000,1.000000,80436621758082,31417590827109,10139814718042,2915531130,678,15
168,115,46800000000,1.000000,80689990631868,31164221953323,10139814718042,2915531130,678,15
168,120,46800000000,1.000000,80974932648540,30879279936651,10139814718042,2915531130,678,15
168,125,46800000000,1.000000,81253196392554,30601016192637,10139814718042,2915531130,678,15
168,130,46800000000,1.000000,81492673512642,30361539072549,10139814718042,2915531130,678,15
168,135,46800000000,1.000000,81717697502466,30136515082725,10139814718042,2915531130,678,15
168,140,46800000000,1.000000,81976396295688,29877816289503,10139814718042,2915531130,678,15
168,145,46800000000,1.000000,82217347573554,29636865011637,10139814718042,2915531130,678,15
168,150,46800000000,1.000000,82488324596100,29365887989091,10139814718042,2915531130,678,15
168,155,46800000000,1.000000,82752950648052,29101261937139,10139814718042,2915531130,678,15
168,160,46800000000,1.000000,82980691006338,28873521578853,10139814718042,2915531130,678,15
168,165,46800000000,1.000000,83194686581616,28659526003575,10139814718042,2915531130,678,15
168,170,46800000000,1.000000,83440706560008,28413506025183,10139814718042,2915531130,678,15
168,175,46800000000,1.000000,83669848827708,28184363757483,10139814718042,2915531130,678,15
168,180,46800000000,1.000000,83927545279890,27926667305301,10139814718042,2915531130,678,15
168,185,46800000000,1.000000,84179202022086,27675010563105,10139814718042,2915531130,678,15
168,190,46800000000,1.000000,84395780836866,27458431748325,10139814718042,2915531130,678,15
168,195,46800000000,1.000000,84599288499630,27254924085561,10139814718042,2915531130,678,15
169,0,60000000000,1.000000,100721728244033,2997390788604,10083696967363,2792766796,0,0
169,5,48000000000,0.438710,99938389348858,8598235349703,10092290820662,2724347892,64,4
169,10,36000000000,0.666974,88397213151441,22950807642748,10098020617687,1954251522,367,8
169,15,38700000000,0.625212,83122713868602,32918079512342,10099325784724,1707065932,628,9
169,20,41400000000,0.796935,78912473443126,31107259040757,10099873476184,1704293045,640,9
169,25,44100000000,0.881386,78682389972202,28387749145548,10099873476184,1704293045,640,9
169,30,46800000000,0.982730,78940706430558,25197394295481,10099873476184,1704293045,640,9
169,35,46800000000,1.000000,79228707683030,22819168618852,10099873476184,1704293045,640,9
169,40,46800000000,1.000000,79475541379063,22516709654039,10099873476184,1704293045,640,9
169,45,46800000000,1.000000,79651121752620,22341129280482,10099873476184,1704293045,640,9
169,50,46800000000,1.000000,79848924941922,22143326091180,10099873476184,1704293045,640,9
169,55,46800000000,1.000000,80011045139001,21981205894101,10099873476184,1704293045,640,9
169,60,46800000000,1.000000,80211660871575,21780590161527,10099873476184,1704293045,640,9
169,65,46800000000,1.000000,80405459117055,21586791916047,10099873476184,1704293045,640,9
169,70,46800000000,1.000000,80587762245387,21404488787715,10099873476184,1704293045,640,9
169,75,46800000000,1.000000,80745752913105,21246498119997,10099873476184,1704293045,640,9
169,80,46800000000,1.000000,80933696477553,21058554555549,10099873476184,1704293045,640,9
169,85,46800000000,1.000000,81088342921287,20903908111815,10099873476184,1704293045,640,9
169,90,46800000000,1.000000,81279126486891,20713124546211,10099873476184,1704293045,640,9
169,95,46800000000,1.000000,81463426690107,20528824342995,10099873476184,1704293045,640,9
169,100,46800000000,1.000000,81636795151173,20355455881929,10099873476184,1704293045,640,9
169,105,46800000000,1.000000,81787042704327,20205208328775,10099873476184,1704293045,640,9
169,110,46800000000,1.000000,81965775164109,20026475868993,10099873476184,1704293045,640,9
169,115,46800000000,1.000000,82112842393281,19879408639821,10099873476184,1704293045,640,9
169,120,46800000000,1.000000,82294275665871,19697975367231,10099873476184,1704293045,640,9
169,125,46800000000,1.000000,82469543325303,19522707707799,10099873476184,1704293045,640,9
169,130,46800000000,1.000000,82634415006711,19357836026391,10099873476184,1704293045,640,9
169,135,46800000000,1.000000,82777298934663,19214952098439,10099873476184,1704293045,640,9
169,140,46800000000,1.000000,82947271725333,19044979307769,10099873476184,1704293045,640,9
169,145,46800000000,1.000000,83087131196967,18905119836135,10099873476184,1704293045,640,9
169,150,46800000000,1.000000,83259672433839,18732578599263,10099873476184,1704293045,640,9
169,155,46800000000,1.000000,83426350233981,18565900799121,10099873476184,1704293045,640,9
169,160,46800000000,1.000000,83583141562599,18409109470503,10099873476184,1704293045,640,9
169,165,46800000000,1.000000,83719022756331,18273228276771,10099873476184,1704293045,640,9
169,170,46800000000,1.000000,83880665189127,18111585843975,10099873476184,1704293045,640,9
169,175,46800000000,1.000000,84013670155101,17978580878001,10099873476184,1704293045,640,9
169,180,46800000000,1.000000,84177755154639,17814495878463,10099873476184,1704293045,640,9
169,185,46800000000,1.000000,84336264084027,17655986949075,10099873476184,1704293045,640,9
169,190,46800000000,1.000000,84485371077315,17506879955787,10099873476184,1704293045,640,9
169,195,46800000000,1.000000,84614592740643,17377658292459,10099873476184,1704293045,640,9
170,0,60000000000,1.000000,114501508907561,3122828603033,10106221489406,4280243268,0,0
170,5,48000000000,0.271035,113845091312927,13915660606337,10113840030115,4228151841,48,2
170,10,36000000000,0.415874,104301659570849,31993610455274,10123584612989,3744256933,347,4
170,15,38700000000,0.374171,98809115652194,50231921017975,10126100089230,3488839411,625,7
170,20,41400000000,0.916029,75186457103433,46304829442988,10127552154450,3481321302,642,7
170,25,44100000000,0.933654,73687463418660,47036201934093,10127552154450,3481321302,642,7
170,30,46800000000,1.000000,74152117459000,41670873517103,10127552154450,3481321302,642,7
170,35,46800000000,1.000000,74626842803515,40665607863871,10127552154450,3481321302,642,7
170,40,46800000000,1.000000,75032195899976,40214781680070,10127552154450,3481321302,642,7
170,45,46800000000,1.000000,75304755988462,39942221591584,10127552154450,3481321302,642,7
170,50,46800000000,1.000000,75662402531188,39584575048858,10127552154450,3481321302,642,7
170,55,46800000000,1.000000,75940239344866,39306738235180,10127552154450,3481321302,642,7
170,60,46800000000,1.000000,76312551299650,38934426280396,10127552154450,3481321302,642,7
170,65,46800000000,1.000000,76681282038922,38565695541124,10127552154450,3481321302,642,7
170,70,46800000000,1.000000,77017660081246,38229317498800,10127552154450,3481321302,642,7
170,75,46800000000,1.000000,77261095062226,37985882517820,10127552154450,3481321302,642,7
170,80,46800000000,1.000000,77601190256374,37645787323672,10127552154450,3481321302,642,7
170,85,46800000000,1.000000,77866660602196,37380316977850,10127552154450,3481321302,642,7
170,90,46800000000,1.000000,78220725566764,37026252013282,10127552154450,3481321302,642,7
170,95,46800000000,1.000000,78571384830982,36675592749064,10127552154450,3481321302,642,7
170,100,46800000000,1.000000,78891277002298,36355700577748,10127552154450,3481321302,642,7
170,105,46800000000,1.000000,79122781246996,36124196333050,10127552154450,3481321302,642,7
170,110,46800000000,1.000000,79446208392724,35800769187322,10127552154450,3481321302,642,7
170,115,46800000000,1.000000,79698668050138,35548309529908,10127552154450,3481321302,642,7
170,120,46800000000,1.000000,80035380308338,35211597271708,10127552154450,3481321302,642,7
170,125,46800000000,1.000000,80368853779510,34878123800536,10127552154450,3481321302,642,7
170,130,46800000000,1.000000,80673068051464,34573909528582,10127552154450,3481321302,642,7
170,135,46800000000,1.000000,80893226284690,34353751295356,10127552154450,3481321302,642,7
170,140,46800000000,1.000000,81200802282154,34046175297892,10127552154450,3481321302,642,7
170,145,46800000000,1.000000,81440888904478,33806088675568,10127552154450,3481321302,642,7
170,150,46800000000,1.000000,81761098911688,33485878668358,10127552154450,3481321302,642,7
170,155,46800000000,1.000000,82078228864828,33168748715218,10127552154450,3481321302,642,7
170,160,46800000000,1.000000,82367533610482,32879443969564,10127552154450,3481321302,642,7
170,165,46800000000,1.000000,82576901899660,32670075680386,10127552154450,3481321302,642,7
170,170,46800000000,1.000000,82869403612798,32377573967248,10127552154450,3481321302,642,7
170,175,46800000000,1.000000,83097723601816,32149253978230,10127552154450,3481321302,642,7
170,180,46800000000,1.000000,83402240132506,31844737447540,10127552154450,3481321302,642,7
170,185,46800000000,1.000000,83703827562274,31543150017772,10127552154450,3481321302,642,7
170,190,46800000000,1.000000,83978953496728,31268024083318,10127552154450,3481321302,642,7
170,195,46800000000,1.000000,84178060656484,31068916923562,10127552154450,3481321302,642,7
171,0,60000000000,1.000000,107387657364130,3074556658244,10095770977626,3147701846,0,0
171,5,48000000000,0.414392,106259545904523,10117858176536,10105678239498,3059334554,53,5
171,10,36000000000,0.435607,96703013248003,31535638542392,10117821749139,2326293869,354,10
171,15,38700000000,0.601168,87658462611687,37893532583796,10119145998771,1961475309,625,12
171,20,41400000000,0.769864,84091204736515,34221886012863,10120565583864,1947258543,641,12
171,25,44100000000,0.837055,83344511142702,32366927697846,10120565583864,1947258543,641,12
171,30,46800000000,0.956934,83698475608742,27942301896816,10120565583864,1947258543,641,12
171,35,46800000000,1.000000,84038803069136,25161843713781,10120565583864,1947258543,641,12
171,40,46800000000,1.000000,84310364654454,24869857327763,10120565583864,1947258543,641,12
171,45,46800000000,1.000000,84460612117911,24719609864306,10120565583864,1947258543,641,12
171,50,46800000000,1.000000,84676839141819,24503382840398,10120565583864,1947258543,641,12
171,55,46800000000,1.000000,84892004828408,24288217153809,10120565583864,1947258543,641,12
171,60,46800000000,1.000000,85118974419950,24061247562267,10120565583864,1947258543,641,12
171,65,46800000000,1.000000,85330214424968,23850007557249,10120565583864,1947258543,641,12
171,70,46800000000,1.000000,85535229790046,23644992192171,10120565583864,1947258543,641,12
171,75,46800000000,1.000000,85671367056872,23508854925345,10120565583864,1947258543,641,12
171,80,46800000000,1.000000,85877004324044,23303217658173,10120565583864,1947258543,641,12
171,85,46800000000,1.000000,86082369117506,23097852864711,10120565583864,1947258543,641,12
171,90,46800000000,1.000000,86298214940768,22882007041449,10120565583864,1947258543,641,12
171,95,46800000000,1.000000,86499102083564,22681119898653,10120565583864,1947258543,641,12
171,100,46800000000,1.000000,86694069655868,22486152326349,10120565583864,1947258543,641,12
171,105,46800000000,1.000000,86823534842048,22356687140169,10120565583864,1947258543,641,12
171,110,46800000000,1.000000,87019093836986,22161128145231,10120565583864,1947258543,641,12
171,115,46800000000,1.000000,87214393712264,21965828269953,10120565583864,1947258543,641,12
171,120,46800000000,1.000000,87419660942546,21760561039671,10120565583864,1947258543,641,12
171,125,46800000000,1.000000,87610702616474,21569519365743,10120565583864,1947258543,641,12
171,130,46800000000,1.000000,87796114837802,21384107144415,10120565583864,1947258543,641,12
171,135,46800000000,1.000000,87919234941746,21260987040471,10120565583864,1947258543,641,12
171,140,46800000000,1.000000,88105209600122,21075012382095,10120565583864,1947258543,641,12
171,145,46800000000,1.000000,88290937838132,20889284144085,10120565583864,1947258543,641,12
171,150,46800000000,1.000000,88486144931678,20694077050539,10120565583864,1947258543,641,12
171,155,46800000000,1.000000,88667823662708,20512398319509,10120565583864,1947258543,641,12
171,160,46800000000,1.000000,88844148840338,20336073141879,10120565583864,1947258543,641,12
171,165,46800000000,1.000000,88961234834090,20218987148127,10120565583864,1947258543,641,12
171,170,46800000000,1.000000,89138094883772,20042127098445,10120565583864,1947258543,641,12
171,175,46800000000,1.000000,89314720590170,19865501392047,10120565583864,1947258543,641,12
171,180,46800000000,1.000000,89500360593722,19679861388495,10120565583864,1947258543,641,12
171,185,46800000000,1.000000,89673135259274,19507086722943,10120565583864,1947258543,641,12
171,190,46800000000,1.000000,89840818748684,19339403233533,10120565583864,1947258543,641,12
171,195,46800000000,1.000000,89952166363652,19228055618565,10120565583864,1947258543,641,12
172,0,60000000000,1.000000,106614355357225,2987927050137,10092292592638,3198233684,0,0
172,5,48000000000,0.400535,105473245896501,10262784535569,10110723146217,3108683052,55,3
172,10,36000000000,0.467046,97192012505118,26509446071965,10121427870551,2613839836,379,5
172,15,38700000000,0.470032,91741334255353,37934584694585,10122760332472,2310543614,672,8
172,20,41400000000,0.829662,79913110851926,35723910495975,10142678256487,2208984578,686,8
172,25,44100000000,0.892764,79495977164184,33666153274249,10142678256487,2208984578,686,8
172,30,46800000000,1.000000,79841577380063,28827036396699,10142678256487,2208984578,686,8
172,35,46800000000,1.000000,80134970872753,27776427029209,10142678256487,2208984578,686,8
172,40,46800000000,1.000000,80412459222669,27378259083473,10142678256487,2208984578,686,8
172,45,46800000000,1.000000,80647147309187,27143570996955,10142678256487,2208984578,686,8
172,50,46800000000,1.000000,80873509516451,26917208789691,10142678256487,2208984578,686,8
172,55,46800000000,1.000000,81080072426032,26710645880110,10142678256487,2208984578,686,8
172,60,46800000000,1.000000,81322410004930,26468308301212,10142678256487,2208984578,686,8
172,65,46800000000,1.000000,81543153398638,26247564907504,10142678256487,2208984578,686,8
172,70,46800000000,1.000000,81769482108292,26021236197850,10142678256487,2208984578,686,8
172,75,46800000000,1.000000,81973246303864,25817472002278,10142678256487,2208984578,686,8
172,80,46800000000,1.000000,82186855039468,25603863266674,10142678256487,2208984578,686,8
172,85,46800000000,1.000000,82389159826684,25401558479458,10142678256487,2208984578,686,8
172,90,46800000000,1.000000,82619620452814,25171097853328,10142678256487,2208984578,686,8
172,95,46800000000,1.000000,82829545223890,24961173082252,10142678256487,2208984578,686,8
172,100,46800000000,1.000000,83044781574730,24745936731412,10142678256487,2208984578,686,8
172,105,46800000000,1.000000,83238559297162,24552159008980,10142678256487,2208984578,686,8
172,110,46800000000,1.000000,83441699079340,24349019226802,10142678256487,2208984578,686,8
172,115,46800000000,1.000000,83634088919008,24156629387134,10142678256487,2208984578,686,8
172,120,46800000000,1.000000,83853254681524,23937463624618,10142678256487,2208984578,686,8
172,125,46800000000,1.000000,84052891049956,23737827256186,10142678256487,2208984578,686,8
172,130,46800000000,1.000000,84257578678036,23533139628106,10142678256487,2208984578,686,8
172,135,46800000000,1.000000,84441859363906,23348858942236,10142678256487,2208984578,686,8
172,140,46800000000,1.000000,84635043275398,23155675030744,10142678256487,2208984578,686,8
172,145,46800000000,1.000000,84818004098674,22972714207468,10142678256487,2208984578,686,8
172,150,46800000000,1.000000,85026428558044,22764289748098,10142678256487,2208984578,686,8
172,155,46800000000,1.000000,85216280757988,22574437548154,10142678256487,2208984578,686,8
172,160,46800000000,1.000000,85410936655720,22379781650422,10142678256487,2208984578,686,8
172,165,46800000000,1.000000,85586185754434,22204532551708,10142678256487,2208984578,686,8
172,170,46800000000,1.000000,85769901732106,22020816574036,10142678256487,2208984578,686,8
172,175,46800000000,1.000000,85943895654562,21846822651580,10142678256487,2208984578,686,8
172,180,46800000000,1.000000,86142105241570,21648613064572,10142678256487,2208984578,686,8
172,185,46800000000,1.000000,86322652794700,21468065511442,10142678256487,2208984578,686,8
172,190,46800000000,1.000000,86507768616376,21282949689766,10142678256487,2208984578,686,8
172,195,46800000000,1.000000,86674428765592,21116289540550,10142678256487,2208984578,686,8
173,0,60000000000,1.000000,103708828393022,3027079561088,10091117045890,3336398078,0,0
173,5,48000000000,0.325423,103191456197452,10854972098936,10103106472687,3295764042,42,2
173,10,36000000000,0.455788,94114416702536,27650436668728,10109865424613,2677472756,339,6
173,15,38700000000,0.535150,85726112266687,39222855524148,10110787477104,2323207263,583,10
173,20,41400000000,0.839875,75973196589212,36603920029464,10111100544818,2321611607,598,10
173,25,44100000000,0.923939,74953667354955,34377021247676,10111100544818,2321611607,598,10
173,30,46800000000,1.000000,75298443921396,30136984127580,10111100544818,2321611607,598,10
173,35,46800000000,1.000000,75614047204016,28894832033140,10111100544818,2321611607,598,10
173,40,46800000000,1.000000,75864532380691,28548105686945,10111100544818,2321611607,598,10
173,45,46800000000,1.000000,76137771236906,28274866830730,10111100544818,2321611607,598,10
173,50,46800000000,1.000000,76381205358272,28031432709364,10111100544818,2321611607,598,10
173,55,46800000000,1.000000,76591970531288,27820667536348,10111100544818,2321611607,598,10
173,60,46800000000,1.000000,76834298376080,27578339691556,10111100544818,2321611607,598,10
173,65,46800000000,1.000000,77073386036288,27339252031348,10111100544818,2321611607,598,10
173,70,46800000000,1.000000,77276460452948,27136177614688,10111100544818,2321611607,598,10
173,75,46800000000,1.000000,77521044023072,26891594044564,10111100544818,2321611607,598,10
173,80,46800000000,1.000000,77752516315868,26660121751768,10111100544818,2321611607,598,10
173,85,46800000000,1.000000,77955460036820,26457178030816,10111100544818,2321611607,598,10
173,90,46800000000,1.000000,78185911406090,26226726661546,10111100544818,2321611607,598,10
173,95,46800000000,1.000000,78413281392098,25999356675538,10111100544818,2321611607,598,10
173,100,46800000000,1.000000,78606403141796,25806234925840,10111100544818,2321611607,598,10
173,105,46800000000,1.000000,78838999683470,25573638384166,10111100544818,2321611607,598,10
173,110,46800000000,1.000000,79059127530716,25353510536920,10111100544818,2321611607,598,10
173,115,46800000000,1.000000,79252124990114,25160513077522,10111100544818,2321611607,598,10
173,120,46800000000,1.000000,79471281949268,24941356118368,10111100544818,2321611607,598,10
173,125,46800000000,1.000000,79687508543576,24725129524060,10111100544818,2321611607,598,10
173,130,46800000000,1.000000,79871165405816,24541472661820,10111100544818,2321611607,598,10
173,135,46800000000,1.000000,80092362402602,24320275665034,10111100544818,2321611607,598,10
173,140,46800000000,1.000000,80301701795048,24110936272588,10111100544818,2321611607,598,10
173,145,46800000000,1.000000,80485240458524,23927397609112,10111100544818,2321611607,598,10
173,150,46800000000,1.000000,80693656545980,23718981521656,10111100544818,2321611607,598,10
173,155,46800000000,1.000000,80899285885622,23513352182014,10111100544818,2321611607,598,10
173,160,46800000000,1.000000,81073941734216,23338696333420,10111100544818,2321611607,598,10
173,165,46800000000,1.000000,81284297877086,23128340190550,10111100544818,2321611607,598,10
173,170,46800000000,1.000000,81483377556368,22929260511268,10111100544818,2321611607,598,10
173,175,46800000000,1.000000,81657920999150,22754717068486,10111100544818,2321611607,598,10
173,180,46800000000,1.000000,81856122624506,22556515443130,10111100544818,2321611607,598,10
173,185,46800000000,1.000000,82051674080546,22360963987090,10111100544818,2321611607,598,10
173,190,46800000000,1.000000,82217770054742,22194868012894,10111100544818,2321611607,598,10
173,195,46800000000,1.000000,82417816653662,21994821413974,10111100544818,2321611607,598,10
174,0,60000000000,1.000000,104384042601463,3003110999955,10090960398582,3409187432,0,0
174,5,48000000000,0.387132,103338177224815,10411815398325,10109190730740,3335511842,48,2
174,10,36000000000,0.444806,94786046865707,28269511950104,10117611813039,2715548759,355,6
174,15,38700000000,0.508086,87217578600906,39633592458015,10123267588185,2401239004,639,10
174,20,41400000000,0.806546,77040305215231,37584817739919,10123921169825,2397721941,652,10
174,25,44100000000,0.893190,75941798409022,35168760465114,10123921169825,2397721941,652,10
174,30,46800000000,1.000000,76273501885660,30845824230389,10123921169825,2397721941,652,10
174,35,46800000000,1.000000,76570992059613,29654392034971,10123921169825,2397721941,652,10
174,40,46800000000,1.000000,76871287741322,29203174555862,10123921169825,2397721941,652,10
174,45,46800000000,1.000000,77142854378778,28931607918406,10123921169825,2397721941,652,10
174,50,46800000000,1.000000,77393328273024,28681134024160,10123921169825,2397721941,652,10
174,55,46800000000,1.000000,77596774250756,28477688046428,10123921169825,2397721941,652,10
174,60,46800000000,1.000000,77850854240564,28223608056620,10123921169825,2397721941,652,10
174,65,46800000000,1.000000,78081599226764,27992863070420,10123921169825,2397721941,652,10
174,70,46800000000,1.000000,78316854612824,27757607684360,10123921169825,2397721941,652,10
174,75,46800000000,1.000000,78559488828524,27514973468660,10123921169825,2397721941,652,10
174,80,46800000000,1.000000,78797674984610,27276787312574,10123921169825,2397721941,652,10
174,85,46800000000,1.000000,78992464299392,27081997997792,10123921169825,2397721941,652,10
174,90,46800000000,1.000000,79234091841506,26840370455678,10123921169825,2397721941,652,10
174,95,46800000000,1.000000,79453528027382,26620934269802,10123921169825,2397721941,652,10
174,100,46800000000,1.000000,79677253558688,26397208738496,10123921169825,2397721941,652,10
174,105,46800000000,1.000000,79907996283464,26166466013720,10123921169825,2397721941,652,10
174,110,46800000000,1.000000,80134508947874,25939953349310,10123921169825,2397721941,652,10
174,115,46800000000,1.000000,80319751648070,25754710649114,10123921169825,2397721941,652,10
174,120,46800000000,1.000000,80549537036462,25524925260722,10123921169825,2397721941,652,10
174,125,46800000000,1.000000,80758218665768,25316243631416,10123921169825,2397721941,652,10
174,130,46800000000,1.000000,80970979420022,25103482877162,10123921169825,2397721941,652,10
174,135,46800000000,1.000000,81190413455420,24884048841764,10123921169825,2397721941,652,10
174,140,46800000000,1.000000,81405824745404,24668637551780,10123921169825,2397721941,652,10
174,145,46800000000,1.000000,81581988710090,24492473587094,10123921169825,2397721941,652,10
174,150,46800000000,1.000000,81800512328240,24273949968944,10123921169825,2397721941,652,10
174,155,46800000000,1.000000,81998966481290,24075495815894,10123921169825,2397721941,652,10
174,160,46800000000,1.000000,82201299841604,23873162455580,10123921169825,2397721941,652,10
174,165,46800000000,1.000000,82409979425798,23664482871386,10123921169825,2397721941,652,10
174,170,46800000000,1.000000,82614833419286,23459628877898,10123921169825,2397721941,652,10
174,175,46800000000,1.000000,82782363596822,23292098700362,10123921169825,2397721941,652,10
174,180,46800000000,1.000000,82990177383092,23084284914092,10123921169825,2397721941,652,10
174,185,46800000000,1.000000,83178905308118,22895556989066,10123921169825,2397721941,652,10
174,190,46800000000,1.000000,83371322320478,22703139976706,10123921169825,2397721941,652,10
174,195,46800000000,1.000000,83569774528754,22504687768430,10123921169825,2397721941,652,10
175,0,60000000000,1.000000,106976935125373,2943182915141,10089316959486,3084329230,0,0
175,5,48000000000,0.416034,106381045044923,8487037687818,10097492205424,3043787395,46,1
175,10,36000000000,0.391581,99026020130701,27779259665118,10105583626705,2557609124,362,5
175,15,38700000000,0.535829,90212215041534,36731207815643,10115568363340,2209808453,640,8
175,20,41400000000,0.820003,80996138382595,35238721569378,10117434182513,2200276039,652,9
175,25,44100000000,0.903164,80194892039581,32881195753067,10117434182513,2200276039,652,9
175,30,46800000000,1.000000,80564669124250,28736995079032,10117434182513,2200276039,652,9
175,35,46800000000,1.000000,80816477095840,27793705250849,10117434182513,2200276039,652,9
175,40,46800000000,1.000000,81105291875508,27420458885121,10117434182513,2200276039,652,9
175,45,46800000000,1.000000,81342487886830,27183262873799,10117434182513,2200276039,652,9
175,50,46800000000,1.000000,81567279102255,26958471658374,10117434182513,2200276039,652,9
175,55,46800000000,1.000000,81788949638704,26736801121925,10117434182513,2200276039,652,9
175,60,46800000000,1.000000,82010293036348,26515457724281,10117434182513,2200276039,652,9
175,65,46800000000,1.000000,82234237586080,26291513174549,10117434182513,2200276039,652,9
175,70,46800000000,1.000000,82456489503712,26069261256917,10117434182513,2200276039,652,9
175,75,46800000000,1.000000,82680148997326,25845601763303,10117434182513,2200276039,652,9
175,80,46800000000,1.000000,82884656852518,25641093908111,10117434182513,2200276039,652,9
175,85,46800000000,1.000000,83099318906158,25426431854471,10117434182513,2200276039,652,9
175,90,46800000000,1.000000,83309814274876,25215936485753,10117434182513,2200276039,652,9
175,95,46800000000,1.000000,83522783313208,25002967447421,10117434182513,2200276039,652,9
175,100,46800000000,1.000000,83734142675530,24791608085099,10117434182513,2200276039,652,9
175,105,46800000000,1.000000,83946840628570,24578910132059,10117434182513,2200276039,652,9
175,110,46800000000,1.000000,84141325564000,24384425196629,10117434182513,2200276039,652,9
175,115,46800000000,1.000000,84345467041126,24180283719503,10117434182513,2200276039,652,9
175,120,46800000000,1.000000,84545646042310,23980104718319,10117434182513,2200276039,652,9
175,125,46800000000,1.000000,84748177478800,23777573281829,10117434182513,2200276039,652,9
175,130,46800000000,1.000000,84949178129278,23576572631351,10117434182513,2200276039,652,9
175,135,46800000000,1.000000,85151451766288,23374298994341,10117434182513,2200276039,652,9
175,140,46800000000,1.000000,85336405004692,23189345755937,10117434182513,2200276039,652,9
175,145,46800000000,1.000000,85530541518244,22995209242385,10117434182513,2200276039,652,9
175,150,46800000000,1.000000,85720909756594,22804841004035,10117434182513,2200276039,652,9
175,155,46800000000,1.000000,85913515137502,22612235623127,10117434182513,2200276039,652,9
175,160,46800000000,1.000000,86104664756044,22421086004585,10117434182513,2200276039,652,9
175,165,46800000000,1.000000,86297024972254,22228725788375,10117434182513,2200276039,652,9
175,170,46800000000,1.000000,86472913661740,22052837098889,10117434182513,2200276039,652,9
175,175,46800000000,1.000000,86657535554368,21868215206261,10117434182513,2200276039,652,9
175,180,46800000000,1.000000,86838573854722,21687176905907,10117434182513,2200276039,652,9
175,185,46800000000,1.000000,87021739655506,21504011105123,10117434182513,2200276039,652,9
175,190,46800000000,1.000000,87203521040746,21322229719883,10117434182513,2200276039,652,9
175,195,46800000000,1.000000,87386453692288,21139297068341,10117434182513,2200276039,652,9
176,0,60000000000,1.000000,98411755078396,2982276819173,10086409102431,2939792948,0,0
176,5,48000000000,0.414853,97807388947509,8620058490890,10096992261821,2895293266,50,1
176,10,36000000000,0.614835,84187660022354,27955635717890,10104679759070,2011854929,361,5
176,15,38700000000,0.668895,77965610682533,34996734488982,10105697123850,1706753497,640,5
176,20,41400000000,0.797275,75506391094457,32440636273077,10109938420446,1685076855,665,6
176,25,44100000000,0.887419,75207772986967,29481817293905,10109938420446,1685076855,665,6
176,30,46800000000,1.000000,75502017198192,25565609244846,10109938420446,1685076855,665,6
176,35,46800000000,1.000000,75799974744764,22901830581634,10109938420446,1685076855,665,6
176,40,46800000000,1.000000,76056951539877,22597903366101,10109938420446,1685076855,665,6
176,45,46800000000,1.000000,76226593019239,22428261886739,10109938420446,1685076855,665,6
176,50,46800000000,1.000000,76424549214433,22230305691545,10109938420446,1685076855,665,6
176,55,46800000000,1.000000,76589794123026,22065060782952,10109938420446,1685076855,665,6
176,60,46800000000,1.000000,76785084392250,21869770513728,10109938420446,1685076855,665,6
176,65,46800000000,1.000000,76980013531140,21674841374838,10109938420446,1685076855,665,6
176,70,46800000000,1.000000,77170609435080,21484245470898,10109938420446,1685076855,665,6
176,75,46800000000,1.000000,77324966862432,21329888043546,10109938420446,1685076855,665,6
176,80,46800000000,1.000000,77513229575790,21141625330188,10109938420446,1685076855,665,6
176,85,46800000000,1.000000,77671201629462,20983653276516,10109938420446,1685076855,665,6
176,90,46800000000,1.000000,77856920732370,20797934173608,10109938420446,1685076855,665,6
176,95,46800000000,1.000000,78042296403984,20612558501994,10109938420446,1685076855,665,6
176,100,46800000000,1.000000,78223551212256,20431303693722,10109938420446,1685076855,665,6
176,105,46800000000,1.000000,78370343589936,20284511316042,10109938420446,1685076855,665,6
176,110,46800000000,1.000000,78549379557168,20105475348810,10109938420446,1685076855,665,6
176,115,46800000000,1.000000,78699609408318,19955245497660,10109938420446,1685076855,665,6
176,120,46800000000,1.000000,78876226427190,19778628478788,10109938420446,1685076855,665,6
176,125,46800000000,1.000000,79052516846286,19602338059692,10109938420446,1685076855,665,6
176,130,46800000000,1.000000,79224888365412,19429966540566,10109938420446,1685076855,665,6
176,135,46800000000,1.000000,79364486455794,19290368450184,10109938420446,1685076855,665,6
176,140,46800000000,1.000000,79534747879194,19120107026784,10109938420446,1685076855,665,6
176,145,46800000000,1.000000,79677614972748,18977239933230,10109938420446,1685076855,665,6
176,150,46800000000,1.000000,79845576000342,18809278905636,10109938420446,1685076855,665,6
176,155,46800000000,1.000000,80013226434690,18641628471288,10109938420446,1685076855,665,6
176,160,46800000000,1.000000,80177150034240,18477704871738,10109938420446,1685076855,665,6
176,165,46800000000,1.000000,80309906429112,18344948476866,10109938420446,1685076855,665,6
176,170,46800000000,1.000000,80471823348642,18183031557336,10109938420446,1685076855,665,6
176,175,46800000000,1.000000,80607688533216,18047166372762,10109938420446,1685076855,665,6
176,180,46800000000,1.000000,80767417799232,17887437106746,10109938420446,1685076855,665,6
176,185,46800000000,1.000000,80926851694296,17728003211682,10109938420446,1685076855,665,6
176,190,46800000000,1.000000,81082741406436,17572113499542,10109938420446,1685076855,665,6
176,195,46800000000,1.000000,81208991417100,17445863488878,10109938420446,1685076855,665,6
177,0,60000000000,1.000000,112717928839226,3143010132371,10112516028403,3845232966,0,0
177,5,48000000000,0.474880,109775913480494,12705615806133,10163900486929,3555115520,65,2
177,10,36000000000,0.667741,95010449225369,31130062997033,10176199850284,2596251738,379,8
177,15,38700000000,0.615420,88017641879594,45136542670633,10177883776242,2312362365,667,9
177,20,41400000000,0.725744,85455663156035,41801333552332,10180705049378,2297964879,677,10
177,25,44100000000,0.828374,84038624589327,38333092024991,10180705049378,2297964879,677,10
177,30,46800000000,0.951266,84437456292448,32961659068120,10180705049378,2297964879,677,10
177,35,46800000000,1.000000,84774334443721,30338335124306,10180705049378,2297964879,677,10
177,40,46800000000,1.000000,85056331531951,29823741835376,10180705049378,2297964879,677,10
177,45,46800000000,1.000000,85330426022139,29549647345188,10180705049378,2297964879,677,10
177,50,46800000000,1.000000,85581269018649,29298804348678,10180705049378,2297964879,677,10
177,55,46800000000,1.000000,85831261875327,29048811492000,10180705049378,2297964879,677,10
177,60,46800000000,1.000000,86108374964151,28771698403176,10180705049378,2297964879,677,10
177,65,46800000000,1.000000,86321337367065,28558736000262,10180705049378,2297964879,677,10
177,70,46800000000,1.000000,86537978902905,28342094464422,10180705049378,2297964879,677,10
177,75,46800000000,1.000000,86775687785139,28104385582188,10180705049378,2297964879,677,10
177,80,46800000000,1.000000,87012897221355,27867176145972,10180705049378,2297964879,677,10
177,85,46800000000,1.000000,87254942656017,27625130711310,10180705049378,2297964879,677,10
177,90,46800000000,1.000000,87518474446245,27361598921082,10180705049378,2297964879,677,10
177,95,46800000000,1.000000,87720999572409,27159073794918,10180705049378,2297964879,677,10
177,100,46800000000,1.000000,87927023517543,26953049849784,10180705049378,2297964879,677,10
177,105,46800000000,1.000000,88153082299131,26726991068196,10180705049378,2297964879,677,10
177,110,46800000000,1.000000,88378666112703,26501407254624,10180705049378,2297964879,677,10
177,115,46800000000,1.000000,88608848912589,26271224454738,10180705049378,2297964879,677,10
177,120,46800000000,1.000000,88859465022921,26020608344406,10180705049378,2297964879,677,10
177,125,46800000000,1.000000,89052064402815,25828008964512,10180705049378,2297964879,677,10
177,130,46800000000,1.000000,89247991124595,25632082242732,10180705049378,2297964879,677,10
177,135,46800000000,1.000000,89462970776595,25417102590732,10180705049378,2297964879,677,10
177,140,46800000000,1.000000,89677498738689,25202574628638,10180705049378,2297964879,677,10
177,145,46800000000,1.000000,89896400291067,24983673076260,10180705049378,2297964879,677,10
177,150,46800000000,1.000000,90134733718299,24745339649028,10180705049378,2297964879,677,10
177,155,46800000000,1.000000,90317893812147,24562179555180,10180705049378,2297964879,677,10
177,160,46800000000,1.000000,90504218175003,24375855192324,10180705049378,2297964879,677,10
177,165,46800000000,1.000000,90708661684989,24171411682338,10180705049378,2297964879,677,10
177,170,46800000000,1.000000,90912675642423,23967397724904,10180705049378,2297964879,677,10
177,175,46800000000,1.000000,91120848840639,23759224526688,10180705049378,2297964879,677,10
177,180,46800000000,1.000000,91347501558537,23532571808790,10180705049378,2297964879,677,10
177,185,46800000000,1.000000,91521684985257,23358388382070,10180705049378,2297964879,677,10
177,190,46800000000,1.000000,91698877600449,23181195766878,10180705049378,2297964879,677,10
177,195,46800000000,1.000000,91893301344225,22986772023102,10180705049378,2297964879,677,10
178,0,60000000000,1.000000,112648323146072,2973899504240,10099868349688,3436116764,0,0
178,5,48000000000,0.381914,112000668493901,9453541059915,10110979920260,3384988568,54,4
178,10,36000000000,0.401074,103823454396425,29381556322856,10114464205924,2834643762,383,10
178,15,38700000000,0.601155,91932271037880,39374026433228,10119939420007,2298686403,638,16
178,20,41400000000,0.815442,84430698201335,38225290800347,10120883887243,2293938005,649,16
178,25,44100000000,0.917619,83667151350919,34801000277191,10120883887243,2293938005,649,16
178,30,46800000000,1.000000,83965585550187,31458261958817,10120883887243,2293938005,649,16
178,35,46800000000,1.000000,84299287840216,29129453124560,10120883887243,2293938005,649,16
178,40,46800000000,1.000000,84607098545400,28760244466356,10120883887243,2293938005,649,16
178,45,46800000000,1.000000,84861448008028,28505895003728,10120883887243,2293938005,649,16
178,50,46800000000,1.000000,85111048398596,28256294613160,10120883887243,2293938005,649,16
178,55,46800000000,1.000000,85299604610003,28067738401753,10120883887243,2293938005,649,16
178,60,46800000000,1.000000,85548225305141,27819117706615,10120883887243,2293938005,649,16
178,65,46800000000,1.000000,85792971097199,27574371914557,10120883887243,2293938005,649,16
178,70,46800000000,1.000000,86032334545367,27335008466389,10120883887243,2293938005,649,16
178,75,46800000000,1.000000,86256294542993,27111048468763,10120883887243,2293938005,649,16
178,80,46800000000,1.000000,86491919415209,26875423596547,10120883887243,2293938005,649,16
178,85,46800000000,1.000000,86675203047089,26692139964667,10120883887243,2293938005,649,16
178,90,46800000000,1.000000,86911638854399,26455704157357,10120883887243,2293938005,649,16
178,95,46800000000,1.000000,87144389667353,26222953344403,10120883887243,2293938005,649,16
178,100,46800000000,1.000000,87372021924929,25995321086827,10120883887243,2293938005,649,16
178,105,46800000000,1.000000,87585005654315,25782337357441,10120883887243,2293938005,649,16
178,110,46800000000,1.000000,87809082563261,25558260448495,10120883887243,2293938005,649,16
178,115,46800000000,1.000000,87983383473593,25383959538163,10120883887243,2293938005,649,16
178,120,46800000000,1.000000,88208231573735,25159111438021,10120883887243,2293938005,649,16
178,125,46800000000,1.000000,88429575280961,24937767730795,10120883887243,2293938005,649,16
178,130,46800000000,1.000000,88646051293007,24721291718749,10120883887243,2293938005,649,16
178,135,46800000000,1.000000,88848596700401,24518746311355,10120883887243,2293938005,649,16
178,140,46800000000,1.000000,89061691611293,24305651400463,10120883887243,2293938005,649,16
178,145,46800000000,1.000000,89227450042703,24139892969053,10120883887243,2293938005,649,16
178,150,46800000000,1.000000,89441278348685,23926064663071,10120883887243,2293938005,649,16
178,155,46800000000,1.000000,89651774011787,23715568999969,10120883887243,2293938005,649,16
178,160,46800000000,1.000000,89857640545385,23509702466371,10120883887243,2293938005,649,16
178,165,46800000000,1.000000,90050259212387,23317083799369,10120883887243,2293938005,649,16
178,170,46800000000,1.000000,90252910352309,23114432659447,10120883887243,2293938005,649,16
178,175,46800000000,1.000000,90410544971303,22956798040453,10120883887243,2293938005,649,16
178,180,46800000000,1.000000,90613893562769,22753449448987,10120883887243,2293938005,649,16
178,185,46800000000,1.000000,90814072844009,22553270167747,10120883887243,2293938005,649,16
178,190,46800000000,1.000000,91009849868921,22357493142835,10120883887243,2293938005,649,16
178,195,46800000000,1.000000,91193028304619,22174314707137,10120883887243,2293938005,649,16
179,0,60000000000,1.000000,106217889857099,3052902153648,10104109989253,3956793594,0,0
179,5,48000000000,0.375697,105207973005394,10786453230403,10114492721218,3872071711,42,3
179,10,36000000000,0.404956,94557353870638,36230887882498,10145640798272,3202159226,343,10
179,15,38700000000,0.455323,88370706915589,45805991035834,10147685173750,2889608560,613,15
179,20,41400000000,0.841567,73009306933327,43036105481375,10147831965133,2888838044,624,15
179,25,44100000000,0.929632,71819703943116,40238913552920,10147831965133,2888838044,624,15
179,30,46800000000,1.000000,72135883425206,36185556373325,10147831965133,2888838044,624,15
179,35,46800000000,1.000000,72513781340205,34837874186324,10147831965133,2888838044,624,15
179,40,46800000000,1.000000,72866670217966,34402979876083,10147831965133,2888838044,624,15
179,45,46800000000,1.000000,73200847535813,34068802558236,10147831965133,2888838044,624,15
179,50,46800000000,1.000000,73450942356155,33818707737894,10147831965133,2888838044,624,15
179,55,46800000000,1.000000,73689770105174,33579879988875,10147831965133,2888838044,624,15
179,60,46800000000,1.000000,73984406465090,33285243628959,10147831965133,2888838044,624,15
179,65,46800000000,1.000000,74286528273980,32983121820069,10147831965133,2888838044,624,15
179,70,46800000000,1.000000,74566781262992,32702868831057,10147831965133,2888838044,624,15
179,75,46800000000,1.000000,74870396352320,32399253741729,10147831965133,2888838044,624,15
179,80,46800000000,1.000000,75107495080736,32162155013313,10147831965133,2888838044,624,15
179,85,46800000000,1.000000,75335518325828,31934131768221,10147831965133,2888838044,624,15
179,90,46800000000,1.000000,75615714572432,31653935521617,10147831965133,2888838044,624,15
179,95,46800000000,1.000000,75903029406542,31366620687507,10147831965133,2888838044,624,15
179,100,46800000000,1.000000,76169547210602,31100102883447,10147831965133,2888838044,624,15
179,105,46800000000,1.000000,76458282139718,30811367954331,10147831965133,2888838044,624,15
179,110,46800000000,1.000000,76683760671362,30585889422687,10147831965133,2888838044,624,15
179,115,46800000000,1.000000,76900608508658,30369041585391,10147831965133,2888838044,624,15
179,120,46800000000,1.000000,77167072351334,30102577742715,10147831965133,2888838044,624,15
179,125,46800000000,1.000000,77440305899858,29829344194191,10147831965133,2888838044,624,15
179,130,46800000000,1.000000,77693761679600,29575888414449,10147831965133,2888838044,624,15
179,135,46800000000,1.000000,77968345724006,29301304370043,10147831965133,2888838044,624,15
179,140,46800000000,1.000000,78182773564028,29086876530021,10147831965133,2888838044,624,15
179,145,46800000000,1.000000,78388993699670,28880656394379,10147831965133,2888838044,624,15
179,150,46800000000,1.000000,78642398162714,28627251931335,10147831965133,2888838044,624,15
179,155,46800000000,1.000000,78902240548610,28367409545439,10147831965133,2888838044,624,15
179,160,46800000000,1.000000,79143274473170,28126375620879,10147831965133,2888838044,624,15
179,165,46800000000,1.000000,79404401167328,27865248926721,10147831965133,2888838044,624,15
179,170,46800000000,1.000000,79608319909586,27661330184463,10147831965133,2888838044,624,15
179,175,46800000000,1.000000,79804433206610,27465216887439,10147831965133,2888838044,624,15
179,180,46800000000,1.000000,80045418329432,27224231764617,10147831965133,2888838044,624,15
179,185,46800000000,1.000000,80292525852854,26977124241195,10147831965133,2888838044,624,15
179,190,46800000000,1.000000,80521746717008,26747903377041,10147831965133,2888838044,624,15
179,195,46800000000,1.000000,80770075604894,26499574489155,10147831965133,2888838044,624,15
180,0,60000000000,1.000000,106187506748088,3040808077154,10100687174758,3480729784,0,0
180,5,48000000000,0.610927,103520279415874,9281132634815,10138624989578,3298711851,45,0
180,10,36000000000,0.523136,93746906316026,29511841832152,10143399838565,2537745503,353,2
180,15,38700000000,0.634310,83443154794676,40557767114652,10159630848709,1977202775,642,3
180,20,41400000000,0.738836,80893103148764,38271066484725,10159870684575,1975897332,652,3
180,25,44100000000,0.838542,80703527736445,33946538913523,10159870684575,1975897332,652,3
180,30,46800000000,0.947997,81007991875032,29705933771162,10159870684575,1975897332,652,3
180,35,46800000000,1.000000,81329058975592,26637373840107,10159870684575,1975897332,652,3
180,40,46800000000,1.000000,81643339529696,26153560553303,10159870684575,1975897332,652,3
180,45,46800000000,1.000000,81851464589217,25945435493782,10159870684575,1975897332,652,3
180,50,46800000000,1.000000,82059599913345,25737300169654,10159870684575,1975897332,652,3
180,55,46800000000,1.000000,82267619738159,25529280344840,10159870684575,1975897332,652,3
180,60,46800000000,1.000000,82506712954241,25290187128758,10159870684575,1975897332,652,3
180,65,46800000000,1.000000,82711454025509,25085446057490,10159870684575,1975897332,652,3
180,70,46800000000,1.000000,82933841614751,24863058468248,10159870684575,1975897332,652,3
180,75,46800000000,1.000000,83123627372147,24673272710852,10159870684575,1975897332,652,3
180,80,46800000000,1.000000,83318490773447,24478409309552,10159870684575,1975897332,652,3
180,85,46800000000,1.000000,83518808472617,24278091610382,10159870684575,1975897332,652,3
180,90,46800000000,1.000000,83746183742141,24050716340858,10159870684575,1975897332,652,3
180,95,46800000000,1.000000,83940890463833,23856009619166,10159870684575,1975897332,652,3
180,100,46800000000,1.000000,84152378848583,23644521234416,10159870684575,1975897332,652,3
180,105,46800000000,1.000000,84332863215509,23464036867490,10159870684575,1975897332,652,3
180,110,46800000000,1.000000,84518176371149,23278723711850,10159870684575,1975897332,652,3
180,115,46800000000,1.000000,84708676509965,23088223573034,10159870684575,1975897332,652,3
180,120,46800000000,1.000000,84924908128757,22871991954242,10159870684575,1975897332,652,3
180,125,46800000000,1.000000,85110072283583,22686827799416,10159870684575,1975897332,652,3
180,130,46800000000,1.000000,85311195632987,22485704450012,10159870684575,1975897332,652,3
180,135,46800000000,1.000000,85482834470279,22314065612720,10159870684575,1975897332,652,3
180,140,46800000000,1.000000,85659065437439,22137834645560,10159870684575,1975897332,652,3
180,145,46800000000,1.000000,85840229173919,21956670909080,10159870684575,1975897332,652,3
180,150,46800000000,1.000000,86045863292009,21751036790990,10159870684575,1975897332,652,3
180,155,46800000000,1.000000,86221952560871,21574947522128,10159870684575,1975897332,652,3
180,160,46800000000,1.000000,86413218864995,21383681218004,10159870684575,1975897332,652,3
180,165,46800000000,1.000000,86576445691355,21220454391644,10159870684575,1975897332,652,3
180,170,46800000000,1.000000,86744039587619,21052860495380,10159870684575,1975897332,652,3
180,175,46800000000,1.000000,86916324498407,20880575584592,10159870684575,1975897332,652,3
180,180,46800000000,1.000000,87111880498505,20685019584494,10159870684575,1975897332,652,3
180,185,46800000000,1.000000,87279339641147,20517560441852,10159870684575,1975897332,652,3
180,190,46800000000,1.000000,87461231993195,20335668089804,10159870684575,1975897332,652,3
180,195,46800000000,1.000000,87616459080929,20180441002070,10159870684575,1975897332,652,3
181,0,60000000000,1.000000,98942294649519,3009550490131,10086961860350,2977315748,0,0
181,5,48000000000,0.599201,97466556491385,7470987514378,10095623681305,2833836368,42,1
181,10,36000000000,0.465859,89954309096815,25723582048741,10100935888786,2314040972,339,5
181,15,38700000000,0.686369,78220887699578,34551147460153,10103084945594,1730428077,606,7
181,20,41400000000,0.780856,75699862720606,33595471526028,10105705427087,1717073242,623,7
181,25,44100000000,0.906096,75451285664454,29226287284967,10105705427087,1717073242,623,7
181,30,46800000000,1.000000,75744521555558,25334058286694,10105705427087,1717073242,623,7
181,35,46800000000,1.000000,75971096888494,23352458664558,10105705427087,1717073242,623,7
181,40,46800000000,1.000000,76242446474040,22934979219472,10105705427087,1717073242,623,7
181,45,46800000000,1.000000,76450182515242,22727243178270,10105705427087,1717073242,623,7
181,50,46800000000,1.000000,76650272596084,22527153097428,10105705427087,1717073242,623,7
181,55,46800000000,1.000000,76827199885861,22350225807651,10105705427087,1717073242,623,7
181,60,46800000000,1.000000,77009626821289,22167798872223,10105705427087,1717073242,623,7
181,65,46800000000,1.000000,77177241206239,22000184487273,10105705427087,1717073242,623,7
181,70,46800000000,1.000000,77375021012377,21802404681135,10105705427087,1717073242,623,7
181,75,46800000000,1.000000,77563768638391,21613657055121,10105705427087,1717073242,623,7
181,80,46800000000,1.000000,77754055063381,21423370630131,10105705427087,1717073242,623,7
181,85,46800000000,1.000000,77922583315555,21254842377957,10105705427087,1717073242,623,7
181,90,46800000000,1.000000,78096069515947,21081356177565,10105705427087,1717073242,623,7
181,95,46800000000,1.000000,78255469128385,20921956565127,10105705427087,1717073242,623,7
181,100,46800000000,1.000000,78443555756269,20733869937243,10105705427087,1717073242,623,7
181,105,46800000000,1.000000,78623052870439,20554372823073,10105705427087,1717073242,623,7
181,110,46800000000,1.000000,78804013367275,20373412326237,10105705427087,1717073242,623,7
181,115,46800000000,1.000000,78964282058209,20213143635303,10105705427087,1717073242,623,7
181,120,46800000000,1.000000,79129265708509,20048159985003,10105705427087,1717073242,623,7
181,125,46800000000,1.000000,79280853153847,19896572539665,10105705427087,1717073242,623,7
181,130,46800000000,1.000000,79459721665537,19717704027975,10105705427087,1717073242,623,7
181,135,46800000000,1.000000,79630421635201,19547004058311,10105705427087,1717073242,623,7
181,140,46800000000,1.000000,79802513267149,19374912426363,10105705427087,1717073242,623,7
181,145,46800000000,1.000000,79954927197583,19222498495929,10105705427087,1717073242,623,7
181,150,46800000000,1.000000,80111825007547,19065600685965,10105705427087,1717073242,623,7
181,155,46800000000,1.000000,80255983159759,18921442533753,10105705427087,1717073242,623,7
181,160,46800000000,1.000000,80426085334363,18751340359149,10105705427087,1717073242,623,7
181,165,46800000000,1.000000,80588419306987,18589006386525,10105705427087,1717073242,623,7
181,170,46800000000,1.000000,80752076736667,18425348956845,10105705427087,1717073242,623,7
181,175,46800000000,1.000000,80897020867879,18280404825633,10105705427087,1717073242,623,7
181,180,46800000000,1.000000,81046229123743,18131196569769,10105705427087,1717073242,623,7
181,185,46800000000,1.000000,81183322092037,17994103601475,10105705427087,1717073242,623,7
181,190,46800000000,1.000000,81345087567733,17832338125779,10105705427087,1717073242,623,7
181,195,46800000000,1.000000,81499465560529,17677960132983,10105705427087,1717073242,623,7
182,0,60000000000,1.000000,107542652096326,2989731570734,10096070332940,3279078850,0,0
182,5,48000000000,0.405353,106188454018648,10656521985762,10120342523854,3187348446,56,3
182,10,36000000000,0.471587,97869843675501,26777745514972,10130582024550,2609036163,362,7
182,15,38700000000,0.565171,88757688243446,38464138511032,10131947203035,2304940482,653,10
182,20,41400000000,0.801145,80936794463292,36895248339527,10133201627164,2296943017,673,10
182,25,44100000000,0.895308,79832834102600,34247901169974,10133201627164,2296943017,673,10
182,30,46800000000,1.000000,80204477582122,29988410848375,10133201627164,2296943017,673,10
182,35,46800000000,1.000000,80459923523164,28945399320088,10133201627164,2296943017,673,10
182,40,46800000000,1.000000,80734992263112,28458989524640,10133201627164,2296943017,673,10
182,45,46800000000,1.000000,80998956076188,28195025711564,10133201627164,2296943017,673,10
182,50,46800000000,1.000000,81250010632632,27943971155120,10133201627164,2296943017,673,10
182,55,46800000000,1.000000,81482805578752,27711176209000,10133201627164,2296943017,673,10
182,60,46800000000,1.000000,81718776144982,27475205642770,10133201627164,2296943017,673,10
182,65,46800000000,1.000000,81922972098184,27271009689568,10133201627164,2296943017,673,10
182,70,46800000000,1.000000,82145508396286,27048473391466,10133201627164,2296943017,673,10
182,75,46800000000,1.000000,82379412964276,26814568823476,10133201627164,2296943017,673,10
182,80,46800000000,1.000000,82617958402498,26576023385254,10133201627164,2296943017,673,10
182,85,46800000000,1.000000,82840928920732,26353052867020,10133201627164,2296943017,673,10
182,90,46800000000,1.000000,83065334581246,26128647206506,10133201627164,2296943017,673,10
182,95,46800000000,1.000000,83259522900952,25934458886800,10133201627164,2296943017,673,10
182,100,46800000000,1.000000,83471152706194,25722829081558,10133201627164,2296943017,673,10
182,105,46800000000,1.000000,83693593622962,25500388164790,10133201627164,2296943017,673,10
182,110,46800000000,1.000000,83920447961068,25273533826684,10133201627164,2296943017,673,10
182,115,46800000000,1.000000,84132490705228,25061491082524,10133201627164,2296943017,673,10
182,120,46800000000,1.000000,84345898255552,24848083532200,10133201627164,2296943017,673,10
182,125,46800000000,1.000000,84530569415428,24663412372324,10133201627164,2296943017,673,10
182,130,46800000000,1.000000,84731827254556,24462154533196,10133201627164,2296943017,673,10
182,135,46800000000,1.000000,84943366353004,24250615434748,10133201627164,2296943017,673,10
182,140,46800000000,1.000000,85159102571404,24034879216348,10133201627164,2296943017,673,10
182,145,46800000000,1.000000,85360753111312,23833228676440,10133201627164,2296943017,673,10
182,150,46800000000,1.000000,85563701568106,23630280219646,10133201627164,2296943017,673,10
182,155,46800000000,1.000000,85739322003622,23454659784130,10133201627164,2296943017,673,10
182,160,46800000000,1.000000,85930716206074,23263265581678,10133201627164,2296943017,673,10
182,165,46800000000,1.000000,86131887783928,23062094003824,10133201627164,2296943017,673,10
182,170,46800000000,1.000000,86337050781016,22856931006736,10133201627164,2296943017,673,10
182,175,46800000000,1.000000,86528818438066,22665163349686,10133201627164,2296943017,673,10
182,180,46800000000,1.000000,86721820401166,22472161386586,10133201627164,2296943017,673,10
182,185,46800000000,1.000000,86888833687924,22305148099828,10133201627164,2296943017,673,10
182,190,46800000000,1.000000,87070847670016,22123134117736,10133201627164,2296943017,673,10
182,195,46800000000,1.000000,87262159838908,21931821948844,10133201627164,2296943017,673,10
183,0,60000000000,1.000000,109371396826886,3123884707682,10102976465432,4030583358,0,0
183,5,48000000000,0.290720,108782061646195,12730252114811,10115258479361,3997594016,46,6
183,10,36000000000,0.392926,98222290436013,36275097974608,10122543263795,3345887260,361,13
183,15,38700000000,0.442954,91582906341877,47162489817957,10124530041002,3053606153,615,15
183,20,41400000000,0.868445,74508498922692,43713585591399,10126932699397,3041358511,636,16
183,25,44100000000,0.936107,73032347937455,42130839867934,10126932699397,3041358511,636,16
183,30,46800000000,1.000000,73401774432840,37805186815485,10126932699397,3041358511,636,16
183,35,46800000000,1.000000,73819284223683,36385930440746,10126932699397,3041358511,636,16
183,40,46800000000,1.000000,74167432510228,35984961641641,10126932699397,3041358511,636,16
183,45,46800000000,1.000000,74492837556053,35659556595816,10126932699397,3041358511,636,16
183,50,46800000000,1.000000,74742994411367,35409399740502,10126932699397,3041358511,636,16
183,55,46800000000,1.000000,75015391900967,35137002250902,10126932699397,3041358511,636,16
183,60,46800000000,1.000000,75335249598911,34817144552958,10126932699397,3041358511,636,16
183,65,46800000000,1.000000,75651899825939,34500494325930,10126932699397,3041358511,636,16
183,70,46800000000,1.000000,75945605055287,34206789096582,10126932699397,3041358511,636,16
183,75,46800000000,1.000000,76239273228491,33913120923378,10126932699397,3041358511,636,16
183,80,46800000000,1.000000,76477182282893,33675211868976,10126932699397,3041358511,636,16
183,85,46800000000,1.000000,76737454606361,33414939545508,10126932699397,3041358511,636,16
183,90,46800000000,1.000000,77041636094441,33110758057428,10126932699397,3041358511,636,16
183,95,46800000000,1.000000,77342767309673,32809626842196,10126932699397,3041358511,636,16
183,100,46800000000,1.000000,77622078060353,32530316091516,10126932699397,3041358511,636,16
183,105,46800000000,1.000000,77901353571083,32251040580786,10126932699397,3041358511,636,16
183,110,46800000000,1.000000,78127602714581,32024791437288,10126932699397,3041358511,636,16
183,115,46800000000,1.000000,78375119104577,31777275047292,10126932699397,3041358511,636,16
183,120,46800000000,1.000000,78664392673247,31488001478622,10126932699397,3041358511,636,16
183,125,46800000000,1.000000,78950765462765,31201628689104,10126932699397,3041358511,636,16
183,130,46800000000,1.000000,79216387207457,30936006944412,10126932699397,3041358511,636,16
183,135,46800000000,1.000000,79481975439287,30670418712582,10126932699397,3041358511,636,16
183,140,46800000000,1.000000,79697136123413,30455258028456,10126932699397,3041358511,636,16
183,145,46800000000,1.000000,79932521747285,30219872404584,10126932699397,3041358511,636,16
183,150,46800000000,1.000000,80207618032673,29944776119196,10126932699397,3041358511,636,16
183,155,46800000000,1.000000,80479955705963,29672438445906,10126932699397,3041358511,636,16
183,160,46800000000,1.000000,80732559342245,29419834809624,10126932699397,3041358511,636,16
183,165,46800000000,1.000000,80985131108015,29167263043854,10126932699397,3041358511,636,16
183,170,46800000000,1.000000,81189746777837,28962647374032,10126932699397,3041358511,636,16
183,175,46800000000,1.000000,81413596163999,28738797987870,10126932699397,3041358511,636,16
183,180,46800000000,1.000000,81675209994137,28477184157732,10126932699397,3041358511,636,16
183,185,46800000000,1.000000,81934200411647,28218193740222,10126932699397,3041358511,636,16
183,190,46800000000,1.000000,82174423956371,27977970195498,10126932699397,3041358511,636,16
183,195,46800000000,1.000000,82414617192641,27737776959228,10126932699397,3041358511,636,16
184,0,60000000000,1.000000,94730218256512,2926662412408,10079742331080,2936155926,0,0
184,5,48000000000,0.373675,94214965103170,9183640905072,10089965046143,2911824726,48,1
184,10,36000000000,0.453601,85798836599537,26102584285291,10097633217343,2308471412,348,4
184,15,38700000000,0.464181,81599261151452,34549196035624,10100279729327,2090997216,639,11
184,20,41400000000,0.808299,71357273616731,32509039741587,10102309980838,2080288373,654,11
184,25,44100000000,0.879831,70651267291058,30668433182449,10102309980838,2080288373,654,11
184,30,46800000000,1.000000,70940915150775,26672257748825,10102309980838,2080288373,654,11
184,35,46800000000,1.000000,71211219816026,25703188297152,10102309980838,2080288373,654,11
184,40,46800000000,1.000000,71468505739006,25377348540952,10102309980838,2080288373,654,11
184,45,46800000000,1.000000,71689896212784,25155958067174,10102309980838,2080288373,654,11
184,50,46800000000,1.000000,71899329166146,24946525113812,10102309980838,2080288373,654,11
184,55,46800000000,1.000000,72084121606458,24761732673500,10102309980838,2080288373,654,11
184,60,46800000000,1.000000,72302199384474,24543654895484,10102309980838,2080288373,654,11
184,65,46800000000,1.000000,72510899574804,24334954705154,10102309980838,2080288373,654,11
184,70,46800000000,1.000000,72719975834802,24125878445156,10102309980838,2080288373,654,11
184,75,46800000000,1.000000,72921465149058,23924389130900,10102309980838,2080288373,654,11
184,80,46800000000,1.000000,73120607876112,23725246403846,10102309980838,2080288373,654,11
184,85,46800000000,1.000000,73297692867564,23548161412394,10102309980838,2080288373,654,11
184,90,46800000000,1.000000,73505082664578,23340771615380,10102309980838,2080288373,654,11
184,95,46800000000,1.000000,73703554468950,23142299811008,10102309980838,2080288373,654,11
184,100,46800000000,1.000000,73902383912076,22943470367882,10102309980838,2080288373,654,11
184,105,46800000000,1.000000,74093998245054,22751856034904,10102309980838,2080288373,654,11
184,110,46800000000,1.000000,74283380997180,22562473282778,10102309980838,2080288373,654,11
184,115,46800000000,1.000000,74451787062156,22394067217802,10102309980838,2080288373,654,11
184,120,46800000000,1.000000,74649012695562,22196841584396,10102309980838,2080288373,654,11
184,125,46800000000,1.000000,74837757406632,22008096873326,10102309980838,2080288373,654,11
184,130,46800000000,1.000000,75026842228554,21819012051404,10102309980838,2080288373,654,11
184,135,46800000000,1.000000,75209065552536,21636788727422,10102309980838,2080288373,654,11
184,140,46800000000,1.000000,75389166665334,21456687614624,10102309980838,2080288373,654,11
184,145,46800000000,1.000000,75549319157424,21296535122534,10102309980838,2080288373,654,11
184,150,46800000000,1.000000,75736878772398,21108975507560,10102309980838,2080288373,654,11
184,155,46800000000,1.000000,75916373114598,20929481165360,10102309980838,2080288373,654,11
184,160,46800000000,1.000000,76096190898978,20749663380980,10102309980838,2080288373,654,11
184,165,46800000000,1.000000,76269483466962,20576370812996,10102309980838,2080288373,654,11
184,170,46800000000,1.000000,76440757833114,20405096446844,10102309980838,2080288373,654,11
184,175,46800000000,1.000000,76593061259478,20252793020480,10102309980838,2080288373,654,11
184,180,46800000000,1.000000,76771428587124,20074425692834,10102309980838,2080288373,654,11
184,185,46800000000,1.000000,76942125920676,19903728359282,10102309980838,2080288373,654,11
184,190,46800000000,1.000000,77113130844414,19732723435544,10102309980838,2080288373,654,11
184,195,46800000000,1.000000,77277930352434,19567923927524,10102309980838,2080288373,654,11
185,0,60000000000,1.000000,103823513472383,2994057257735,10089375269882,3160130664,0,0
185,5,48000000000,0.515287,103206769573655,6984092631609,10101367593173,3115577381,53,3
185,10,36000000000,0.381090,96301241783650,27534526611166,10112569158425,2697781581,362,8
185,15,38700000000,0.702438,81399662931414,36130305885233,10127970319757,1956134533,659,15
185,20,41400000000,0.776691,79082875613144,35655883568543,10130453190129,1943278400,680,17
185,25,44100000000,0.924940,78002331283855,31109234285044,10130453190129,1943278400,680,17
185,30,46800000000,1.000000,78298128433221,27937996119362,10130453190129,1943278400,680,17
185,35,46800000000,1.000000,78552399718416,25647172137347,10130453190129,1943278400,680,17
185,40,46800000000,1.000000,78838189032243,25236214511180,10130453190129,1943278400,680,17
185,45,46800000000,1.000000,79074793949743,24999609593680,10130453190129,1943278400,680,17
185,50,46800000000,1.000000,79301059072963,24773344470460,10130453190129,1943278400,680,17
185,55,46800000000,1.000000,79480988627618,24593414915805,10130453190129,1943278400,680,17
185,60,46800000000,1.000000,79681295497946,24393108045477,10130453190129,1943278400,680,17
185,65,46800000000,1.000000,79879604069132,24194799474291,10130453190129,1943278400,680,17
185,70,46800000000,1.000000,80080140383678,23994263159745,10130453190129,1943278400,680,17
185,75,46800000000,1.000000,80296842827048,23777560716375,10130453190129,1943278400,680,17
185,80,46800000000,1.000000,80511105584246,23563297959177,10130453190129,1943278400,680,17
185,85,46800000000,1.000000,80686310644526,23388092898897,10130453190129,1943278400,680,17
185,90,46800000000,1.000000,80876800485050,23197603058373,10130453190129,1943278400,680,17
185,95,46800000000,1.000000,81065389963052,23009013580371,10130453190129,1943278400,680,17
185,100,46800000000,1.000000,81256098002786,22818305540637,10130453190129,1943278400,680,17
185,105,46800000000,1.000000,81462179870036,22612223673387,10130453190129,1943278400,680,17
185,110,46800000000,1.000000,81665941620224,22408461923199,10130453190129,1943278400,680,17
185,115,46800000000,1.000000,81832559889344,22241843654079,10130453190129,1943278400,680,17
185,120,46800000000,1.000000,82013713832288,22060689711135,10130453190129,1943278400,680,17
185,125,46800000000,1.000000,82193060549336,21881342994087,10130453190129,1943278400,680,17
185,130,46800000000,1.000000,82374421997546,21699981545877,10130453190129,1943278400,680,17
185,135,46800000000,1.000000,82570403802896,21503999740527,10130453190129,1943278400,680,17
185,140,46800000000,1.000000,82764179199818,21310224343605,10130453190129,1943278400,680,17
185,145,46800000000,1.000000,82922631515948,21151772027475,10130453190129,1943278400,680,17
185,150,46800000000,1.000000,83094907113158,20979496430265,10130453190129,1943278400,680,17
185,155,46800000000,1.000000,83265464056370,20808939487053,10130453190129,1943278400,680,17
185,160,46800000000,1.000000,83437936988954,20636466554469,10130453190129,1943278400,680,17
185,165,46800000000,1.000000,83624313735764,20450089807659,10130453190129,1943278400,680,17
185,170,46800000000,1.000000,83808592210136,20265811333287,10130453190129,1943278400,680,17
185,175,46800000000,1.000000,83959278786164,20115124757259,10130453190129,1943278400,680,17
185,180,46800000000,1.000000,84123111164930,19951292378493,10130453190129,1943278400,680,17
185,185,46800000000,1.000000,84285309120962,19789094422461,10130453190129,1943278400,680,17
185,190,46800000000,1.000000,84449329163786,19625074379637,10130453190129,1943278400,680,17
185,195,46800000000,1.000000,84626571595544,19447831947879,10130453190129,1943278400,680,17
186,0,60000000000,1.000000,102166147875225,3118170993085,10099132131690,3805010286,0,0
186,5,48000000000,0.279001,101327098214806,14152458627428,10107807590999,3742320465,51,2
186,10,36000000000,0.416392,92543234716435,30565431318759,10113019731567,3031645753,347,4
186,15,38700000000,0.436577,85784255790196,44630497728721,10114534441140,2675033068,615,8
186,20,41400000000,0.777678,72875603773201,41652443670895,10115663127935,2669280406,631,8
186,25,44100000000,0.853584,71806328412489,39201148913755,10115663127935,2669280406,631,8
186,30,46800000000,0.986283,72183465441051,33544449356692,10115663127935,2669280406,631,8
186,35,46800000000,1.000000,72543444925092,32443047547430,10115663127935,2669280406,631,8
186,40,46800000000,1.000000,72827429939654,32064121493268,10115663127935,2669280406,631,8
186,45,46800000000,1.000000,73120463235908,31771088197014,10115663127935,2669280406,631,8
186,50,46800000000,1.000000,73395787034834,31495764398088,10115663127935,2669280406,631,8
186,55,46800000000,1.000000,73623789541437,31267761891485,10115663127935,2669280406,631,8
186,60,46800000000,1.000000,73908526858263,30983024574659,10115663127935,2669280406,631,8
186,65,46800000000,1.000000,74149550808087,30742000624835,10115663127935,2669280406,631,8
186,70,46800000000,1.000000,74417381528493,30474169904429,10115663127935,2669280406,631,8
186,75,46800000000,1.000000,74676634770867,30214916662055,10115663127935,2669280406,631,8
186,80,46800000000,1.000000,74938383234117,29953168198805,10115663127935,2669280406,631,8
186,85,46800000000,1.000000,75156220969527,29735330463395,10115663127935,2669280406,631,8
186,90,46800000000,1.000000,75427003324623,29464548108299,10115663127935,2669280406,631,8
186,95,46800000000,1.000000,75656214702675,29235336730247,10115663127935,2669280406,631,8
186,100,46800000000,1.000000,75910919052939,28980632379983,10115663127935,2669280406,631,8
186,105,46800000000,1.000000,76157466306831,28734085126091,10115663127935,2669280406,631,8
186,110,46800000000,1.000000,76406386490853,28485164942069,10115663127935,2669280406,631,8
186,115,46800000000,1.000000,76613548009839,28278003423083,10115663127935,2669280406,631,8
186,120,46800000000,1.000000,76871059335315,28020492097607,10115663127935,2669280406,631,8
186,125,46800000000,1.000000,77089037075199,27802514357723,10115663127935,2669280406,631,8
186,130,46800000000,1.000000,77331258377991,27560293054931,10115663127935,2669280406,631,8
186,135,46800000000,1.000000,77565722363139,27325829069783,10115663127935,2669280406,631,8
186,140,46800000000,1.000000,77802442981491,27089108451431,10115663127935,2669280406,631,8
186,145,46800000000,1.000000,77999451524769,26892099908153,10115663127935,2669280406,631,8
186,150,46800000000,1.000000,78244342233093,26647209199829,10115663127935,2669280406,631,8
186,155,46800000000,1.000000,78451636894725,26439914538197,10115663127935,2669280406,631,8
186,160,46800000000,1.000000,78681986943429,26209564489493,10115663127935,2669280406,631,8
186,165,46800000000,1.000000,78904959860421,25986591572501,10115663127935,2669280406,631,8
186,170,46800000000,1.000000,79130078812905,25761472620017,10115663127935,2669280406,631,8
186,175,46800000000,1.000000,79317431977329,25574119455593,10115663127935,2669280406,631,8
186,180,46800000000,1.000000,79550320604169,25341230828753,10115663127935,2669280406,631,8
186,185,46800000000,1.000000,79747455764805,25144095668117,10115663127935,2669280406,631,8
186,190,46800000000,1.000000,79966516369089,24925035063833,10115663127935,2669280406,631,8
186,195,46800000000,1.000000,80178561394371,24712990038551,10115663127935,2669280406,631,8
187,0,60000000000,1.000000,108334190752838,3011627887775,10099385359387,3379409770,0,0
187,5,48000000000,0.379984,107440974173452,10249950798858,10109415833267,3322555402,62,1
187,10,36000000000,0.600711,94926045409447,27289212600591,10126236276325,2606390885,383,5
187,15,38700000000,0.649337,85624835103477,39564933063451,10129380798873,2022516016,660,9
187,20,41400000000,0.775128,82283831260690,37453458753981,10130156411340,2018559053,672,10
187,25,44100000000,0.878166,81526455180247,33921376061972,10130156411340,2018559053,672,10
187,30,46800000000,0.997887,81876869769022,29500504891706,10130156411340,2018559053,672,10
187,35,46800000000,1.000000,82203275138763,26720238683013,10130156411340,2018559053,672,10
187,40,46800000000,1.000000,82489311180121,26398847845895,10130156411340,2018559053,672,10
187,45,46800000000,1.000000,82693756288181,26194402737835,10130156411340,2018559053,672,10
187,50,46800000000,1.000000,82930838203588,25957320822428,10130156411340,2018559053,672,10
187,55,46800000000,1.000000,83125487334341,25762671691675,10130156411340,2018559053,672,10
187,60,46800000000,1.000000,83353624409243,25534534616773,10130156411340,2018559053,672,10
187,65,46800000000,1.000000,83576182939613,25311976086403,10130156411340,2018559053,672,10
187,70,46800000000,1.000000,83796909881627,25091249144389,10130156411340,2018559053,672,10
187,75,46800000000,1.000000,83980100801405,24908058224611,10130156411340,2018559053,672,10
187,80,46800000000,1.000000,84195723722345,24692435303671,10130156411340,2018559053,672,10
187,85,46800000000,1.000000,84388114567097,24500044458919,10130156411340,2018559053,672,10
187,90,46800000000,1.000000,84605070655271,24283088370745,10130156411340,2018559053,672,10
187,95,46800000000,1.000000,84816721603163,24071437422853,10130156411340,2018559053,672,10
187,100,46800000000,1.000000,85026630728723,23861528297293,10130156411340,2018559053,672,10
187,105,46800000000,1.000000,85200843470765,23687315555251,10130156411340,2018559053,672,10
187,110,46800000000,1.000000,85405898722973,23482260303043,10130156411340,2018559053,672,10
187,115,46800000000,1.000000,85588860502073,23299298523943,10130156411340,2018559053,672,10
187,120,46800000000,1.000000,85795183583369,23092975442647,10130156411340,2018559053,672,10
187,125,46800000000,1.000000,85996461528803,22891697497213,10130156411340,2018559053,672,10
187,130,46800000000,1.000000,86196083018537,22692076007479,10130156411340,2018559053,672,10
187,135,46800000000,1.000000,86361757602719,22526401423297,10130156411340,2018559053,672,10
187,140,46800000000,1.000000,86556763107335,22331395918681,10130156411340,2018559053,672,10
187,145,46800000000,1.000000,86730757938809,22157401087207,10130156411340,2018559053,672,10
187,150,46800000000,1.000000,86926969136069,21961189889947,10130156411340,2018559053,672,10
187,155,46800000000,1.000000,87118382459393,21769776566623,10130156411340,2018559053,672,10
187,160,46800000000,1.000000,87308220509963,21579938516053,10130156411340,2018559053,672,10
187,165,46800000000,1.000000,87465775391081,21422383634935,10130156411340,2018559053,672,10
187,170,46800000000,1.000000,87651223685699,21236935340317,10130156411340,2018559053,672,10
187,175,46800000000,1.000000,87816691039157,21071467986859,10130156411340,2018559053,672,10
187,180,46800000000,1.000000,88003285935521,20884873090495,10130156411340,2018559053,672,10
187,185,46800000000,1.000000,88185318101555,20702840924461,10130156411340,2018559053,672,10
187,190,46800000000,1.000000,88365852198659,20522306827357,10130156411340,2018559053,672,10
187,195,46800000000,1.000000,88515685322915,20372473703101,10130156411340,2018559053,672,10
188,0,60000000000,1.000000,106291335950975,2962048480387,10087141568638,2972636486,0,0
188,5,48000000000,0.417407,105554896813725,8830216684073,10099837383004,2917500917,49,3
188,10,36000000000,0.472865,96571101723441,26778977170044,10106586247771,2362665237,351,7
188,15,38700000000,0.652244,86687369269011,34565087453194,10108290747601,2002753418,639,12
188,20,41400000000,0.812343,82079349317819,33424791250610,10108766080525,2000291838,655,15
188,25,44100000000,0.950588,80363274129857,30369070838047,10108766080525,2000291838,655,15
188,30,46800000000,1.000000,80635625183231,27907298774561,10108766080525,2000291838,655,15
188,35,46800000000,1.000000,80920706501651,25755142550801,10108766080525,2000291838,655,15
188,40,46800000000,1.000000,81172732318450,25500912368142,10108766080525,2000291838,655,15
188,45,46800000000,1.000000,81418906696436,25254737990156,10108766080525,2000291838,655,15
188,50,46800000000,1.000000,81627377433710,25046267252882,10108766080525,2000291838,655,15
188,55,46800000000,1.000000,81813830407537,24859814279055,10108766080525,2000291838,655,15
188,60,46800000000,1.000000,82030511747581,24643132939011,10108766080525,2000291838,655,15
188,65,46800000000,1.000000,82233484224265,24440160462327,10108766080525,2000291838,655,15
188,70,46800000000,1.000000,82436777480017,24236867206575,10108766080525,2000291838,655,15
188,75,46800000000,1.000000,82653598943671,24020045742921,10108766080525,2000291838,655,15
188,80,46800000000,1.000000,82851882952165,23821761734427,10108766080525,2000291838,655,15
188,85,46800000000,1.000000,83032208643427,23641436043165,10108766080525,2000291838,655,15
188,90,46800000000,1.000000,83238270441667,23435374244925,10108766080525,2000291838,655,15
188,95,46800000000,1.000000,83431295247337,23242349439255,10108766080525,2000291838,655,15
188,100,46800000000,1.000000,83624625110767,23049019575825,10108766080525,2000291838,655,15
188,105,46800000000,1.000000,83830820165215,22842824521377,10108766080525,2000291838,655,15
188,110,46800000000,1.000000,84019386284587,22654258402005,10108766080525,2000291838,655,15
188,115,46800000000,1.000000,84190874222761,22482770463831,10108766080525,2000291838,655,15
188,120,46800000000,1.000000,84386836942645,22286807743947,10108766080525,2000291838,655,15
188,125,46800000000,1.000000,84570401612347,22103243074245,10108766080525,2000291838,655,15
188,130,46800000000,1.000000,84754256388667,21919388297925,10108766080525,2000291838,655,15
188,135,46800000000,1.000000,84950345833789,21723298852803,10108766080525,2000291838,655,15
188,140,46800000000,1.000000,85129670337091,21543974349501,10108766080525,2000291838,655,15
188,145,46800000000,1.000000,85292753659987,21380891026605,10108766080525,2000291838,655,15
188,150,46800000000,1.000000,85479112256779,21194532429813,10108766080525,2000291838,655,15
188,155,46800000000,1.000000,85653680431147,21019964255445,10108766080525,2000291838,655,15
188,160,46800000000,1.000000,85828524494191,20845120192401,10108766080525,2000291838,655,15
188,165,46800000000,1.000000,86015003605405,20658641081187,10108766080525,2000291838,655,15
188,170,46800000000,1.000000,86185539423655,20488105262937,10108766080525,2000291838,655,15
188,175,46800000000,1.000000,86340630041119,20333014645473,10108766080525,2000291838,655,15
188,180,46800000000,1.000000,86517855212269,20155789474323,10108766080525,2000291838,655,15
188,185,46800000000,1.000000,86683867809103,19989776877489,10108766080525,2000291838,655,15
188,190,46800000000,1.000000,86850142773355,19823501913237,10108766080525,2000291838,655,15
188,195,46800000000,1.000000,87027482552677,19646162133915,10108766080525,2000291838,655,15
189,0,60000000000,1.000000,97502636824910,2907427455629,10075608719461,2640120774,0,0
189,5,48000000000,0.538558,96515653005969,7210624793347,10086679908575,2590285944,52,5
189,10,36000000000,0.534465,87811937696503,23541039074848,10091867794474,2035290480,362,10
189,15,38700000000,0.666610,79956029214421,30650445300724,10097761556107,1666246629,667,13
189,20,41400000000,0.828900,75401625851249,30142869690411,10098613954663,1661843129,682,13
189,25,44100000000,0.935027,75142391066138,26998869184076,10098613954663,1661843129,682,13
189,30,46800000000,1.000000,75367805091153,24482302779615,10098613954663,1661843129,682,13
189,35,46800000000,1.000000,75636349006767,22272530393481,10098613954663,1661843129,682,13
189,40,46800000000,1.000000,75876637221754,21967065285494,10098613954663,1661843129,682,13
189,45,46800000000,1.000000,76074661971918,21769040535330,10098613954663,1661843129,682,13
189,50,46800000000,1.000000,76256318284230,21587384223018,10098613954663,1661843129,682,13
189,55,46800000000,1.000000,76403062397531,21440640109717,10098613954663,1661843129,682,13
189,60,46800000000,1.000000,76602988842305,21240713664943,10098613954663,1661843129,682,13
189,65,46800000000,1.000000,76782286963349,21061415543899,10098613954663,1661843129,682,13
189,70,46800000000,1.000000,76961969347601,20881733159647,10098613954663,1661843129,682,13
189,75,46800000000,1.000000,77140589440037,20703113067211,10098613954663,1661843129,682,13
189,80,46800000000,1.000000,77311509610415,20532192896833,10098613954663,1661843129,682,13
189,85,46800000000,1.000000,77453867078411,20389835428837,10098613954663,1661843129,682,13
189,90,46800000000,1.000000,77643995138039,20199707369209,10098613954663,1661843129,682,13
189,95,46800000000,1.000000,77814505867121,20029196640127,10098613954663,1661843129,682,13
189,100,46800000000,1.000000,77985382026869,19858320480379,10098613954663,1661843129,682,13
189,105,46800000000,1.000000,78155247957629,19688454549619,10098613954663,1661843129,682,13
189,110,46800000000,1.000000,78317791338929,19525911168319,10098613954663,1661843129,682,13
189,115,46800000000,1.000000,78453171874529,19390530632719,10098613954663,1661843129,682,13
189,120,46800000000,1.000000,78633981767549,19209720739699,10098613954663,1661843129,682,13
189,125,46800000000,1.000000,78796135774169,19047566733079,10098613954663,1661843129,682,13
189,130,46800000000,1.000000,78958637301611,18885065205637,10098613954663,1661843129,682,13
189,135,46800000000,1.000000,79120178111483,18723524395765,10098613954663,1661843129,682,13
189,140,46800000000,1.000000,79274755249817,18568947257431,10098613954663,1661843129,682,13
189,145,46800000000,1.000000,79403500792139,18440201715109,10098613954663,1661843129,682,13
189,150,46800000000,1.000000,79575449201255,18268253305993,10098613954663,1661843129,682,13
189,155,46800000000,1.000000,79729656048239,18114046459009,10098613954663,1661843129,682,13
189,160,46800000000,1.000000,79884193384091,17959509123157,10098613954663,1661843129,682,13
189,165,46800000000,1.000000,80037817086965,17805885420283,10098613954663,1661843129,682,13
189,170,46800000000,1.000000,80184818407505,17658884099743,10098613954663,1661843129,682,13
189,175,46800000000,1.000000,80307254137139,17536448370109,10098613954663,1661843129,682,13
189,180,46800000000,1.000000,80470775363291,17372927143957,10098613954663,1661843129,682,13
189,185,46800000000,1.000000,80617424540357,17226277966891,10098613954663,1661843129,682,13
189,190,46800000000,1.000000,80764388009213,17079314498035,10098613954663,1661843129,682,13
189,195,46800000000,1.000000,80910482621987,16933219885261,10098613954663,1661843129,682,13
190,0,60000000000,1.000000,100131433445040,2883960944170,10082138610790,2702329036,0,0
190,5,48000000000,0.573033,98311221425213,8170220927508,10104509044658,2576623970,54,3
190,10,36000000000,0.460089,91760041980624,24376246422107,10122246304127,2170067161,395,9
190,15,38700000000,0.624049,82983015986946,32031553358929,10125256488669,1759347230,684,10
190,20,41400000000,0.793000,78777120764387,30510763166548,10125385489191,1758687026,693,10
190,25,44100000000,0.903093,78107238669073,27533049258623,10125385489191,1758687026,693,10
190,30,46800000000,1.000000,78379107902465,24482121322067,10125385489191,1758687026,693,10
190,35,46800000000,1.000000,78604601564903,22902626771549,10125385489191,1758687026,693,10
190,40,46800000000,1.000000,78850111032745,22564404156147,10125385489191,1758687026,693,10
190,45,46800000000,1.000000,79050115865948,22364399322944,10125385489191,1758687026,693,10
190,50,46800000000,1.000000,79240695161738,22173820027154,10125385489191,1758687026,693,10
190,55,46800000000,1.000000,79416084688072,21998430500820,10125385489191,1758687026,693,10
190,60,46800000000,1.000000,79595488053568,21819027135324,10125385489191,1758687026,693,10
190,65,46800000000,1.000000,79780051715278,21634463473614,10125385489191,1758687026,693,10
190,70,46800000000,1.000000,79962674911870,21451840277022,10125385489191,1758687026,693,10
190,75,46800000000,1.000000,80147869879372,21266645309520,10125385489191,1758687026,693,10
190,80,46800000000,1.000000,80324094546310,21090420642582,10125385489191,1758687026,693,10
190,85,46800000000,1.000000,80494226648332,20920288540560,10125385489191,1758687026,693,10
190,90,46800000000,1.000000,80664837463792,20749677725100,10125385489191,1758687026,693,10
190,95,46800000000,1.000000,80840355669700,20574159519192,10125385489191,1758687026,693,10
190,100,46800000000,1.000000,81014028512602,20400486676290,10125385489191,1758687026,693,10
190,105,46800000000,1.000000,81190147083874,20224368105018,10125385489191,1758687026,693,10
190,110,46800000000,1.000000,81357734988544,20056780200348,10125385489191,1758687026,693,10
190,115,46800000000,1.000000,81519528924664,19894986264228,10125385489191,1758687026,693,10
190,120,46800000000,1.000000,81681778112578,19732737076314,10125385489191,1758687026,693,10
190,125,46800000000,1.000000,81848694179950,19565821008942,10125385489191,1758687026,693,10
190,130,46800000000,1.000000,82013855325442,19400659863450,10125385489191,1758687026,693,10
190,135,46800000000,1.000000,82181342334244,19233172854648,10125385489191,1758687026,693,10
190,140,46800000000,1.000000,82340716764076,19073798424816,10125385489191,1758687026,693,10
190,145,46800000000,1.000000,82494581187502,18919934001390,10125385489191,1758687026,693,10
190,150,46800000000,1.000000,82648878550720,18765636638172,10125385489191,1758687026,693,10
190,155,46800000000,1.000000,82807614069970,18606901118922,10125385489191,1758687026,693,10
190,160,46800000000,1.000000,82964680675894,18449834512998,10125385489191,1758687026,693,10
190,165,46800000000,1.000000,83123959154800,18290556034092,10125385489191,1758687026,693,10
190,170,46800000000,1.000000,83275522651846,18138992537046,10125385489191,1758687026,693,10
190,175,46800000000,1.000000,83421846187594,17992669001298,10125385489191,1758687026,693,10
190,180,46800000000,1.000000,83568581444878,17845933744014,10125385489191,1758687026,693,10
190,185,46800000000,1.000000,83719537344232,17694977844660,10125385489191,1758687026,693,10
190,190,46800000000,1.000000,83868906123754,17545609065138,10125385489191,1758687026,693,10
190,195,46800000000,1.000000,84020378372500,17394136816392,10125385489191,1758687026,693,10
191,0,60000000000,1.000000,99358173217729,2917179334242,10081395448029,2977366764,0,0
191,5,48000000000,0.511932,98455348987721,7446622140060,10089233336877,2897417407,41,1
191,10,36000000000,0.530096,88217507932377,26462831835803,10111388902191,2316077465,356,5
191,15,38700000000,0.661037,79961468861905,33708230930515,10112907346255,1992078997,634,10
191,20,41400000000,0.829332,74680700576290,33225519193430,10121067550945,1950428499,655,12
191,25,44100000000,0.951639,73835293356832,29843663768094,10121067550945,1950428499,655,12
191,30,46800000000,1.000000,74057656420713,27702777234581,10121067550945,1950428499,655,12
191,35,46800000000,1.000000,74371653419075,24990476750139,10121067550945,1950428499,655,12
191,40,46800000000,1.000000,74636859969221,24679532555853,10121067550945,1950428499,655,12
191,45,46800000000,1.000000,74865573136463,24450819388611,10121067550945,1950428499,655,12
191,50,46800000000,1.000000,75085022566793,24231369958281,10121067550945,1950428499,655,12
191,55,46800000000,1.000000,75223125408847,24093267116227,10121067550945,1950428499,655,12
191,60,46800000000,1.000000,75444584766901,23871807758173,10121067550945,1950428499,655,12
191,65,46800000000,1.000000,75654795729421,23661596795653,10121067550945,1950428499,655,12
191,70,46800000000,1.000000,75866983324939,23449409200135,10121067550945,1950428499,655,12
191,75,46800000000,1.000000,76060817073925,23255575451149,10121067550945,1950428499,655,12
191,80,46800000000,1.000000,76268536350889,23047856174185,10121067550945,1950428499,655,12
191,85,46800000000,1.000000,76403935206481,22912457318593,10121067550945,1950428499,655,12
191,90,46800000000,1.000000,76614540852373,22701851672701,10121067550945,1950428499,655,12
191,95,46800000000,1.000000,76814449386115,22501943138959,10121067550945,1950428499,655,12
191,100,46800000000,1.000000,77016237678223,22300154846851,10121067550945,1950428499,655,12
191,105,46800000000,1.000000,77200571644885,22115820880189,10121067550945,1950428499,655,12
191,110,46800000000,1.000000,77398110610423,21918281914651,10121067550945,1950428499,655,12
191,115,46800000000,1.000000,77526873574921,21789518950153,10121067550945,1950428499,655,12
191,120,46800000000,1.000000,77727157448641,21589235076433,10121067550945,1950428499,655,12
191,125,46800000000,1.000000,77917268475127,21399124049947,10121067550945,1950428499,655,12
191,130,46800000000,1.000000,78109167133009,21207225392065,10121067550945,1950428499,655,12
191,135,46800000000,1.000000,78284466901045,21031925624029,10121067550945,1950428499,655,12
191,140,46800000000,1.000000,78472324491631,20844068033443,10121067550945,1950428499,655,12
191,145,46800000000,1.000000,78594776789545,20721615735529,10121067550945,1950428499,655,12
191,150,46800000000,1.000000,78785244760651,20531147764423,10121067550945,1950428499,655,12
191,155,46800000000,1.000000,78966038455297,20350354069777,10121067550945,1950428499,655,12
191,160,46800000000,1.000000,79148532169639,20167860355435,10121067550945,1950428499,655,12
191,165,46800000000,1.000000,79315240504891,20001152020183,10121067550945,1950428499,655,12
191,170,46800000000,1.000000,79493891204479,19822501320595,10121067550945,1950428499,655,12
191,175,46800000000,1.000000,79610342121427,19706050403647,10121067550945,1950428499,655,12
191,180,46800000000,1.000000,79791475266793,19524917258281,10121067550945,1950428499,655,12
191,185,46800000000,1.000000,79963408271401,19352984253673,10121067550945,1950428499,655,12
191,190,46800000000,1.000000,80136957977959,19179434547115,10121067550945,1950428499,655,12
191,195,46800000000,1.000000,80295495945913,19020896579161,10121067550945,1950428499,655,12
192,0,60000000000,1.000000,104885738639179,3006464145576,10094619215245,3738854628,0,0
192,5,48000000000,0.307127,104058308300365,12440063172581,10107837318197,3675585770,56,3
192,10,36000000000,0.312048,97758641097129,32417196753490,10112452971462,3234172066,351,8
192,15,38700000000,0.424252,89398153493702,43544384150142,10114889543955,2832348797,631,12
192,20,41400000000,0.832775,73285098975148,41530957245666,10115780296557,2827652361,644,13
192,25,44100000000,0.924979,71794112655772,39002958698622,10115780296557,2827652361,644,13
192,30,46800000000,1.000000,72132898823403,34718472149218,10115780296557,2827652361,644,13
192,35,46800000000,1.000000,72498675571838,33806272084665,10115780296557,2827652361,644,13
192,40,46800000000,1.000000,72809955789310,33433944416293,10115780296557,2827652361,644,13
192,45,46800000000,1.000000,73127023224332,33116876981271,10115780296557,2827652361,644,13
192,50,46800000000,1.000000,73410670321682,32833229883921,10115780296557,2827652361,644,13
192,55,46800000000,1.000000,73624624125055,32619276080548,10115780296557,2827652361,644,13
192,60,46800000000,1.000000,73921692361657,32322207843946,10115780296557,2827652361,644,13
192,65,46800000000,1.000000,74178889883131,32065010322472,10115780296557,2827652361,644,13
192,70,46800000000,1.000000,74465894331025,31778005874578,10115780296557,2827652361,644,13
192,75,46800000000,1.000000,74749126243285,31494773962318,10115780296557,2827652361,644,13
192,80,46800000000,1.000000,75018881344849,31225018860754,10115780296557,2827652361,644,13
192,85,46800000000,1.000000,75223293196273,31020607009330,10115780296557,2827652361,644,13
192,90,46800000000,1.000000,75505802133463,30738098072140,10115780296557,2827652361,644,13
192,95,46800000000,1.000000,75750394417297,30493505788306,10115780296557,2827652361,644,13
192,100,46800000000,1.000000,76023332791483,30220567414120,10115780296557,2827652361,644,13
192,105,46800000000,1.000000,76292683521835,29951216683768,10115780296557,2827652361,644,13
192,110,46800000000,1.000000,76549217939299,29694682266304,10115780296557,2827652361,644,13
192,115,46800000000,1.000000,76743611576125,29500288629478,10115780296557,2827652361,644,13
192,120,46800000000,1.000000,77012274764413,29231625441190,10115780296557,2827652361,644,13
192,125,46800000000,1.000000,77244879592603,28999020613000,10115780296557,2827652361,644,13
192,130,46800000000,1.000000,77504441270767,28739458934836,10115780296557,2827652361,644,13
192,135,46800000000,1.000000,77760591135295,28483309070308,10115780296557,2827652361,644,13
192,140,46800000000,1.000000,78004552813801,28239347391802,10115780296557,2827652361,644,13
192,145,46800000000,1.000000,78189419228299,28054480977304,10115780296557,2827652361,644,13
192,150,46800000000,1.000000,78444915247189,27798984958414,10115780296557,2827652361,644,13
192,155,46800000000,1.000000,78666120124357,27577780081246,10115780296557,2827652361,644,13
192,160,46800000000,1.000000,78912960697537,27330939508066,10115780296557,2827652361,644,13
192,165,46800000000,1.000000,79156556669917,27087343535686,10115780296557,2827652361,644,13
192,170,46800000000,1.000000,79388561798689,26855338406914,10115780296557,2827652361,644,13
192,175,46800000000,1.000000,79564367919361,26679532286242,10115780296557,2827652361,644,13
192,180,46800000000,1.000000,79807342091071,26436558114532,10115780296557,2827652361,644,13
192,185,46800000000,1.000000,80017705728277,26226194477326,10115780296557,2827652361,644,13
192,190,46800000000,1.000000,80252448657325,25991451548278,10115780296557,2827652361,644,13
192,195,46800000000,1.000000,80484106003255,25759794202348,10115780296557,2827652361,644,13
193,0,60000000000,1.000000,109120028334468,3036204609339,10097684056193,3530078060,0,0
193,5,48000000000,0.345636,108483119865504,10597748137964,10107834312566,3481009585,44,1
193,10,36000000000,0.425058,99467223313702,29815067565472,10113567423577,2877571594,341,4
193,15,38700000000,0.511518,91191749889489,40948920733216,10116071717903,2524811890,622,8
193,20,41400000000,0.840126,79267337867658,39122707732521,10118594724625,2511954306,642,8
193,25,44100000000,0.913346,78590551323538,36727355180795,10118594724625,2511954306,642,8
193,30,46800000000,1.000000,78946793363370,32530792289511,10118594724625,2511954306,642,8
193,35,46800000000,1.000000,79282639222836,31182070802690,10118594724625,2511954306,642,8
193,40,46800000000,1.000000,79565962398866,30787429217580,10118594724625,2511954306,642,8
193,45,46800000000,1.000000,79855699607030,30497692009416,10118594724625,2511954306,642,8
193,50,46800000000,1.000000,80130373567658,30223018048788,10118594724625,2511954306,642,8
193,55,46800000000,1.000000,80338039444451,30015352171995,10118594724625,2511954306,642,8
193,60,46800000000,1.000000,80603334753281,29750056863165,10118594724625,2511954306,642,8
193,65,46800000000,1.000000,80866491247217,29486900369229,10118594724625,2511954306,642,8
193,70,46800000000,1.000000,81084742758185,29268648858261,10118594724625,2511954306,642,8
193,75,46800000000,1.000000,81347114890769,29006276725677,10118594724625,2511954306,642,8
193,80,46800000000,1.000000,81608359845065,28745031771381,10118594724625,2511954306,642,8
193,85,46800000000,1.000000,81809090334929,28544301281517,10118594724625,2511954306,642,8
193,90,46800000000,1.000000,82061383533905,28292008082541,10118594724625,2511954306,642,8
193,95,46800000000,1.000000,82311642741221,28041748875225,10118594724625,2511954306,642,8
193,100,46800000000,1.000000,82519197756425,27834193860021,10118594724625,2511954306,642,8
193,105,46800000000,1.000000,82768711043981,27584680572465,10118594724625,2511954306,642,8
193,110,46800000000,1.000000,83017152395981,27336239220465,10118594724625,2511954306,642,8
193,115,46800000000,1.000000,83208045094643,27145346521803,10118594724625,2511954306,642,8
193,120,46800000000,1.000000,83447973416609,26905418199837,10118594724625,2511954306,642,8
193,125,46800000000,1.000000,83685967432697,26667424183749,10118594724625,2511954306,642,8
193,130,46800000000,1.000000,83883350186963,26470041429483,10118594724625,2511954306,642,8
193,135,46800000000,1.000000,84120634840697,26232756775749,10118594724625,2511954306,642,8
193,140,46800000000,1.000000,84356900094515,25996491521931,10118594724625,2511954306,642,8
193,145,46800000000,1.000000,84538437151535,25814954464911,10118594724625,2511954306,642,8
193,150,46800000000,1.000000,84766606598429,25586785018017,10118594724625,2511954306,642,8
193,155,46800000000,1.000000,84992936539595,25360455076851,10118594724625,2511954306,642,8
193,160,46800000000,1.000000,85180645575035,25172746041411,10118594724625,2511954306,642,8
193,165,46800000000,1.000000,85406300919731,24947090696715,10118594724625,2511954306,642,8
193,170,46800000000,1.000000,85630986825143,24722404791303,10118594724625,2511954306,642,8
193,175,46800000000,1.000000,85803626760101,24549764856345,10118594724625,2511954306,642,8
193,180,46800000000,1.000000,86020613633741,24332777982705,10118594724625,2511954306,642,8
193,185,46800000000,1.000000,86235851155751,24117540460695,10118594724625,2511954306,642,8
193,190,46800000000,1.000000,86414360580725,23939031035721,10118594724625,2511954306,642,8
193,195,46800000000,1.000000,86628956568257,23724435048189,10118594724625,2511954306,642,8
194,0,60000000000,1.000000,112930063560533,3125117146647,10107408292820,3836222244,0,0
194,5,48000000000,0.512774,111551207289857,8756911640881,10121062215265,3732706928,57,1
194,10,36000000000,0.627825,95951126439269,31993129133653,10125387124340,2660330761,347,3
194,15,38700000000,0.667672,86873915843753,43672537713477,10129729147950,2301764159,636,6
194,20,41400000000,0.774436,83276374091824,42295585607279,10130984933459,2295305858,650,6
194,25,44100000000,0.892166,82619014240807,37451101801713,10130984933459,2295305858,650,6
194,30,46800000000,0.989712,82948975991417,33426512985066,10130984933459,2295305858,650,6
194,35,46800000000,1.000000,83287684885358,30267663068204,10130984933459,2295305858,650,6
194,40,46800000000,1.000000,83632129680147,29710146162595,10130984933459,2295305858,650,6
194,45,46800000000,1.000000,83896350044539,29445925798203,10130984933459,2295305858,650,6
194,50,46800000000,1.000000,84159565814611,29182710028131,10130984933459,2295305858,650,6
194,55,46800000000,1.000000,84362803239670,28979472603072,10130984933459,2295305858,650,6
194,60,46800000000,1.000000,84625399353682,28716876489060,10130984933459,2295305858,650,6
194,65,46800000000,1.000000,84850547104666,28491728738076,10130984933459,2295305858,650,6
194,70,46800000000,1.000000,85096861526830,28245414315912,10130984933459,2295305858,650,6
194,75,46800000000,1.000000,85337664598288,28004611244454,10130984933459,2295305858,650,6
194,80,46800000000,1.000000,85587998464330,27754277378412,10130984933459,2295305858,650,6
194,85,46800000000,1.000000,85783085724478,27559190118264,10130984933459,2295305858,650,6
194,90,46800000000,1.000000,86032812016090,27309463826652,10130984933459,2295305858,650,6
194,95,46800000000,1.000000,86246925286996,27095350555746,10130984933459,2295305858,650,6
194,100,46800000000,1.000000,86481167851720,26861107991022,10130984933459,2295305858,650,6
194,105,46800000000,1.000000,86710169176732,26632106666010,10130984933459,2295305858,650,6
194,110,46800000000,1.000000,86948234192428,26394041650314,10130984933459,2295305858,650,6
194,115,46800000000,1.000000,87133760235640,26208515607102,10130984933459,2295305858,650,6
194,120,46800000000,1.000000,87371247454138,25971028388604,10130984933459,2295305858,650,6
194,125,46800000000,1.000000,87574867044322,25767408798420,10130984933459,2295305858,650,6
194,130,46800000000,1.000000,87797629392586,25544646450156,10130984933459,2295305858,650,6
194,135,46800000000,1.000000,88015407374014,25326868468728,10130984933459,2295305858,650,6
194,140,46800000000,1.000000,88241804835148,25100471007594,10130984933459,2295305858,650,6
194,145,46800000000,1.000000,88418238256282,24924037586460,10130984933459,2295305858,650,6
194,150,46800000000,1.000000,88644086238166,24698189604576,10130984933459,2295305858,650,6
194,155,46800000000,1.000000,88837726442386,24504549400356,10130984933459,2295305858,650,6
194,160,46800000000,1.000000,89049571219126,24292704623616,10130984933459,2295305858,650,6
194,165,46800000000,1.000000,89256675912604,24085599930138,10130984933459,2295305858,650,6
194,170,46800000000,1.000000,89471977645432,23870298197310,10130984933459,2295305858,650,6
194,175,46800000000,1.000000,89639764073362,23702511769380,10130984933459,2295305858,650,6
194,180,46800000000,1.000000,89854543256848,23487732585894,10130984933459,2295305858,650,6
194,185,46800000000,1.000000,90038693164384,23303582678358,10130984933459,2295305858,650,6
194,190,46800000000,1.000000,90240155439058,23102120403684,10130984933459,2295305858,650,6
194,195,46800000000,1.000000,90437109941836,22905165900906,10130984933459,2295305858,650,6
195,0,60000000000,1.000000,101377310615117,2932820605182,10081269779701,3137720646,0,0
195,5,48000000000,0.358420,100838166763694,9656938454718,10091993907640,3100170693,54,3
195,10,36000000000,0.278415,96401208568807,28345687228165,10098323440359,2818218049,355,8
195,15,38700000000,0.442523,87651341079501,37597125765921,10102483802135,2452360223,654,12
195,20,41400000000,0.873151,73972482416664,34720643659349,10102569254793,2451738929,664,13
195,25,44100000000,0.943553,72358776688482,33840238442692,10102569254793,2451738929,664,13
195,30,46800000000,1.000000,72673847248811,30208490366268,10102569254793,2451738929,664,13
195,35,46800000000,1.000000,72970258007206,29469446948722,10102569254793,2451738929,664,13
195,40,46800000000,1.000000,73273879038011,29123736180597,10102569254793,2451738929,664,13
195,45,46800000000,1.000000,73529392801990,28868222416618,10102569254793,2451738929,664,13
195,50,46800000000,1.000000,73755850756876,28641764461732,10102569254793,2451738929,664,13
195,55,46800000000,1.000000,73964670220633,28432944997975,10102569254793,2451738929,664,13
195,60,46800000000,1.000000,74221021337713,28176593880895,10102569254793,2451738929,664,13
195,65,46800000000,1.000000,74463703190101,27933912028507,10102569254793,2451738929,664,13
195,70,46800000000,1.000000,74708293447687,27689321770921,10102569254793,2451738929,664,13
195,75,46800000000,1.000000,74942601825289,27455013393319,10102569254793,2451738929,664,13
195,80,46800000000,1.000000,75156554594791,27241060623817,10102569254793,2451738929,664,13
195,85,46800000000,1.000000,75358167414991,27039447803617,10102569254793,2451738929,664,13
195,90,46800000000,1.000000,75601954776517,26795660442091,10102569254793,2451738929,664,13
195,95,46800000000,1.000000,75832742803507,26564872415101,10102569254793,2451738929,664,13
195,100,46800000000,1.000000,76065345704785,26332269513823,10102569254793,2451738929,664,13
195,105,46800000000,1.000000,76288170640381,26109444578227,10102569254793,2451738929,664,13
195,110,46800000000,1.000000,76491637595269,25905977623339,10102569254793,2451738929,664,13
195,115,46800000000,1.000000,76683369381145,25714245837463,10102569254793,2451738929,664,13
195,120,46800000000,1.000000,76915208736331,25482406482277,10102569254793,2451738929,664,13
195,125,46800000000,1.000000,77134685853529,25262929365079,10102569254793,2451738929,664,13
195,130,46800000000,1.000000,77355888898225,25041726320383,10102569254793,2451738929,664,13
195,135,46800000000,1.000000,77567793194839,24829822023769,10102569254793,2451738929,664,13
195,140,46800000000,1.000000,77761288244359,24636326974249,10102569254793,2451738929,664,13
195,145,46800000000,1.000000,77943623264935,24453991953673,10102569254793,2451738929,664,13
195,150,46800000000,1.000000,78164100184741,24233515033867,10102569254793,2451738929,664,13
195,155,46800000000,1.000000,78372820739533,24024794479075,10102569254793,2451738929,664,13
195,160,46800000000,1.000000,78583182634015,23814432584593,10102569254793,2451738929,664,13
195,165,46800000000,1.000000,78784701511645,23612913706963,10102569254793,2451738929,664,13
195,170,46800000000,1.000000,78968713378591,23428901840017,10102569254793,2451738929,664,13
195,175,46800000000,1.000000,79142112168973,23255503049635,10102569254793,2451738929,664,13
195,180,46800000000,1.000000,79351783526119,23045831692489,10102569254793,2451738929,664,13
195,185,46800000000,1.000000,79550274696943,22847340521665,10102569254793,2451738929,664,13
195,190,46800000000,1.000000,79750326765475,22647288453133,10102569254793,2451738929,664,13
195,195,46800000000,1.000000,79941969213067,22455646005541,10102569254793,2451738929,664,13
196,0,60000000000,1.000000,99564229547513,2937490874981,10083092577506,2787301046,0,0
196,5,48000000000,0.424541,98859286886748,8555816884306,10093228363380,2723980782,52,3
196,10,36000000000,0.366600,94083537610248,22915240664867,10100547228718,2422692981,365,18
196,15,38700000000,0.670086,80648422167481,32577684102843,10106532080840,1787468281,655,24
196,20,41400000000,0.817523,76867880172166,31325989114814,10107211971842,1783995217,667,25
196,25,44100000000,0.938604,75845995528011,28373623536549,10107211971842,1783995217,667,25
196,30,46800000000,1.000000,76126523204908,25396861171880,10107211971842,1783995217,667,25
196,35,46800000000,1.000000,76392409140418,23291482199390,10107211971842,1783995217,667,25
196,40,46800000000,1.000000,76633907886403,22971285258485,10107211971842,1783995217,667,25
196,45,46800000000,1.000000,76826830196828,22778362948060,10107211971842,1783995217,667,25
196,50,46800000000,1.000000,77034706372514,22570486772374,10107211971842,1783995217,667,25
196,55,46800000000,1.000000,77202665561816,22402527583072,10107211971842,1783995217,667,25
196,60,46800000000,1.000000,77407986334556,22197206810332,10107211971842,1783995217,667,25
196,65,46800000000,1.000000,77577085050038,22028108094850,10107211971842,1783995217,667,25
196,70,46800000000,1.000000,77770096876616,21835096268272,10107211971842,1783995217,667,25
196,75,46800000000,1.000000,77941201453388,21663991691500,10107211971842,1783995217,667,25
196,80,46800000000,1.000000,78138759399728,21466433745160,10107211971842,1783995217,667,25
196,85,46800000000,1.000000,78300612299978,21304580844910,10107211971842,1783995217,667,25
196,90,46800000000,1.000000,78495870311804,21109322833084,10107211971842,1783995217,667,25
196,95,46800000000,1.000000,78656681507552,20948511637336,10107211971842,1783995217,667,25
196,100,46800000000,1.000000,78840233834066,20764959310822,10107211971842,1783995217,667,25
196,105,46800000000,1.000000,79002952584008,20602240560880,10107211971842,1783995217,667,25
196,110,46800000000,1.000000,79190828225216,20414364919672,10107211971842,1783995217,667,25
196,115,46800000000,1.000000,79344748722830,20260444422058,10107211971842,1783995217,667,25
196,120,46800000000,1.000000,79530437149292,20074755995596,10107211971842,1783995217,667,25
196,125,46800000000,1.000000,79683366996230,19921826148658,10107211971842,1783995217,667,25
196,130,46800000000,1.000000,79857923432366,19747269712522,10107211971842,1783995217,667,25
196,135,46800000000,1.000000,80012667344486,19592525800402,10107211971842,1783995217,667,25
196,140,46800000000,1.000000,80191335209828,19413857935060,10107211971842,1783995217,667,25
196,145,46800000000,1.000000,80337712071554,19267481073334,10107211971842,1783995217,667,25
196,150,46800000000,1.000000,80514299917640,19090893227248,10107211971842,1783995217,667,25
196,155,46800000000,1.000000,80659734680558,18945458464330,10107211971842,1783995217,667,25
196,160,46800000000,1.000000,80825736114308,18779457030580,10107211971842,1783995217,667,25
196,165,46800000000,1.000000,80972896035134,18632297109754,10107211971842,1783995217,667,25
196,170,46800000000,1.000000,81142807397336,18462385747552,10107211971842,1783995217,667,25
196,175,46800000000,1.000000,81282010336328,18323182808560,10107211971842,1783995217,667,25
196,180,46800000000,1.000000,81449943620900,18155249523988,10107211971842,1783995217,667,25
196,185,46800000000,1.000000,81588250633358,18016942511530,10107211971842,1783995217,667,25
196,190,46800000000,1.000000,81746116345316,17859076799572,10107211971842,1783995217,667,25
196,195,46800000000,1.000000,81886063965680,17719129179208,10107211971842,1783995217,667,25
197,0,60000000000,1.000000,101651595086277,2916918215323,10083382698400,2993175596,0,0
197,5,48000000000,0.478584,100470073683342,8538706113365,10095333300033,2893409828,64,2
197,10,36000000000,0.343881,95874810493760,25237076607773,10098538505654,2584327933,375,9
197,15,38700000000,0.715801,79946622052970,34372112983365,10101663950915,1953959093,650,14
197,20,41400000000,0.836267,76683014906592,33322894051940,10102041144834,1952032422,666,14
197,25,44100000000,0.962404,75423747067469,30263899848700,10102041144834,1952032422,666,14
197,30,46800000000,1.000000,75692353436499,27871481056348,10102041144834,1952032422,666,14
197,35,46800000000,1.000000,75988705355111,25190509030796,10102041144834,1952032422,666,14
197,40,46800000000,1.000000,76235102520658,24920000032569,10102041144834,1952032422,666,14
197,45,46800000000,1.000000,76472991473277,24682111079950,10102041144834,1952032422,666,14
197,50,46800000000,1.000000,76697887543173,24457215010054,10102041144834,1952032422,666,14
197,55,46800000000,1.000000,76861881254236,24293221298991,10102041144834,1952032422,666,14
197,60,46800000000,1.000000,77067626208958,24087476344269,10102041144834,1952032422,666,14
197,65,46800000000,1.000000,77281289582308,23873812970919,10102041144834,1952032422,666,14
197,70,46800000000,1.000000,77483046669538,23672055883689,10102041144834,1952032422,666,14
197,75,46800000000,1.000000,77676606471418,23478496081809,10102041144834,1952032422,666,14
197,80,46800000000,1.000000,77890156421488,23264946131739,10102041144834,1952032422,666,14
197,85,46800000000,1.000000,78052490796502,23102611756725,10102041144834,1952032422,666,14
197,90,46800000000,1.000000,78248152201276,22906950351951,10102041144834,1952032422,666,14
197,95,46800000000,1.000000,78451343943346,22703758609881,10102041144834,1952032422,666,14
197,100,46800000000,1.000000,78643212925924,22511889627303,10102041144834,1952032422,666,14
197,105,46800000000,1.000000,78827286371566,22327816181661,10102041144834,1952032422,666,14
197,110,46800000000,1.000000,79030370249272,22124732303955,10102041144834,1952032422,666,14
197,115,46800000000,1.000000,79184748624610,21970353928617,10102041144834,1952032422,666,14
197,120,46800000000,1.000000,79370820673564,21784281879663,10102041144834,1952032422,666,14
197,125,46800000000,1.000000,79564053998590,21591048554637,10102041144834,1952032422,666,14
197,130,46800000000,1.000000,79746519491944,21408583061283,10102041144834,1952032422,666,14
197,135,46800000000,1.000000,79921571507170,21233531046057,10102041144834,1952032422,666,14
197,140,46800000000,1.000000,80114702254228,21040400298999,10102041144834,1952032422,666,14
197,145,46800000000,1.000000,80261514553186,20893588000041,10102041144834,1952032422,666,14
197,150,46800000000,1.000000,80438467220368,20716635332859,10102041144834,1952032422,666,14
197,155,46800000000,1.000000,80622230189704,20532872363523,10102041144834,1952032422,666,14
197,160,46800000000,1.000000,80795753058292,20359349494935,10102041144834,1952032422,666,14
197,165,46800000000,1.000000,80962225782904,20192876770323,10102041144834,1952032422,666,14
197,170,46800000000,1.000000,81145891201660,20009211351567,10102041144834,1952032422,666,14
197,175,46800000000,1.000000,81285508237126,19869594316101,10102041144834,1952032422,666,14
197,180,46800000000,1.000000,81453788462842,19701314090385,10102041144834,1952032422,666,14
197,185,46800000000,1.000000,81628545218110,19526557335117,10102041144834,1952032422,666,14
197,190,46800000000,1.000000,81793563739564,19361538813663,10102041144834,1952032422,666,14
197,195,46800000000,1.000000,81951877644250,19203224908977,10102041144834,1952032422,666,14
198,0,60000000000,1.000000,109312341266180,3073835395101,10108789338719,3760537640,0,0
198,5,48000000000,0.623542,106156265828053,9952733938832,10132751747149,3488321679,58,1
198,10,36000000000,0.630212,93546947595083,29848955448223,10136839971264,2520600586,357,4
198,15,38700000000,0.577693,87082528361826,43742597201934,10142624648751,2188657601,638,7
198,20,41400000000,0.710576,83334590242451,40833855338944,10144804343647,2177494380,658,7
198,25,44100000000,0.797439,83014457230977,36787376698992,10144804343647,2177494380,658,7
198,30,46800000000,0.918099,83352434842279,31584521969714,10144804343647,2177494380,658,7
198,35,46800000000,0.997588,83678503617224,28740968053562,10144804343647,2177494380,658,7
198,40,46800000000,1.000000,84008270581922,28229167473325,10144804343647,2177494380,658,7
198,45,46800000000,1.000000,84227032835786,28010405219461,10144804343647,2177494380,658,7
198,50,46800000000,1.000000,84474222688124,27763215367123,10144804343647,2177494380,658,7
198,55,46800000000,1.000000,84682345669505,27555092385742,10144804343647,2177494380,658,7
198,60,46800000000,1.000000,84938514448265,27298923606982,10144804343647,2177494380,658,7
198,65,46800000000,1.000000,85155686830865,27081751224382,10144804343647,2177494380,658,7
198,70,46800000000,1.000000,85401949841393,26835488213854,10144804343647,2177494380,658,7
198,75,46800000000,1.000000,85596875755637,26640562299610,10144804343647,2177494380,658,7
198,80,46800000000,1.000000,85831980301829,26405457753418,10144804343647,2177494380,658,7
198,85,46800000000,1.000000,86032819350683,26204618704564,10144804343647,2177494380,658,7
198,90,46800000000,1.000000,86276433310499,25961004744748,10144804343647,2177494380,658,7
198,95,46800000000,1.000000,86482962085595,25754475969652,10144804343647,2177494380,658,7
198,100,46800000000,1.000000,86717155758407,25520282296840,10144804343647,2177494380,658,7
198,105,46800000000,1.000000,86902528363283,25334909691964,10144804343647,2177494380,658,7
198,110,46800000000,1.000000,87126110447429,25111327607818,10144804343647,2177494380,658,7
198,115,46800000000,1.000000,87317106384575,24920331670672,10144804343647,2177494380,658,7
198,120,46800000000,1.000000,87548780836307,24688657218940,10144804343647,2177494380,658,7
198,125,46800000000,1.000000,87745187646305,24492250408942,10144804343647,2177494380,658,7
198,130,46800000000,1.000000,87967903498859,24269534556388,10144804343647,2177494380,658,7
198,135,46800000000,1.000000,88144191001625,24093247053622,10144804343647,2177494380,658,7
198,140,46800000000,1.000000,88356815338967,23880622716280,10144804343647,2177494380,658,7
198,145,46800000000,1.000000,88538450574689,23698987480558,10144804343647,2177494380,658,7
198,150,46800000000,1.000000,88758770673071,23478667382176,10144804343647,2177494380,658,7
198,155,46800000000,1.000000,88945551595181,23291886460066,10144804343647,2177494380,658,7
198,160,46800000000,1.000000,89157352154813,23080085900434,10144804343647,2177494380,658,7
198,165,46800000000,1.000000,89324999815853,22912438239394,10144804343647,2177494380,658,7
198,170,46800000000,1.000000,89527203445061,22710234610186,10144804343647,2177494380,658,7
198,175,46800000000,1.000000,89699936746949,22537501308298,10144804343647,2177494380,658,7
198,180,46800000000,1.000000,89909458968359,22327979086888,10144804343647,2177494380,658,7
198,185,46800000000,1.000000,90087085766819,22150352288428,10144804343647,2177494380,658,7
198,190,46800000000,1.000000,90288505991639,21948932063608,10144804343647,2177494380,658,7
198,195,46800000000,1.000000,90447937249217,21789500806030,10144804343647,2177494380,658,7
199,0,60000000000,1.000000,110801486910833,2937660749727,10088477339440,2883929334,0,0
199,5,48000000000,0.554942,109301789149076,7964572547637,10105962634638,2808918408,41,2
199,10,36000000000,0.378595,104114894762475,25362510748981,10110598549622,2460140991,359,10
199,15,38700000000,0.621263,92921910032816,33464143771352,10115690912083,1966301127,640,12
199,20,41400000000,0.814759,87148302051873,32602474578554,10116171674048,1963813178,662,12
199,25,44100000000,0.938488,86039289735633,29485901566368,10116171674048,1963813178,662,12
199,30,46800000000,1.000000,86289770919064,27101087230691,10116171674048,1963813178,662,12
199,35,46800000000,1.000000,86571114254273,25123611331282,10116171674048,1963813178,662,12
199,40,46800000000,1.000000,86823441736613,24830248600402,10116171674048,1963813178,662,12
199,45,46800000000,1.000000,87051830939425,24601859397590,10116171674048,1963813178,662,12
199,50,46800000000,1.000000,87264373534375,24389316802640,10116171674048,1963813178,662,12
199,55,46800000000,1.000000,87433676597920,24220013739095,10116171674048,1963813178,662,12
199,60,46800000000,1.000000,87646796007748,24006894329267,10116171674048,1963813178,662,12
199,65,46800000000,1.000000,87853316957434,23800373379581,10116171674048,1963813178,662,12
199,70,46800000000,1.000000,88050900442582,23602789894433,10116171674048,1963813178,662,12
199,75,46800000000,1.000000,88254737722378,23398952614637,10116171674048,1963813178,662,12
199,80,46800000000,1.000000,88454706636280,23198983700735,10116171674048,1963813178,662,12
199,85,46800000000,1.000000,88620698241328,23032992095687,10116171674048,1963813178,662,12
199,90,46800000000,1.000000,88823372679484,22830317657531,10116171674048,1963813178,662,12
199,95,46800000000,1.000000,89019772047802,22633918289213,10116171674048,1963813178,662,12
199,100,46800000000,1.000000,89207671976224,22446018360791,10116171674048,1963813178,662,12
199,105,46800000000,1.000000,89401519201084,22252171135931,10116171674048,1963813178,662,12
199,110,46800000000,1.000000,89591687648482,22062002688533,10116171674048,1963813178,662,12
199,115,46800000000,1.000000,89749544013286,21904146323729,10116171674048,1963813178,662,12
199,120,46800000000,1.000000,89942285387392,21711404949623,10116171674048,1963813178,662,12
199,125,46800000000,1.000000,90129059232442,21524631104573,10116171674048,1963813178,662,12
199,130,46800000000,1.000000,90307750194766,21345940142249,10116171674048,1963813178,662,12
199,135,46800000000,1.000000,90492096976810,21161593360205,10116171674048,1963813178,662,12
199,140,46800000000,1.000000,90672945278134,20980745058881,10116171674048,1963813178,662,12
199,145,46800000000,1.000000,90823065110338,20830625226677,10116171674048,1963813178,662,12
199,150,46800000000,1.000000,91006360239292,20647330097723,10116171674048,1963813178,662,12
199,155,46800000000,1.000000,91183980307468,20469710029547,10116171674048,1963813178,662,12
199,160,46800000000,1.000000,91353913634752,20299776702263,10116171674048,1963813178,662,12
199,165,46800000000,1.000000,91529225590162,20124464746853,10116171674048,1963813178,662,12
199,170,46800000000,1.000000,91701210525238,19952479811777,10116171674048,1963813178,662,12
199,175,46800000000,1.000000,91843972991950,19809717345065,10116171674048,1963813178,662,12
199,180,46800000000,1.000000,92018284835782,19635405501233,10116171674048,1963813178,662,12
199,185,46800000000,1.000000,92187199753330,19466490583685,10116171674048,1963813178,662,12
199,190,46800000000,1.000000,92348804656570,19304885680445,10116171674048,1963813178,662,12
199,195,46800000000,1.000000,92515524581818,19138165755197,10116171674048,1963813178,662,12
200,0,60000000000,1.000000,104566649922576,2984896416913,10091554660511,3421549800,0,0
200,5,48000000000,0.359076,103978090195641,9926386370347,10100686439574,3370000797,50,2
200,10,36000000000,0.348747,96169722769675,32602253392413,10103453320253,2717568389,361,7
200,15,38700000000,0.430070,89936511675069,40926179142205,10105458726412,2430710617,629,9
200,20,41400000000,0.794673,77851099206112,37356614272303,10105721036436,2429328792,646,10
200,25,44100000000,0.859860,77021328367734,35489568821248,10105721036436,2429328792,646,10
200,30,46800000000,0.965123,77319103219137,31310269932666,10105721036436,2429328792,646,10
200,35,46800000000,1.000000,77642351254486,29869724909782,10105721036436,2429328792,646,10
200,40,46800000000,1.000000,77963013128862,29483282113526,10105721036436,2429328792,646,10
200,45,46800000000,1.000000,78223823681452,29222471560936,10105721036436,2429328792,646,10
200,50,46800000000,1.000000,78428877761332,29017417481056,10105721036436,2429328792,646,10
200,55,46800000000,1.000000,78645797729300,28800497513088,10105721036436,2429328792,646,10
200,60,46800000000,1.000000,78902376146084,28543919096304,10105721036436,2429328792,646,10
200,65,46800000000,1.000000,79160482138454,28285813103934,10105721036436,2429328792,646,10
200,70,46800000000,1.000000,79414362942446,28031932299942,10105721036436,2429328792,646,10
200,75,46800000000,1.000000,79655668104644,27790627137744,10105721036436,2429328792,646,10
200,80,46800000000,1.000000,79850366093012,27595929149376,10105721036436,2429328792,646,10
200,85,46800000000,1.000000,80057308653638,27388986588750,10105721036436,2429328792,646,10
200,90,46800000000,1.000000,80301312175088,27144983067300,10105721036436,2429328792,646,10
200,95,46800000000,1.000000,80546768405798,26899526836590,10105721036436,2429328792,646,10
200,100,46800000000,1.000000,80788206524336,26658088718052,10105721036436,2429328792,646,10
200,105,46800000000,1.000000,81017685332600,26428609909788,10105721036436,2429328792,646,10
200,110,46800000000,1.000000,81202841182250,26243454060138,10105721036436,2429328792,646,10
200,115,46800000000,1.000000,81399641498426,26046653743962,10105721036436,2429328792,646,10
200,120,46800000000,1.000000,81631686419294,25814608823094,10105721036436,2429328792,646,10
200,125,46800000000,1.000000,81865112852096,25581182390292,10105721036436,2429328792,646,10
200,130,46800000000,1.000000,82094718100490,25351577141898,10105721036436,2429328792,646,10
200,135,46800000000,1.000000,82312950163718,25133345078670,10105721036436,2429328792,646,10
200,140,46800000000,1.000000,82489031534372,24957263708016,10105721036436,2429328792,646,10
200,145,46800000000,1.000000,82676186676812,24770108565576,10105721036436,2429328792,646,10
200,150,46800000000,1.000000,82896859087694,24549436154694,10105721036436,2429328792,646,10
200,155,46800000000,1.000000,83118845302766,24327449939622,10105721036436,2429328792,646,10
200,160,46800000000,1.000000,83337197609480,24109097632908,10105721036436,2429328792,646,10
200,165,46800000000,1.000000,83544734130302,23901561112086,10105721036436,2429328792,646,10
200,170,46800000000,1.000000,83712185761754,23734109480634,10105721036436,2429328792,646,10
200,175,46800000000,1.000000,83890168439978,23556126802410,10105721036436,2429328792,646,10
200,180,46800000000,1.000000,84100025707094,23346269535294,10105721036436,2429328792,646,10
200,185,46800000000,1.000000,84311132388848,23135162853540,10105721036436,2429328792,646,10
200,190,46800000000,1.000000,84518783259728,22927511982660,10105721036436,2429328792,646,10
200,195,46800000000,1.000000,84716148425840,22730146816548,10105721036436,2429328792,646,10
