seed,slot,oracle_price,h,c_tot,pnl_pos_tot,insurance,open_interest,cum_liquidations,cum_force_closes
1,0,60000000000,1.000000,118222847877043,3143068572681,10107866550276,3557137456,0,0
1,5,60000000000,1.000000,118233295932970,3126295199446,10114191867584,3557137456,0,0
1,10,60000000000,1.000000,118255535392415,3102996421777,10115251185808,3557137456,0,0
1,15,60000000000,1.000000,118283225462839,3075306351353,10115251185808,3557137456,0,0
1,20,60000000000,1.000000,118307821775359,3050710038833,10115251185808,3557137456,0,0
1,25,60000000000,1.000000,118333604033351,3024927780841,10115251185808,3557137456,0,0
1,30,72000000000,0.824211,117515731595748,4649353148149,10126001585008,3496425824,36,0
1,35,60000000000,0.502496,113263266050833,16057038905383,10141926204021,3107124883,162,9
1,40,60000000000,1.000000,108192809718153,12700259252316,10141926204021,3107124883,162,9
1,45,60000000000,1.000000,106481816318496,10118675866316,10141926204021,3107124883,162,9
1,50,60000000000,1.000000,106592238932156,10008253252656,10141926204021,3107124883,162,9
1,55,60000000000,1.000000,106642366211739,9958125973073,10141926204021,3107124883,162,9
1,60,60000000000,1.000000,106733542856082,9866949328730,10141926204021,3107124883,162,9
1,65,60000000000,1.000000,106835318842478,9765173342334,10141926204021,3107124883,162,9
1,70,60000000000,1.000000,106893291659518,9707200525294,10141926204021,3107124883,162,9
1,75,60000000000,1.000000,106988795191286,9611696993526,10141926204021,3107124883,162,9
1,80,60000000000,1.000000,107081592451198,9518899733614,10141926204021,3107124883,162,9
1,85,60000000000,1.000000,107131838677094,9468653507718,10141926204021,3107124883,162,9
1,90,60000000000,1.000000,107240466015102,9360026169710,10141926204021,3107124883,162,9
1,95,60000000000,1.000000,107288524240734,9311967944078,10141926204021,3107124883,162,9
1,100,60000000000,1.000000,107373798373982,9226693810830,10141926204021,3107124883,162,9
1,105,60000000000,1.000000,107469199998110,9131292186702,10141926204021,3107124883,162,9
1,110,60000000000,1.000000,107523409658238,9077082526574,10141926204021,3107124883,162,9
1,115,60000000000,1.000000,107612713823150,8987778361662,10141926204021,3107124883,162,9
1,120,60000000000,1.000000,107699487386950,8901004797862,10141926204021,3107124883,162,9
1,125,60000000000,1.000000,107746472007966,8854020176846,10141926204021,3107124883,162,9
1,130,60000000000,1.000000,107848048081038,8752444103774,10141926204021,3107124883,162,9
1,135,60000000000,1.000000,107892986730262,8707505454550,10141926204021,3107124883,162,9
1,140,60000000000,1.000000,107972725512078,8627766672734,10141926204021,3107124883,162,9
1,145,60000000000,1.000000,108061934384526,8538557800286,10141926204021,3107124883,162,9
1,150,60000000000,1.000000,108112625163766,8487867021046,10141926204021,3107124883,162,9
1,155,60000000000,1.000000,108196132377870,8404359806942,10141926204021,3107124883,162,9
1,160,60000000000,1.000000,108277273258286,8323218926526,10141926204021,3107124883,162,9
1,165,60000000000,1.000000,108321207993062,8279284191750,10141926204021,3107124883,162,9
1,170,60000000000,1.000000,108416190515710,8184301669102,10141926204021,3107124883,162,9
1,175,60000000000,1.000000,108458212087702,8142280097110,10141926204021,3107124883,162,9
1,180,60000000000,1.000000,108532774830918,8067717353894,10141926204021,3107124883,162,9
1,185,60000000000,1.000000,108616192938278,7984299246534,10141926204021,3107124883,162,9
1,190,60000000000,1.000000,108663593255734,7936898929078,10141926204021,3107124883,162,9
1,195,60000000000,1.000000,108741679813238,7858812371574,10141926204021,3107124883,162,9
2,0,60000000000,1.000000,103929972216792,2927671405114,10078871378094,2641572666,0,0
2,5,60000000000,1.000000,103937057007325,2915136176191,10084321816484,2641572666,0,0
2,10,60000000000,1.000000,103962839991177,2888615414387,10085059594436,2641572666,0,0
2,15,60000000000,1.000000,103983347895497,2868107510067,10085059594436,2641572666,0,0
2,20,60000000000,1.000000,104009263003609,2842192401955,10085059594436,2641572666,0,0
2,25,60000000000,1.000000,104032905061545,2818550344019,10085059594436,2641572666,0,0
2,30,72000000000,0.460830,103735362787802,6759238619429,10086292611534,2613725169,41,4
2,35,60000000000,0.438795,101181113392745,12895554745666,10096896388163,2369873155,169,11
2,40,60000000000,1.000000,99057724617079,7727378458165,10096896388163,2369873155,169,11
2,45,60000000000,1.000000,96189917763077,7963838285061,10096896388163,2369873155,169,11
2,50,60000000000,1.000000,96280911844834,7872844203304,10096896388163,2369873155,169,11
2,55,60000000000,1.000000,96312812672089,7840943376049,10096896388163,2369873155,169,11
2,60,60000000000,1.000000,96393400994145,7760355053993,10096896388163,2369873155,169,11
2,65,60000000000,1.000000,96462327981714,7691428066424,10096896388163,2369873155,169,11
2,70,60000000000,1.000000,96515286316610,7638469731528,10096896388163,2369873155,169,11
2,75,60000000000,1.000000,96594687747258,7559068300880,10096896388163,2369873155,169,11
2,80,60000000000,1.000000,96643983364058,7509772684080,10096896388163,2369873155,169,11
2,85,60000000000,1.000000,96705739705362,7448016342776,10096896388163,2369873155,169,11
2,90,60000000000,1.000000,96791106596090,7362649452048,10096896388163,2369873155,169,11
2,95,60000000000,1.000000,96821764103306,7331991944832,10096896388163,2369873155,169,11
2,100,60000000000,1.000000,96897122645474,7256633402664,10096896388163,2369873155,169,11
2,105,60000000000,1.000000,96961597282474,7192158765664,10096896388163,2369873155,169,11
2,110,60000000000,1.000000,97011117962850,7142638085288,10096896388163,2369873155,169,11
2,115,60000000000,1.000000,97085365253154,7068390794984,10096896388163,2369873155,169,11
2,120,60000000000,1.000000,97131460971522,7022295076616,10096896388163,2369873155,169,11
2,125,60000000000,1.000000,97189208558410,6964547489728,10096896388163,2369873155,169,11
2,130,60000000000,1.000000,97269034076386,6884721971752,10096896388163,2369873155,169,11
2,135,60000000000,1.000000,97297701530098,6856054518040,10096896388163,2369873155,169,11
2,140,60000000000,1.000000,97368168365778,6785587682360,10096896388163,2369873155,169,11
2,145,60000000000,1.000000,97428457797066,6725298251072,10096896388163,2369873155,169,11
2,150,60000000000,1.000000,97474763969562,6678992078576,10096896388163,2369873155,169,11
2,155,60000000000,1.000000,97544191687410,6609564360728,10096896388163,2369873155,169,11
2,160,60000000000,1.000000,97587295220306,6566460827832,10096896388163,2369873155,169,11
2,165,60000000000,1.000000,97641294270562,6512461777576,10096896388163,2369873155,169,11
2,170,60000000000,1.000000,97715938119794,6437817928344,10096896388163,2369873155,169,11
2,175,60000000000,1.000000,97742744699322,6411011348816,10096896388163,2369873155,169,11
2,180,60000000000,1.000000,97808637361170,6345118686968,10096896388163,2369873155,169,11
2,185,60000000000,1.000000,97865013258530,6288742789608,10096896388163,2369873155,169,11
2,190,60000000000,1.000000,97908313584610,6245442463528,10096896388163,2369873155,169,11
2,195,60000000000,1.000000,97973234580330,6180521467808,10096896388163,2369873155,169,11
3,0,60000000000,1.000000,111561360383799,3036267210203,10109011405998,4308080178,0,0
3,5,60000000000,1.000000,111569972843444,3021824753234,10114841403322,4308080178,0,0
3,10,60000000000,1.000000,111594076179387,2996737350372,10115825470241,4308080178,0,0
3,15,60000000000,1.000000,111619667231275,2971146298484,10115825470241,4308080178,0,0
3,20,60000000000,1.000000,111642315012043,2948498517716,10115825470241,4308080178,0,0
3,25,60000000000,1.000000,111668002173803,2922811355956,10115825470241,4308080178,0,0
3,30,72000000000,0.343139,111287273095513,9608559441942,10122298535076,4279352392,34,1
3,35,60000000000,0.237013,109305942530254,22197920620937,10139501128161,4130304593,177,6
3,40,60000000000,0.732999,95545073336994,25950996316635,10139501128161,4130304593,177,6
3,45,60000000000,1.000000,93745214735715,18905736077227,10139501128161,4130304593,177,6
3,50,60000000000,1.000000,93899196302735,18751754510207,10139501128161,4130304593,177,6
3,55,60000000000,1.000000,93965835396941,18685115416001,10139501128161,4130304593,177,6
3,60,60000000000,1.000000,94156278073520,18494672739422,10139501128161,4130304593,177,6
3,65,60000000000,1.000000,94373288775176,18277662037766,10139501128161,4130304593,177,6
3,70,60000000000,1.000000,94447468346576,18203482466366,10139501128161,4130304593,177,6
3,75,60000000000,1.000000,94641073442360,18009877370582,10139501128161,4130304593,177,6
3,80,60000000000,1.000000,94844286240544,17806664572398,10139501128161,4130304593,177,6
3,85,60000000000,1.000000,94892441229448,17758509583494,10139501128161,4130304593,177,6
3,90,60000000000,1.000000,95115439310048,17535511502894,10139501128161,4130304593,177,6
3,95,60000000000,1.000000,95178706576800,17472244236142,10139501128161,4130304593,177,6
3,100,60000000000,1.000000,95356787789064,17294163023878,10139501128161,4130304593,177,6
3,105,60000000000,1.000000,95559736299776,17091214513166,10139501128161,4130304593,177,6
3,110,60000000000,1.000000,95629100694632,17021850118310,10139501128161,4130304593,177,6
3,115,60000000000,1.000000,95810138412136,16840812400806,10139501128161,4130304593,177,6
3,120,60000000000,1.000000,96000160172784,16650790640158,10139501128161,4130304593,177,6
3,125,60000000000,1.000000,96045189304064,16605761508878,10139501128161,4130304593,177,6
3,130,60000000000,1.000000,96253712036200,16397238776742,10139501128161,4130304593,177,6
3,135,60000000000,1.000000,96312872470616,16338078342326,10139501128161,4130304593,177,6
3,140,60000000000,1.000000,96479393997784,16171556815158,10139501128161,4130304593,177,6
3,145,60000000000,1.000000,96669168626648,15981782186294,10139501128161,4130304593,177,6
3,150,60000000000,1.000000,96734030409648,15916920403294,10139501128161,4130304593,177,6
3,155,60000000000,1.000000,96903316528184,15747634284758,10139501128161,4130304593,177,6
3,160,60000000000,1.000000,97081003513672,15569947299270,10139501128161,4130304593,177,6
3,165,60000000000,1.000000,97123109694488,15527841118454,10139501128161,4130304593,177,6
3,170,60000000000,1.000000,97318096708344,15332854104598,10139501128161,4130304593,177,6
3,175,60000000000,1.000000,97373416894952,15277533917990,10139501128161,4130304593,177,6
3,180,60000000000,1.000000,97529129104224,15121821708718,10139501128161,4130304593,177,6
3,185,60000000000,1.000000,97706584999776,14944365813166,10139501128161,4130304593,177,6
3,190,60000000000,1.000000,97767236446472,14883714366470,10139501128161,4130304593,177,6
3,195,60000000000,1.000000,97925533790848,14725417022094,10139501128161,4130304593,177,6
4,0,60000000000,1.000000,95189983292949,2885350384532,10075883322519,2647727464,0,0
4,5,60000000000,1.000000,95197996229481,2871884047940,10081336722579,2647727464,0,0
4,10,60000000000,1.000000,95218304549455,2850533601984,10082378848561,2647727464,0,0
4,15,60000000000,1.000000,95244979544767,2823858606672,10082378848561,2647727464,0,0
4,20,60000000000,1.000000,95264861476431,2803976675008,10082378848561,2647727464,0,0
4,25,60000000000,1.000000,95291486364063,2777351787376,10082378848561,2647727464,0,0
4,30,72000000000,0.397798,95072060030482,7526398896118,10085173560695,2635072949,41,2
4,35,60000000000,0.452940,92011533963502,13317422219776,10107689280448,2388524161,179,11
4,40,60000000000,0.951041,87386293733754,11205867455287,10107689280448,2388524161,179,11
4,45,60000000000,1.000000,85506348652995,9677507159487,10107689280448,2388524161,179,11
4,50,60000000000,1.000000,85612380127600,9571475684882,10107689280448,2388524161,179,11
4,55,60000000000,1.000000,85661053684299,9522802128183,10107689280448,2388524161,179,11
4,60,60000000000,1.000000,85747602310212,9436253502270,10107689280448,2388524161,179,11
4,65,60000000000,1.000000,85855653301701,9328202510781,10107689280448,2388524161,179,11
4,70,60000000000,1.000000,85897219800493,9286636011989,10107689280448,2388524161,179,11
4,75,60000000000,1.000000,85993081813477,9190773999005,10107689280448,2388524161,179,11
4,80,60000000000,1.000000,86079773530261,9104082282221,10107689280448,2388524161,179,11
4,85,60000000000,1.000000,86129825388341,9054030424141,10107689280448,2388524161,179,11
4,90,60000000000,1.000000,86232734310253,8951121502229,10107689280448,2388524161,179,11
4,95,60000000000,1.000000,86279190316949,8904665495533,10107689280448,2388524161,179,11
4,100,60000000000,1.000000,86360127633125,8823728179357,10107689280448,2388524161,179,11
4,105,60000000000,1.000000,86461169616933,8722686195549,10107689280448,2388524161,179,11
4,110,60000000000,1.000000,86500037933141,8683817879341,10107689280448,2388524161,179,11
4,115,60000000000,1.000000,86589677309493,8594178502989,10107689280448,2388524161,179,11
4,120,60000000000,1.000000,86670741655869,8513114156613,10107689280448,2388524161,179,11
4,125,60000000000,1.000000,86717544525885,8466311286597,10107689280448,2388524161,179,11
4,130,60000000000,1.000000,86813773379269,8370082433213,10107689280448,2388524161,179,11
4,135,60000000000,1.000000,86857213813557,8326641998925,10107689280448,2388524161,179,11
4,140,60000000000,1.000000,86932897291493,8250958520989,10107689280448,2388524161,179,11
4,145,60000000000,1.000000,87027380393989,8156475418493,10107689280448,2388524161,179,11
4,150,60000000000,1.000000,87063725673053,8120130139429,10107689280448,2388524161,179,11
4,155,60000000000,1.000000,87147546339221,8036309473261,10107689280448,2388524161,179,11
4,160,60000000000,1.000000,87223348601437,7960507211045,10107689280448,2388524161,179,11
4,165,60000000000,1.000000,87267113383189,7916742429293,10107689280448,2388524161,179,11
4,170,60000000000,1.000000,87357095787277,7826760025205,10107689280448,2388524161,179,11
4,175,60000000000,1.000000,87397716397157,7786139415325,10107689280448,2388524161,179,11
4,180,60000000000,1.000000,87468487076389,7715368736093,10107689280448,2388524161,179,11
4,185,60000000000,1.000000,87556837050549,7627018761933,10107689280448,2388524161,179,11
4,190,60000000000,1.000000,87590823069037,7593032743445,10107689280448,2388524161,179,11
4,195,60000000000,1.000000,87669202731725,7514653080757,10107689280448,2388524161,179,11
5,0,60000000000,1.000000,104743480146010,3040978276054,10093695577936,3443415140,0,0
5,5,60000000000,1.000000,104751041398368,3028066252335,10099046349297,3443415140,0,0
5,10,60000000000,1.000000,104777459375319,3000754279834,10099940344847,3443415140,0,0
5,15,60000000000,1.000000,104800389927575,2977823727578,10099940344847,3443415140,0,0
5,20,60000000000,1.000000,104826823091063,2951390564090,10099940344847,3443415140,0,0
5,25,60000000000,1.000000,104850294632191,2927919022962,10099940344847,3443415140,0,0
5,30,72000000000,0.533917,104718588555401,5725704170937,10102515005302,3431639904,31,1
5,35,60000000000,0.477896,98861713503017,18473354468712,10188100061946,3047088850,165,9
5,40,60000000000,1.000000,93165688430313,13647990776170,10188100061946,3047088850,165,9
5,45,60000000000,1.000000,89819795146469,13169805525002,10188100061946,3047088850,165,9
5,50,60000000000,1.000000,89962347920272,13027252751199,10188100061946,3047088850,165,9
5,55,60000000000,1.000000,90048140661898,12941460009573,10188100061946,3047088850,165,9
5,60,60000000000,1.000000,90144299929010,12845300742461,10188100061946,3047088850,165,9
5,65,60000000000,1.000000,90262986114042,12726614557429,10188100061946,3047088850,165,9
5,70,60000000000,1.000000,90384376874098,12605223797373,10188100061946,3047088850,165,9
5,75,60000000000,1.000000,90479392153602,12510208517869,10188100061946,3047088850,165,9
5,80,60000000000,1.000000,90587113540970,12402487130501,10188100061946,3047088850,165,9
5,85,60000000000,1.000000,90656000314034,12333600357437,10188100061946,3047088850,165,9
5,90,60000000000,1.000000,90807508976154,12182091695317,10188100061946,3047088850,165,9
5,95,60000000000,1.000000,90888202319850,12101398351621,10188100061946,3047088850,165,9
5,100,60000000000,1.000000,90978119654058,12011481017413,10188100061946,3047088850,165,9
5,105,60000000000,1.000000,91089101629794,11900499041677,10188100061946,3047088850,165,9
5,110,60000000000,1.000000,91202612620010,11786988051461,10188100061946,3047088850,165,9
5,115,60000000000,1.000000,91291460226322,11698140445149,10188100061946,3047088850,165,9
5,120,60000000000,1.000000,91392189156290,11597411515181,10188100061946,3047088850,165,9
5,125,60000000000,1.000000,91456604321226,11532996350245,10188100061946,3047088850,165,9
5,130,60000000000,1.000000,91598278187162,11391322484309,10188100061946,3047088850,165,9
5,135,60000000000,1.000000,91673733529410,11315867142061,10188100061946,3047088850,165,9
5,140,60000000000,1.000000,91757814110426,11231786561045,10188100061946,3047088850,165,9
5,145,60000000000,1.000000,91861591975946,11128008695525,10188100061946,3047088850,165,9
5,150,60000000000,1.000000,91967734691370,11021865980101,10188100061946,3047088850,165,9
5,155,60000000000,1.000000,92050814983362,10938785688109,10188100061946,3047088850,165,9
5,160,60000000000,1.000000,92145005353026,10844595318445,10188100061946,3047088850,165,9
5,165,60000000000,1.000000,92205239172738,10784361498733,10188100061946,3047088850,165,9
5,170,60000000000,1.000000,92337716642970,10651884028501,10188100061946,3047088850,165,9
5,175,60000000000,1.000000,92408273995138,10581326676333,10188100061946,3047088850,165,9
5,180,60000000000,1.000000,92486896700962,10502703970509,10188100061946,3047088850,165,9
5,185,60000000000,1.000000,92583938092418,10405662579053,10188100061946,3047088850,165,9
5,190,60000000000,1.000000,92683190825666,10306409845805,10188100061946,3047088850,165,9
5,195,60000000000,1.000000,92760878173570,10228722497901,10188100061946,3047088850,165,9
6,0,60000000000,1.000000,95448118322493,2898678442308,10067703235199,2679437000,0,0
6,5,60000000000,1.000000,95456553233132,2883917517239,10074029249629,2679437000,0,0
6,10,60000000000,1.000000,95477072614202,2862717915626,10074709470172,2679437000,0,0
6,15,60000000000,1.000000,95499582161018,2840208368810,10074709470172,2679437000,0,0
6,20,60000000000,1.000000,95527775627122,2812014902706,10074709470172,2679437000,0,0
6,25,60000000000,1.000000,95548034253586,2791756276242,10074709470172,2679437000,0,0
6,30,72000000000,0.835979,94902405728305,4107854048470,10078014669267,2623190387,42,2
6,35,60000000000,0.494665,91153263188696,14484313883647,10096347574039,2334829949,171,9
6,40,60000000000,1.000000,88122421618521,8617995350311,10096347574039,2334829949,171,9
6,45,60000000000,1.000000,84395620055398,10093541077751,10096347574039,2334829949,171,9
6,50,60000000000,1.000000,84529403278958,9959757854191,10096347574039,2334829949,171,9
6,55,60000000000,1.000000,84578386918672,9910774214477,10096347574039,2334829949,171,9
6,60,60000000000,1.000000,84672089044862,9817072088287,10096347574039,2334829949,171,9
6,65,60000000000,1.000000,84778762657176,9710398475973,10096347574039,2334829949,171,9
6,70,60000000000,1.000000,84835755470800,9653405662349,10096347574039,2334829949,171,9
6,75,60000000000,1.000000,84926527242576,9562633890573,10096347574039,2334829949,171,9
6,80,60000000000,1.000000,84989081686168,9500079446981,10096347574039,2334829949,171,9
6,85,60000000000,1.000000,85065836969056,9423324164093,10096347574039,2334829949,171,9
6,90,60000000000,1.000000,85174821728816,9314339404333,10096347574039,2334829949,171,9
6,95,60000000000,1.000000,85221705382656,9267455750493,10096347574039,2334829949,171,9
6,100,60000000000,1.000000,85309334585864,9179826547285,10096347574039,2334829949,171,9
6,105,60000000000,1.000000,85409088242824,9080072890325,10096347574039,2334829949,171,9
6,110,60000000000,1.000000,85462381514184,9026779618965,10096347574039,2334829949,171,9
6,115,60000000000,1.000000,85547261069176,8941900063973,10096347574039,2334829949,171,9
6,120,60000000000,1.000000,85605754951504,8883406181645,10096347574039,2334829949,171,9
6,125,60000000000,1.000000,85677527862008,8811633271141,10096347574039,2334829949,171,9
6,130,60000000000,1.000000,85779438155744,8709722977405,10096347574039,2334829949,171,9
6,135,60000000000,1.000000,85823278477432,8665882655717,10096347574039,2334829949,171,9
6,140,60000000000,1.000000,85905219455672,8583941677477,10096347574039,2334829949,171,9
6,145,60000000000,1.000000,85998497859928,8490663273221,10096347574039,2334829949,171,9
6,150,60000000000,1.000000,86048331735240,8440829397909,10096347574039,2334829949,171,9
6,155,60000000000,1.000000,86127701551680,8361459581469,10096347574039,2334829949,171,9
6,160,60000000000,1.000000,86182398453576,8306762679573,10096347574039,2334829949,171,9
6,165,60000000000,1.000000,86249512409952,8239648723197,10096347574039,2334829949,171,9
6,170,60000000000,1.000000,86344807458344,8144353674805,10096347574039,2334829949,171,9
6,175,60000000000,1.000000,86385801997968,8103359135181,10096347574039,2334829949,171,9
6,180,60000000000,1.000000,86462423987992,8026737145157,10096347574039,2334829949,171,9
6,185,60000000000,1.000000,86549647463864,7939513669285,10096347574039,2334829949,171,9
6,190,60000000000,1.000000,86596246500984,7892914632165,10096347574039,2334829949,171,9
6,195,60000000000,1.000000,86670464229352,7818696903797,10096347574039,2334829949,171,9
7,0,60000000000,1.000000,103464862306277,2943874879938,10088554813785,3099774002,0,0
7,5,60000000000,1.000000,103473718492839,2929714801668,10093858705493,3099774002,0,0
7,10,60000000000,1.000000,103496635165597,2906222257417,10094434576986,3099774002,0,0
7,15,60000000000,1.000000,103518834695117,2883946879001,10094510425882,3099774002,0,0
7,20,60000000000,1.000000,103545399934357,2857381639761,10094510425882,3099774002,0,0
7,25,60000000000,1.000000,103568025375805,2834756198313,10094510425882,3099774002,0,0
7,30,72000000000,0.680551,103124612227832,4812251288404,10097698256434,3062184040,38,2
7,35,60000000000,0.352540,101439539633074,14034427355948,10110053543791,2931698556,166,6
7,40,60000000000,0.748327,93101009753690,17754584231574,10110053543791,2931698556,166,6
7,45,60000000000,1.000000,91212127267735,13363990785126,10110053543791,2931698556,166,6
7,50,60000000000,1.000000,91310305469397,13265812583464,10110053543791,2931698556,166,6
7,55,60000000000,1.000000,91390660482894,13185457569967,10110053543791,2931698556,166,6
7,60,60000000000,1.000000,91495848001064,13080270051797,10110053543791,2931698556,166,6
7,65,60000000000,1.000000,91640732316377,12935385736484,10110053543791,2931698556,166,6
7,70,60000000000,1.000000,91701388198609,12874729854252,10110053543791,2931698556,166,6
7,75,60000000000,1.000000,91836912697025,12739205355836,10110053543791,2931698556,166,6
7,80,60000000000,1.000000,91968608425017,12607509627844,10110053543791,2931698556,166,6
7,85,60000000000,1.000000,92020262222073,12555855830788,10110053543791,2931698556,166,6
7,90,60000000000,1.000000,92170613396705,12405504656156,10110053543791,2931698556,166,6
7,95,60000000000,1.000000,92246525944097,12329592108764,10110053543791,2931698556,166,6
7,100,60000000000,1.000000,92344898679881,12231219372980,10110053543791,2931698556,166,6
7,105,60000000000,1.000000,92480399678305,12095718374556,10110053543791,2931698556,166,6
7,110,60000000000,1.000000,92537118239393,12038999813468,10110053543791,2931698556,166,6
7,115,60000000000,1.000000,92663845512593,11912272540268,10110053543791,2931698556,166,6
7,120,60000000000,1.000000,92786992550233,11789125502628,10110053543791,2931698556,166,6
7,125,60000000000,1.000000,92835293373409,11740824679452,10110053543791,2931698556,166,6
7,130,60000000000,1.000000,92975884887105,11600233165756,10110053543791,2931698556,166,6
7,135,60000000000,1.000000,93046869766161,11529248286700,10110053543791,2931698556,166,6
7,140,60000000000,1.000000,93138856888313,11437261164548,10110053543791,2931698556,166,6
7,145,60000000000,1.000000,93265562187113,11310555865748,10110053543791,2931698556,166,6
7,150,60000000000,1.000000,93318599008281,11257519044580,10110053543791,2931698556,166,6
7,155,60000000000,1.000000,93437100105521,11139017947340,10110053543791,2931698556,166,6
7,160,60000000000,1.000000,93552253369073,11023864683788,10110053543791,2931698556,166,6
7,165,60000000000,1.000000,93597418868257,10978699184604,10110053543791,2931698556,166,6
7,170,60000000000,1.000000,93728884244649,10847233808212,10110053543791,2931698556,166,6
7,175,60000000000,1.000000,93795261322289,10780856730572,10110053543791,2931698556,166,6
7,180,60000000000,1.000000,93881277336321,10694840716540,10110053543791,2931698556,166,6
7,185,60000000000,1.000000,93999757885497,10576360167364,10110053543791,2931698556,166,6
7,190,60000000000,1.000000,94049351957497,10526766095364,10110053543791,2931698556,166,6
7,195,60000000000,1.000000,94160160860073,10415957192788,10110053543791,2931698556,166,6
8,0,60000000000,1.000000,91802183729393,2883477517899,10076953752708,2684722694,0,0
8,5,60000000000,1.000000,91811201216216,2869119080305,10082294703479,2684722694,0,0
8,10,60000000000,1.000000,91832689614257,2846848293026,10083077092717,2684722694,0,0
8,15,60000000000,1.000000,91856836917753,2822700989530,10083077092717,2684722694,0,0
8,20,60000000000,1.000000,91880744823641,2798793083642,10083077092717,2684722694,0,0
8,25,60000000000,1.000000,91904451658993,2775086248290,10083077092717,2684722694,0,0
8,30,72000000000,0.818933,91199314207396,4241473869659,10089818242635,2624486367,45,4
8,35,60000000000,0.682004,86892442370911,11351989492482,10128071607841,2323260713,185,5
8,40,60000000000,1.000000,85192760686051,7379547557348,10128071607841,2323260713,185,5
8,45,60000000000,1.000000,84178312356746,6459536320524,10128071607841,2323260713,185,5
8,50,60000000000,1.000000,84269229880771,6368618796499,10128071607841,2323260713,185,5
8,55,60000000000,1.000000,84301175729063,6336672948207,10128071607841,2323260713,185,5
8,60,60000000000,1.000000,84364253354088,6273595323182,10128071607841,2323260713,185,5
8,65,60000000000,1.000000,84426193563858,6211655113412,10128071607841,2323260713,185,5
8,70,60000000000,1.000000,84459761522986,6178087154284,10128071607841,2323260713,185,5
8,75,60000000000,1.000000,84523042401858,6114806275412,10128071607841,2323260713,185,5
8,80,60000000000,1.000000,84573875354994,6063973322276,10128071607841,2323260713,185,5
8,85,60000000000,1.000000,84616023520538,6021825156732,10128071607841,2323260713,185,5
8,90,60000000000,1.000000,84682047918306,5955800758964,10128071607841,2323260713,185,5
8,95,60000000000,1.000000,84712489680786,5925358996484,10128071607841,2323260713,185,5
8,100,60000000000,1.000000,84771482768538,5866365908732,10128071607841,2323260713,185,5
8,105,60000000000,1.000000,84829407198322,5808441478948,10128071607841,2323260713,185,5
8,110,60000000000,1.000000,84860796179562,5777052497708,10128071607841,2323260713,185,5
8,115,60000000000,1.000000,84919969342450,5717879334820,10128071607841,2323260713,185,5
8,120,60000000000,1.000000,84967502605066,5670346072204,10128071607841,2323260713,185,5
8,125,60000000000,1.000000,85006914830578,5630933846692,10128071607841,2323260713,185,5
8,130,60000000000,1.000000,85068653423938,5569195253332,10128071607841,2323260713,185,5
8,135,60000000000,1.000000,85097119137394,5540729539876,10128071607841,2323260713,185,5
8,140,60000000000,1.000000,85152282840186,5485565837084,10128071607841,2323260713,185,5
8,145,60000000000,1.000000,85206447254226,5431401423044,10128071607841,2323260713,185,5
8,150,60000000000,1.000000,85235798700282,5402049976988,10128071607841,2323260713,185,5
8,155,60000000000,1.000000,85291130789114,5346717888156,10128071607841,2323260713,185,5
8,160,60000000000,1.000000,85335578551786,5302270125484,10128071607841,2323260713,185,5
8,165,60000000000,1.000000,85372432433850,5265416243420,10128071607841,2323260713,185,5
8,170,60000000000,1.000000,85430163424714,5207685252556,10128071607841,2323260713,185,5
8,175,60000000000,1.000000,85456781359338,5181067317932,10128071607841,2323260713,185,5
8,180,60000000000,1.000000,85508364251986,5129484425284,10128071607841,2323260713,185,5
8,185,60000000000,1.000000,85559012721986,5078835955284,10128071607841,2323260713,185,5
8,190,60000000000,1.000000,85586458894130,5051389783140,10128071607841,2323260713,185,5
8,195,60000000000,1.000000,85638199242298,4999649434972,10128071607841,2323260713,185,5
9,0,60000000000,1.000000,110200176756931,3094397123453,10100988119616,3560419554,0,0
9,5,60000000000,1.000000,110208707765675,3080082343132,10106771891193,3560419554,0,0
9,10,60000000000,1.000000,110235177766828,3053187834036,10107196399136,3560419554,0,0
9,15,60000000000,1.000000,110256017744260,3032305414204,10107238841536,3560419554,0,0
9,20,60000000000,1.000000,110283327742212,3004995416252,10107238841536,3560419554,0,0
9,25,60000000000,1.000000,110311065414316,2977257744148,10107238841536,3560419554,0,0
9,30,72000000000,0.707793,109884324620816,4801462766244,10112795557613,3535794410,32,1
9,35,60000000000,0.439045,106324823223347,15784224454025,10140758007951,3252589881,178,8
9,40,60000000000,0.980533,100857715860578,12643209541444,10140758007951,3252589881,178,8
9,45,60000000000,1.000000,96969148510057,12871917487494,10140758007951,3252589881,178,8
9,50,60000000000,1.000000,97081703682163,12759362315388,10140758007951,3252589881,178,8
9,55,60000000000,1.000000,97115646782913,12725419214638,10140758007951,3252589881,178,8
9,60,60000000000,1.000000,97258560479631,12582505517920,10140758007951,3252589881,178,8
9,65,60000000000,1.000000,97409206904307,12431859093244,10140758007951,3252589881,178,8
9,70,60000000000,1.000000,97446568266459,12394497731092,10140758007951,3252589881,178,8
9,75,60000000000,1.000000,97587691721739,12253374275812,10140758007951,3252589881,178,8
9,80,60000000000,1.000000,97685045223651,12156020773900,10140758007951,3252589881,178,8
9,85,60000000000,1.000000,97762387292635,12078678704916,10140758007951,3252589881,178,8
9,90,60000000000,1.000000,97909109469315,11931956528236,10140758007951,3252589881,178,8
9,95,60000000000,1.000000,97941638106851,11899427890700,10140758007951,3252589881,178,8
9,100,60000000000,1.000000,98075286926755,11765779070796,10140758007951,3252589881,178,8
9,105,60000000000,1.000000,98216189125659,11624876871892,10140758007951,3252589881,178,8
9,110,60000000000,1.000000,98251125270875,11589940726676,10140758007951,3252589881,178,8
9,115,60000000000,1.000000,98383088059123,11457977938428,10140758007951,3252589881,178,8
9,120,60000000000,1.000000,98474122108171,11366943889380,10140758007951,3252589881,178,8
9,125,60000000000,1.000000,98546443715299,11294622282252,10140758007951,3252589881,178,8
9,130,60000000000,1.000000,98683641798075,11157424199476,10140758007951,3252589881,178,8
9,135,60000000000,1.000000,98714058922459,11127007075092,10140758007951,3252589881,178,8
9,140,60000000000,1.000000,98839032272059,11002033725492,10140758007951,3252589881,178,8
9,145,60000000000,1.000000,98970788166211,10870277831340,10140758007951,3252589881,178,8
9,150,60000000000,1.000000,99003456521291,10837609476260,10140758007951,3252589881,178,8
9,155,60000000000,1.000000,99126853283643,10714212713908,10140758007951,3252589881,178,8
9,160,60000000000,1.000000,99211978090899,10629087906652,10140758007951,3252589881,178,8
9,165,60000000000,1.000000,99279605126363,10561460871188,10140758007951,3252589881,178,8
9,170,60000000000,1.000000,99407897347515,10433168650036,10140758007951,3252589881,178,8
9,175,60000000000,1.000000,99436340022363,10404725975188,10140758007951,3252589881,178,8
9,180,60000000000,1.000000,99553201047427,10287864950124,10140758007951,3252589881,178,8
9,185,60000000000,1.000000,99676404345835,10164661651716,10140758007951,3252589881,178,8
9,190,60000000000,1.000000,99706952118219,10134113879332,10140758007951,3252589881,178,8
9,195,60000000000,1.000000,99822338896067,10018727101484,10140758007951,3252589881,178,8
10,0,60000000000,1.000000,116594627163662,3174916061294,10103428775044,3765582590,0,0
10,5,60000000000,1.000000,116604429687643,3158952369374,10109589942983,3765582590,0,0
10,10,60000000000,1.000000,116625845217485,3135958068747,10111168713768,3765582590,0,0
10,15,60000000000,1.000000,116655107032213,3106682365915,10111182601872,3765582590,0,0
10,20,60000000000,1.000000,116680837534341,3080951863787,10111182601872,3765582590,0,0
10,25,60000000000,1.000000,116705117511493,3056671886635,10111182601872,3765582590,0,0
10,30,72000000000,1.000000,113313103311165,5303010411288,10163510534575,3597359822,34,5
10,35,60000000000,0.438833,111610979842754,18417285000491,10179886194542,3478359010,153,13
10,40,60000000000,1.000000,104975746924642,14014201054977,10179886194542,3478359010,153,13
10,45,60000000000,1.000000,102169063445791,14201494728465,10179886194542,3478359010,153,13
10,50,60000000000,1.000000,102295377750116,14075180424140,10179886194542,3478359010,153,13
10,55,60000000000,1.000000,102401047675073,13969510499183,10179886194542,3478359010,153,13
10,60,60000000000,1.000000,102494562411387,13875995762869,10179886194542,3478359010,153,13
10,65,60000000000,1.000000,102647261649376,13723296524880,10179886194542,3478359010,153,13
10,70,60000000000,1.000000,102735185016712,13635373157544,10179886194542,3478359010,153,13
10,75,60000000000,1.000000,102853721989720,13516836184536,10179886194542,3478359010,153,13
10,80,60000000000,1.000000,102984192701192,13386365473064,10179886194542,3478359010,153,13
10,85,60000000000,1.000000,103047258706488,13323299467768,10179886194542,3478359010,153,13
10,90,60000000000,1.000000,103207513638568,13163044535688,10179886194542,3478359010,153,13
10,95,60000000000,1.000000,103307717292696,13062840881560,10179886194542,3478359010,153,13
10,100,60000000000,1.000000,103395162905992,12975395268264,10179886194542,3478359010,153,13
10,105,60000000000,1.000000,103538074218408,12832483955848,10179886194542,3478359010,153,13
10,110,60000000000,1.000000,103620290265832,12750267908424,10179886194542,3478359010,153,13
10,115,60000000000,1.000000,103731132715272,12639425458984,10179886194542,3478359010,153,13
10,120,60000000000,1.000000,103853134255272,12517423918984,10179886194542,3478359010,153,13
10,125,60000000000,1.000000,103912106492544,12458451681712,10179886194542,3478359010,153,13
10,130,60000000000,1.000000,104061958886808,12308599287448,10179886194542,3478359010,153,13
10,135,60000000000,1.000000,104155658077760,12214900096496,10179886194542,3478359010,153,13
10,140,60000000000,1.000000,104237427383384,12133130790872,10179886194542,3478359010,153,13
10,145,60000000000,1.000000,104371061974776,11999496199480,10179886194542,3478359010,153,13
10,150,60000000000,1.000000,104447941178352,11922616995904,10179886194542,3478359010,153,13
10,155,60000000000,1.000000,104551588574528,11818969599728,10179886194542,3478359010,153,13
10,160,60000000000,1.000000,104665670697480,11704887476776,10179886194542,3478359010,153,13
10,165,60000000000,1.000000,104720814903232,11649743271024,10179886194542,3478359010,153,13
10,170,60000000000,1.000000,104860940013656,11509618160600,10179886194542,3478359010,153,13
10,175,60000000000,1.000000,104948556962008,11422001212248,10179886194542,3478359010,153,13
10,180,60000000000,1.000000,105025018422960,11345539751296,10179886194542,3478359010,153,13
10,185,60000000000,1.000000,105149978467528,11220579706728,10179886194542,3478359010,153,13
10,190,60000000000,1.000000,105221867254848,11148690919408,10179886194542,3478359010,153,13
10,195,60000000000,1.000000,105318786646232,11051771528024,10179886194542,3478359010,153,13
11,0,60000000000,1.000000,116602905632062,3040367825940,10108714541998,3615166520,0,0
11,5,60000000000,1.000000,116613238887627,3025308072240,10113441040133,3615166520,0,0
11,10,60000000000,1.000000,116637815515834,2999945027363,10114227456803,3615166520,0,0
11,15,60000000000,1.000000,116658043564402,2979716978795,10114227456803,3615166520,0,0
11,20,60000000000,1.000000,116689229360194,2948531183003,10114227456803,3615166520,0,0
11,25,60000000000,1.000000,116712395384938,2925365158259,10114227456803,3615166520,0,0
11,30,72000000000,0.955716,114669615039202,5191803409988,10120481996854,3428166430,39,3
11,35,60000000000,0.828738,109847023523046,11785330584136,10138010380652,3028105368,181,7
11,40,60000000000,1.000000,104357890379494,13111288916986,10138010380652,3028105368,181,7
11,45,60000000000,1.000000,101604690068901,11604466787786,10138010380652,3028105368,181,7
11,50,60000000000,1.000000,101699305118380,11509851738307,10138010380652,3028105368,181,7
11,55,60000000000,1.000000,101746866445433,11462290411254,10138010380652,3028105368,181,7
11,60,60000000000,1.000000,101862615533863,11346541322824,10138010380652,3028105368,181,7
11,65,60000000000,1.000000,101978772274361,11230384582326,10138010380652,3028105368,181,7
11,70,60000000000,1.000000,102041658911857,11167497944830,10138010380652,3028105368,181,7
11,75,60000000000,1.000000,102156297921521,11052858935166,10138010380652,3028105368,181,7
11,80,60000000000,1.000000,102255250511617,10953906345070,10138010380652,3028105368,181,7
11,85,60000000000,1.000000,102315919954089,10893236902598,10138010380652,3028105368,181,7
11,90,60000000000,1.000000,102445136251761,10764020604926,10138010380652,3028105368,181,7
11,95,60000000000,1.000000,102490738227601,10718418629086,10138010380652,3028105368,181,7
11,100,60000000000,1.000000,102599108215569,10610048641118,10138010380652,3028105368,181,7
11,105,60000000000,1.000000,102707763859657,10501392997030,10138010380652,3028105368,181,7
11,110,60000000000,1.000000,102766568372385,10442588484302,10138010380652,3028105368,181,7
11,115,60000000000,1.000000,102873765884641,10335390972046,10138010380652,3028105368,181,7
11,120,60000000000,1.000000,102966295221137,10242861635550,10138010380652,3028105368,181,7
11,125,60000000000,1.000000,103023026462489,10186130394198,10138010380652,3028105368,181,7
11,130,60000000000,1.000000,103143855015617,10065301841070,10138010380652,3028105368,181,7
11,135,60000000000,1.000000,103186496856169,10022660000518,10138010380652,3028105368,181,7
11,140,60000000000,1.000000,103287832284321,9921324572366,10138010380652,3028105368,181,7
11,145,60000000000,1.000000,103389434826177,9819722030510,10138010380652,3028105368,181,7
11,150,60000000000,1.000000,103444422194649,9764734662038,10138010380652,3028105368,181,7
11,155,60000000000,1.000000,103544661255417,9664495601270,10138010380652,3028105368,181,7
11,160,60000000000,1.000000,103631184287409,9577972569278,10138010380652,3028105368,181,7
11,165,60000000000,1.000000,103684232965633,9524923891054,10138010380652,3028105368,181,7
11,170,60000000000,1.000000,103797218243281,9411938613406,10138010380652,3028105368,181,7
11,175,60000000000,1.000000,103837092098081,9372064758606,10138010380652,3028105368,181,7
11,180,60000000000,1.000000,103931849596889,9277307259798,10138010380652,3028105368,181,7
11,185,60000000000,1.000000,104026856870073,9182299986614,10138010380652,3028105368,181,7
11,190,60000000000,1.000000,104078274874761,9130881981926,10138010380652,3028105368,181,7
11,195,60000000000,1.000000,104172007174065,9037149682622,10138010380652,3028105368,181,7
12,0,60000000000,1.000000,104564446348969,2997267027582,10085706623449,3191697302,0,0
12,5,60000000000,1.000000,104570371219026,2985263797071,10091784983903,3191697302,0,0
12,10,60000000000,1.000000,104594929299384,2959520761887,10092969938729,3191697302,0,0
12,15,60000000000,1.000000,104619711852688,2934738208583,10092969938729,3191697302,0,0
12,20,60000000000,1.000000,104644270953032,2910179108239,10092969938729,3191697302,0,0
12,25,60000000000,1.000000,104670193224104,2884256837167,10092969938729,3191697302,0,0
12,30,72000000000,0.760484,103886099158155,4808903590998,10104225969678,3134021643,43,4
12,35,60000000000,0.278824,102804197869261,16969276131677,10111780908353,3056300902,176,10
12,40,60000000000,0.688749,99389286242858,11827758331161,10111780908353,3056300902,176,10
12,45,60000000000,1.000000,95540178771649,10490308971625,10111780908353,3056300902,176,10
12,50,60000000000,1.000000,95692917816947,10337569926327,10111780908353,3056300902,176,10
12,55,60000000000,1.000000,95739693545821,10290794197453,10111780908353,3056300902,176,10
12,60,60000000000,1.000000,95838475879970,10192011863304,10111780908353,3056300902,176,10
12,65,60000000000,1.000000,95946369572507,10084118170767,10111780908353,3056300902,176,10
12,70,60000000000,1.000000,96006217796523,10024269946751,10111780908353,3056300902,176,10
12,75,60000000000,1.000000,96104490762115,9925996981159,10111780908353,3056300902,176,10
12,80,60000000000,1.000000,96178197384707,9852290358567,10111780908353,3056300902,176,10
12,85,60000000000,1.000000,96245131001467,9785356741807,10111780908353,3056300902,176,10
12,90,60000000000,1.000000,96362449381331,9668038361943,10111780908353,3056300902,176,10
12,95,60000000000,1.000000,96407532195971,9622955547303,10111780908353,3056300902,176,10
12,100,60000000000,1.000000,96499978728187,9530509015087,10111780908353,3056300902,176,10
12,105,60000000000,1.000000,96600954213267,9429533530007,10111780908353,3056300902,176,10
12,110,60000000000,1.000000,96656917543395,9373570199879,10111780908353,3056300902,176,10
12,115,60000000000,1.000000,96748811371451,9281676371823,10111780908353,3056300902,176,10
12,120,60000000000,1.000000,96817733517667,9212754225607,10111780908353,3056300902,176,10
12,125,60000000000,1.000000,96880322310379,9150165432895,10111780908353,3056300902,176,10
12,130,60000000000,1.000000,96990025268651,9040462474623,10111780908353,3056300902,176,10
12,135,60000000000,1.000000,97032181648115,8998306095159,10111780908353,3056300902,176,10
12,140,60000000000,1.000000,97118627250739,8911860492535,10111780908353,3056300902,176,10
12,145,60000000000,1.000000,97213048171339,8817439571935,10111780908353,3056300902,176,10
12,150,60000000000,1.000000,97265378785483,8765108957791,10111780908353,3056300902,176,10
12,155,60000000000,1.000000,97351307561411,8679180181863,10111780908353,3056300902,176,10
12,160,60000000000,1.000000,97415755803195,8614731940079,10111780908353,3056300902,176,10
12,165,60000000000,1.000000,97474281804987,8556205938287,10111780908353,3056300902,176,10
12,170,60000000000,1.000000,97576863677051,8453624066223,10111780908353,3056300902,176,10
12,175,60000000000,1.000000,97616283583187,8414204160087,10111780908353,3056300902,176,10
12,180,60000000000,1.000000,97697117791291,8333369951983,10111780908353,3056300902,176,10
12,185,60000000000,1.000000,97785409619931,8245078123343,10111780908353,3056300902,176,10
12,190,60000000000,1.000000,97834343326443,8196144416831,10111780908353,3056300902,176,10
12,195,60000000000,1.000000,97914694256427,8115793486847,10111780908353,3056300902,176,10
13,0,60000000000,1.000000,102360156423618,3098974067876,10092432508506,3134009604,0,0
13,5,60000000000,1.000000,102367496510717,3085347028809,10098719460474,3134009604,0,0
13,10,60000000000,1.000000,102392151052631,3059534869988,10099877077381,3134009604,0,0
13,15,60000000000,1.000000,102415713265015,3035972657604,10099877077381,3134009604,0,0
13,20,60000000000,1.000000,102442441106919,3009244815700,10099877077381,3134009604,0,0
13,25,60000000000,1.000000,102468427564991,2983258357628,10099877077381,3134009604,0,0
13,30,72000000000,0.781526,102205112497232,4151276974614,10102118830988,3110669622,39,1
13,35,60000000000,0.717855,95950226393798,13091736810948,10203366638340,2708601163,161,10
13,40,60000000000,1.000000,88389343646665,16847861325727,10203366638340,2708601163,161,10
13,45,60000000000,1.000000,87550697958200,12816004739831,10203366638340,2708601163,161,10
13,50,60000000000,1.000000,87633208193092,12733494504939,10203366638340,2708601163,161,10
13,55,60000000000,1.000000,87677113490908,12689589207123,10203366638340,2708601163,161,10
13,60,60000000000,1.000000,87811237248507,12555465449524,10203366638340,2708601163,161,10
13,65,60000000000,1.000000,87953847457976,12412855240055,10203366638340,2708601163,161,10
13,70,60000000000,1.000000,88003062139696,12363640558335,10203366638340,2708601163,161,10
13,75,60000000000,1.000000,88139619796320,12227082901711,10203366638340,2708601163,161,10
13,80,60000000000,1.000000,88271269921792,12095432776239,10203366638340,2708601163,161,10
13,85,60000000000,1.000000,88312360763240,12054341934791,10203366638340,2708601163,161,10
13,90,60000000000,1.000000,88459120879344,11907581818687,10203366638340,2708601163,161,10
13,95,60000000000,1.000000,88500800864088,11865901833943,10203366638340,2708601163,161,10
13,100,60000000000,1.000000,88626243042336,11740459655695,10203366638340,2708601163,161,10
13,105,60000000000,1.000000,88759596092928,11607106605103,10203366638340,2708601163,161,10
13,110,60000000000,1.000000,88805616129656,11561086568375,10203366638340,2708601163,161,10
13,115,60000000000,1.000000,88933309496312,11433393201719,10203366638340,2708601163,161,10
13,120,60000000000,1.000000,89056413891560,11310288806471,10203366638340,2708601163,161,10
13,125,60000000000,1.000000,89094837426408,11271865271623,10203366638340,2708601163,161,10
13,130,60000000000,1.000000,89232070986048,11134631711983,10203366638340,2708601163,161,10
13,135,60000000000,1.000000,89271045421400,11095657276631,10203366638340,2708601163,161,10
13,140,60000000000,1.000000,89388344842440,10978357855591,10203366638340,2708601163,161,10
13,145,60000000000,1.000000,89513041621768,10853661076263,10203366638340,2708601163,161,10
13,150,60000000000,1.000000,89556074385912,10810628312119,10203366638340,2708601163,161,10
13,155,60000000000,1.000000,89675478865080,10691223832951,10203366638340,2708601163,161,10
13,160,60000000000,1.000000,89790592254192,10576110443839,10203366638340,2708601163,161,10
13,165,60000000000,1.000000,89826521623768,10540181074263,10203366638340,2708601163,161,10
13,170,60000000000,1.000000,89954847018856,10411855679175,10203366638340,2708601163,161,10
13,175,60000000000,1.000000,89991291528712,10375411169319,10203366638340,2708601163,161,10
13,180,60000000000,1.000000,90100976758696,10265725939335,10203366638340,2708601163,161,10
13,185,60000000000,1.000000,90217579166336,10149123531695,10203366638340,2708601163,161,10
13,190,60000000000,1.000000,90257818569064,10108884128967,10203366638340,2708601163,161,10
13,195,60000000000,1.000000,90369472212784,9997230485247,10203366638340,2708601163,161,10
14,0,60000000000,1.000000,104779726007662,3106065884540,10099164107798,3653693406,0,0
14,5,60000000000,1.000000,104787127983093,3092840021768,10104987995139,3653693406,0,0
14,10,60000000000,1.000000,104812062339583,3065985467472,10106908192945,3653693406,0,0
14,15,60000000000,1.000000,104840537223519,3037510583536,10106908192945,3653693406,0,0
14,20,60000000000,1.000000,104863213524327,3014834282728,10106908192945,3653693406,0,0
14,25,60000000000,1.000000,104888582484791,2989465322264,10106908192945,3653693406,0,0
14,30,72000000000,0.720239,104464255734919,4735183277119,10110235910545,3618847657,29,0
14,35,60000000000,0.427623,98994522672611,20580258747841,10189849980228,3239141230,158,12
14,40,60000000000,1.000000,95327520939590,12351632741186,10189849980228,3239141230,158,12
14,45,60000000000,1.000000,93932113029238,9213837124378,10189849980228,3239141230,158,12
14,50,60000000000,1.000000,94102425103130,9043525050486,10189849980228,3239141230,158,12
14,55,60000000000,1.000000,94174620237186,8971329916430,10189849980228,3239141230,158,12
14,60,60000000000,1.000000,94229056423762,8916893729854,10189849980228,3239141230,158,12
14,65,60000000000,1.000000,94322447852338,8823502301278,10189849980228,3239141230,158,12
14,70,60000000000,1.000000,94387364458098,8758585695518,10189849980228,3239141230,158,12
14,75,60000000000,1.000000,94461557594418,8684392559198,10189849980228,3239141230,158,12
14,80,60000000000,1.000000,94544243263434,8601706890182,10189849980228,3239141230,158,12
14,85,60000000000,1.000000,94588487135842,8557463017774,10189849980228,3239141230,158,12
14,90,60000000000,1.000000,94687756233330,8458193920286,10189849980228,3239141230,158,12
14,95,60000000000,1.000000,94756894151522,8389056002094,10189849980228,3239141230,158,12
14,100,60000000000,1.000000,94807871136706,8338079016910,10189849980228,3239141230,158,12
14,105,60000000000,1.000000,94895202847938,8250747305678,10189849980228,3239141230,158,12
14,110,60000000000,1.000000,94955905558690,8190044594926,10189849980228,3239141230,158,12
14,115,60000000000,1.000000,95025282637882,8120667515734,10189849980228,3239141230,158,12
14,120,60000000000,1.000000,95102600978858,8043349174758,10189849980228,3239141230,158,12
14,125,60000000000,1.000000,95143972873706,8001977279910,10189849980228,3239141230,158,12
14,130,60000000000,1.000000,95236798172418,7909151981198,10189849980228,3239141230,158,12
14,135,60000000000,1.000000,95301448180042,7844501973574,10189849980228,3239141230,158,12
14,140,60000000000,1.000000,95349116125050,7796834028566,10189849980228,3239141230,158,12
14,145,60000000000,1.000000,95430778922266,7715171231350,10189849980228,3239141230,158,12
14,150,60000000000,1.000000,95487541272274,7658408881342,10189849980228,3239141230,158,12
14,155,60000000000,1.000000,95552414916266,7593535237350,10189849980228,3239141230,158,12
14,160,60000000000,1.000000,95624714335450,7521235818166,10189849980228,3239141230,158,12
14,165,60000000000,1.000000,95663400679994,7482549473622,10189849980228,3239141230,158,12
14,170,60000000000,1.000000,95750200462474,7395749691142,10189849980228,3239141230,158,12
14,175,60000000000,1.000000,95810653880594,7335296273022,10189849980228,3239141230,158,12
14,180,60000000000,1.000000,95855227583266,7290722570350,10189849980228,3239141230,158,12
14,185,60000000000,1.000000,95931589449410,7214360704206,10189849980228,3239141230,158,12
14,190,60000000000,1.000000,95984667217082,7161282936534,10189849980228,3239141230,158,12
14,195,60000000000,1.000000,96045329755026,7100620398590,10189849980228,3239141230,158,12
15,0,60000000000,1.000000,99928907559002,2947973453230,10088512987768,3055621282,0,0
15,5,60000000000,1.000000,99937318569498,2934688772405,10093386658097,3055621282,0,0
15,10,60000000000,1.000000,99964077147508,2907336738333,10093980114159,3055621282,0,0
15,15,60000000000,1.000000,99982388250940,2889025634901,10093980114159,3055621282,0,0
15,20,60000000000,1.000000,100008623552900,2862790332941,10093980114159,3055621282,0,0
15,25,60000000000,1.000000,100035512664540,2835901221301,10093980114159,3055621282,0,0
15,30,72000000000,1.000000,97538058173362,5130354403118,10120005525679,2899956216,34,1
15,35,60000000000,0.759776,92434279441023,13604760012770,10194538115854,2641680741,162,5
15,40,60000000000,1.000000,90234489259017,10692168812547,10194538115854,2641680741,162,5
15,45,60000000000,1.000000,87822863700800,10168250414763,10194538115854,2641680741,162,5
15,50,60000000000,1.000000,87930219163419,10060894952144,10194538115854,2641680741,162,5
15,55,60000000000,1.000000,87979625950102,10011488165461,10194538115854,2641680741,162,5
15,60,60000000000,1.000000,88069238371702,9921875743861,10194538115854,2641680741,162,5
15,65,60000000000,1.000000,88181067900959,9810046214604,10194538115854,2641680741,162,5
15,70,60000000000,1.000000,88228683644143,9762430471420,10194538115854,2641680741,162,5
15,75,60000000000,1.000000,88328889485223,9662224630340,10194538115854,2641680741,162,5
15,80,60000000000,1.000000,88408798925727,9582315189836,10194538115854,2641680741,162,5
15,85,60000000000,1.000000,88466254631535,9524859484028,10194538115854,2641680741,162,5
15,90,60000000000,1.000000,88582872989751,9408241125812,10194538115854,2641680741,162,5
15,95,60000000000,1.000000,88629484710575,9361629404988,10194538115854,2641680741,162,5
15,100,60000000000,1.000000,88713280333383,9277833782180,10194538115854,2641680741,162,5
15,105,60000000000,1.000000,88817861863471,9173252252092,10194538115854,2641680741,162,5
15,110,60000000000,1.000000,88862386752911,9128727362652,10194538115854,2641680741,162,5
15,115,60000000000,1.000000,88956087988895,9035026126668,10194538115854,2641680741,162,5
15,120,60000000000,1.000000,89030810313007,8960303802556,10194538115854,2641680741,162,5
15,125,60000000000,1.000000,89084536429039,8906577686524,10194538115854,2641680741,162,5
15,130,60000000000,1.000000,89193584805519,8797529310044,10194538115854,2641680741,162,5
15,135,60000000000,1.000000,89237170846183,8753943269380,10194538115854,2641680741,162,5
15,140,60000000000,1.000000,89315527090983,8675587024580,10194538115854,2641680741,162,5
15,145,60000000000,1.000000,89413319979383,8577794136180,10194538115854,2641680741,162,5
15,150,60000000000,1.000000,89454954649767,8536159465796,10194538115854,2641680741,162,5
15,155,60000000000,1.000000,89542573510367,8448540605196,10194538115854,2641680741,162,5
15,160,60000000000,1.000000,89612445426359,8378668689204,10194538115854,2641680741,162,5
15,165,60000000000,1.000000,89662684049551,8328430066012,10194538115854,2641680741,162,5
15,170,60000000000,1.000000,89764653830527,8226460285036,10194538115854,2641680741,162,5
15,175,60000000000,1.000000,89805410595127,8185703520436,10194538115854,2641680741,162,5
15,180,60000000000,1.000000,89878680545383,8112433570180,10194538115854,2641680741,162,5
15,185,60000000000,1.000000,89970125459279,8020988656284,10194538115854,2641680741,162,5
15,190,60000000000,1.000000,90009057521895,7982056593668,10194538115854,2641680741,162,5
15,195,60000000000,1.000000,90090988828863,7900125286700,10194538115854,2641680741,162,5
16,0,60000000000,1.000000,103817637510055,2963708480244,10083099009701,2680928436,0,0
16,5,60000000000,1.000000,103826574041951,2950499644207,10087371313842,2680928436,0,0
16,10,60000000000,1.000000,103852241950476,2923790915852,10088412133672,2680928436,0,0
16,15,60000000000,1.000000,103871986341172,2904046312556,10088412346272,2680928436,0,0
16,20,60000000000,1.000000,103899825495172,2876207158556,10088412346272,2680928436,0,0
16,25,60000000000,1.000000,103926427049924,2849605603804,10088412346272,2680928436,0,0
16,30,72000000000,0.589280,103435527568587,5656950849638,10095389514097,2649458802,36,2
16,35,60000000000,0.572440,99684177432688,12348299918605,10111607508894,2362913497,164,8
16,40,60000000000,1.000000,96383025724163,9977241730303,10111607508894,2362913497,164,8
16,45,60000000000,1.000000,92343998792144,10982066151159,10111607508894,2362913497,164,8
16,50,60000000000,1.000000,92411560022143,10914504921160,10111607508894,2362913497,164,8
16,55,60000000000,1.000000,92460580402301,10865484541002,10111607508894,2362913497,164,8
16,60,60000000000,1.000000,92563970772187,10762094171116,10111607508894,2362913497,164,8
16,65,60000000000,1.000000,92679282133128,10646782810175,10111607508894,2362913497,164,8
16,70,60000000000,1.000000,92735847122688,10590217820615,10111607508894,2362913497,164,8
16,75,60000000000,1.000000,92845275360800,10480789582503,10111607508894,2362913497,164,8
16,80,60000000000,1.000000,92916521389904,10409543553399,10111607508894,2362913497,164,8
16,85,60000000000,1.000000,92993667389752,10332397553551,10111607508894,2362913497,164,8
16,90,60000000000,1.000000,93118873523040,10207191420263,10111607508894,2362913497,164,8
16,95,60000000000,1.000000,93165803522112,10160261421191,10111607508894,2362913497,164,8
16,100,60000000000,1.000000,93262489524200,10063575419103,10111607508894,2362913497,164,8
16,105,60000000000,1.000000,93370390705896,9955674237407,10111607508894,2362913497,164,8
16,110,60000000000,1.000000,93423283924304,9902781018999,10111607508894,2362913497,164,8
16,115,60000000000,1.000000,93525608909000,9800456034303,10111607508894,2362913497,164,8
16,120,60000000000,1.000000,93592230184864,9733834758439,10111607508894,2362913497,164,8
16,125,60000000000,1.000000,93664368449936,9661696493367,10111607508894,2362913497,164,8
16,130,60000000000,1.000000,93781447148232,9544617795071,10111607508894,2362913497,164,8
16,135,60000000000,1.000000,93825330806856,9500734136447,10111607508894,2362913497,164,8
16,140,60000000000,1.000000,93915740685248,9410324258055,10111607508894,2362913497,164,8
16,145,60000000000,1.000000,94016637738512,9309427204791,10111607508894,2362913497,164,8
16,150,60000000000,1.000000,94066097529280,9259967414023,10111607508894,2362913497,164,8
16,155,60000000000,1.000000,94161780350064,9164284593239,10111607508894,2362913497,164,8
16,160,60000000000,1.000000,94224077076584,9101987866719,10111607508894,2362913497,164,8
16,165,60000000000,1.000000,94291532671328,9034532271975,10111607508894,2362913497,164,8
16,170,60000000000,1.000000,94401011506256,8925053437047,10111607508894,2362913497,164,8
16,175,60000000000,1.000000,94442046569776,8884018373527,10111607508894,2362913497,164,8
16,180,60000000000,1.000000,94526587722824,8799477220479,10111607508894,2362913497,164,8
16,185,60000000000,1.000000,94620935302600,8705129640703,10111607508894,2362913497,164,8
16,190,60000000000,1.000000,94667184537880,8658880405423,10111607508894,2362913497,164,8
16,195,60000000000,1.000000,94756656353616,8569408589687,10111607508894,2362913497,164,8
17,0,60000000000,1.000000,94446896012761,2978709189150,10082684798089,2890282116,0,0
17,5,60000000000,1.000000,94453191937817,2968037467624,10087060594559,2890282116,0,0
17,10,60000000000,1.000000,94481332591054,2938634720784,10088322688162,2890282116,0,0
17,15,60000000000,1.000000,94499021910318,2920939548000,10088328541682,2890282116,0,0
17,20,60000000000,1.000000,94529097204934,2890864253384,10088328541682,2890282116,0,0
17,25,60000000000,1.000000,94553535862486,2866425595832,10088328541682,2890282116,0,0
17,30,72000000000,0.718380,94310655151097,4326257758066,10089738306341,2870456611,36,3
17,35,60000000000,0.536909,89683280275631,14375482622684,10106677387540,2502338772,178,10
17,40,60000000000,1.000000,88317043771749,7778157761182,10106677387540,2502338772,178,10
17,45,60000000000,1.000000,87214938344458,5848985360918,10106677387540,2502338772,178,10
17,50,60000000000,1.000000,87336913064262,5727010641114,10106677387540,2502338772,178,10
17,55,60000000000,1.000000,87366526124271,5697397581105,10106677387540,2502338772,178,10
17,60,60000000000,1.000000,87420765366764,5643158338612,10106677387540,2502338772,178,10
17,65,60000000000,1.000000,87472624921151,5591298784225,10106677387540,2502338772,178,10
17,70,60000000000,1.000000,87509585226543,5554338478833,10106677387540,2502338772,178,10
17,75,60000000000,1.000000,87565609577279,5498314128097,10106677387540,2502338772,178,10
17,80,60000000000,1.000000,87606110189527,5457813515849,10106677387540,2502338772,178,10
17,85,60000000000,1.000000,87645309656455,5418614048921,10106677387540,2502338772,178,10
17,90,60000000000,1.000000,87708097958183,5355825747193,10106677387540,2502338772,178,10
17,95,60000000000,1.000000,87736255657751,5327668047625,10106677387540,2502338772,178,10
17,100,60000000000,1.000000,87786994279031,5276929426345,10106677387540,2502338772,178,10
17,105,60000000000,1.000000,87835569716295,5228353989081,10106677387540,2502338772,178,10
17,110,60000000000,1.000000,87870130838199,5193792867177,10106677387540,2502338772,178,10
17,115,60000000000,1.000000,87922518511687,5141405193689,10106677387540,2502338772,178,10
17,120,60000000000,1.000000,87960390130815,5103533574561,10106677387540,2502338772,178,10
17,125,60000000000,1.000000,87997045064799,5066878640577,10106677387540,2502338772,178,10
17,130,60000000000,1.000000,88055757624951,5008166080425,10106677387540,2502338772,178,10
17,135,60000000000,1.000000,88082087539591,4981836165785,10106677387540,2502338772,178,10
17,140,60000000000,1.000000,88129532593463,4934391111913,10106677387540,2502338772,178,10
17,145,60000000000,1.000000,88174954880879,4888968824497,10106677387540,2502338772,178,10
17,150,60000000000,1.000000,88207272556231,4856651149145,10106677387540,2502338772,178,10
17,155,60000000000,1.000000,88256259618407,4807664086969,10106677387540,2502338772,178,10
17,160,60000000000,1.000000,88291672898407,4772250806969,10106677387540,2502338772,178,10
17,165,60000000000,1.000000,88325948471471,4737975233905,10106677387540,2502338772,178,10
17,170,60000000000,1.000000,88380849856327,4683073849049,10106677387540,2502338772,178,10
17,175,60000000000,1.000000,88405470632143,4658453073233,10106677387540,2502338772,178,10
17,180,60000000000,1.000000,88449835912183,4614087793193,10106677387540,2502338772,178,10
17,185,60000000000,1.000000,88492309728327,4571613977049,10106677387540,2502338772,178,10
17,190,60000000000,1.000000,88522529584831,4541394120545,10106677387540,2502338772,178,10
17,195,60000000000,1.000000,88568336777519,4495586927857,10106677387540,2502338772,178,10
18,0,60000000000,1.000000,96321905990573,2936670200641,10072973808786,2468699970,0,0
18,5,60000000000,1.000000,96330017589719,2922987382428,10078545027853,2468699970,0,0
18,10,60000000000,1.000000,96355790270806,2896479067370,10079280661824,2468699970,0,0
18,15,60000000000,1.000000,96375694250794,2876499199378,10079356549828,2468699970,0,0
18,20,60000000000,1.000000,96402409904650,2849783545522,10079356549828,2468699970,0,0
18,25,60000000000,1.000000,96423993953898,2828199496274,10079356549828,2468699970,0,0
18,30,72000000000,0.762724,95969165656676,4300918798837,10081970186264,2431510824,39,1
18,35,60000000000,0.530828,92570396914510,12533849668631,10107836089815,2152526009,193,10
18,40,60000000000,0.911262,90483815974548,9590985333944,10107836089815,2152526009,193,10
18,45,60000000000,1.000000,87640320241318,8192603509600,10107836089815,2152526009,193,10
18,50,60000000000,1.000000,87760471248653,8072452502265,10107836089815,2152526009,193,10
18,55,60000000000,1.000000,87795346879646,8037576871272,10107836089815,2152526009,193,10
18,60,60000000000,1.000000,87874479066361,7958444684557,10107836089815,2152526009,193,10
18,65,60000000000,1.000000,87948710268458,7884213482460,10107836089815,2152526009,193,10
18,70,60000000000,1.000000,87998393916786,7834529834132,10107836089815,2152526009,193,10
18,75,60000000000,1.000000,88082460792914,7750462958004,10107836089815,2152526009,193,10
18,80,60000000000,1.000000,88130279939250,7702643811668,10107836089815,2152526009,193,10
18,85,60000000000,1.000000,88195323902186,7637599848732,10107836089815,2152526009,193,10
18,90,60000000000,1.000000,88283926792754,7548996958164,10107836089815,2152526009,193,10
18,95,60000000000,1.000000,88316901505370,7516022245548,10107836089815,2152526009,193,10
18,100,60000000000,1.000000,88391026553682,7441897197236,10107836089815,2152526009,193,10
18,105,60000000000,1.000000,88460493739658,7372430011260,10107836089815,2152526009,193,10
18,110,60000000000,1.000000,88506952301466,7325971449452,10107836089815,2152526009,193,10
18,115,60000000000,1.000000,88585562191994,7247361558924,10107836089815,2152526009,193,10
18,120,60000000000,1.000000,88630277280954,7202646469964,10107836089815,2152526009,193,10
18,125,60000000000,1.000000,88691099081938,7141824668980,10107836089815,2152526009,193,10
18,130,60000000000,1.000000,88773950543018,7058973207900,10107836089815,2152526009,193,10
18,135,60000000000,1.000000,88804784786810,7028138964108,10107836089815,2152526009,193,10
18,140,60000000000,1.000000,88874098197818,6958825553100,10107836089815,2152526009,193,10
18,145,60000000000,1.000000,88939056099714,6893867651204,10107836089815,2152526009,193,10
18,150,60000000000,1.000000,88982498923138,6850424827780,10107836089815,2152526009,193,10
18,155,60000000000,1.000000,89056006054178,6776917696740,10107836089815,2152526009,193,10
18,160,60000000000,1.000000,89097818577954,6735105172964,10107836089815,2152526009,193,10
18,165,60000000000,1.000000,89154692287826,6678231463092,10107836089815,2152526009,193,10
18,170,60000000000,1.000000,89232165659010,6600758091908,10107836089815,2152526009,193,10
18,175,60000000000,1.000000,89260998376898,6571925374020,10107836089815,2152526009,193,10
18,180,60000000000,1.000000,89325812485602,6507111265316,10107836089815,2152526009,193,10
18,185,60000000000,1.000000,89386553811858,6446369939060,10107836089815,2152526009,193,10
18,190,60000000000,1.000000,89427176655810,6405747095108,10107836089815,2152526009,193,10
18,195,60000000000,1.000000,89495912260074,6337011490844,10107836089815,2152526009,193,10
19,0,60000000000,1.000000,103796752312641,2961214166688,10088720520671,3194248496,0,0
19,5,60000000000,1.000000,103804680253881,2947323491591,10094683254528,3194248496,0,0
19,10,60000000000,1.000000,103829099035855,2922093110874,10095494853271,3194248496,0,0
19,15,60000000000,1.000000,103850910380927,2900241808786,10095534810287,3194248496,0,0
19,20,60000000000,1.000000,103874753639951,2876398549762,10095534810287,3194248496,0,0
19,25,60000000000,1.000000,103900198407967,2850953781746,10095534810287,3194248496,0,0
19,30,72000000000,0.762513,103645507795970,4069566210868,10098082564318,3181870460,36,1
19,35,60000000000,0.255989,102608423490929,16128933868766,10109426596057,3103244035,153,4
19,40,60000000000,0.677404,95317475555277,16858159172580,10109426596057,3103244035,153,4
19,45,60000000000,1.000000,92403249017483,13339904103876,10109426596057,3103244035,153,4
19,50,60000000000,1.000000,92512986720309,13230166401050,10109426596057,3103244035,153,4
19,55,60000000000,1.000000,92545933489962,13197219631397,10109426596057,3103244035,153,4
19,60,60000000000,1.000000,92694311726447,13048841394912,10109426596057,3103244035,153,4
19,65,60000000000,1.000000,92830872066862,12912281054497,10109426596057,3103244035,153,4
19,70,60000000000,1.000000,92890302207278,12852850914081,10109426596057,3103244035,153,4
19,75,60000000000,1.000000,93037496323094,12705656798265,10109426596057,3103244035,153,4
19,80,60000000000,1.000000,93155648431598,12587504689761,10109426596057,3103244035,153,4
19,85,60000000000,1.000000,93217354149214,12525798972145,10109426596057,3103244035,153,4
19,90,60000000000,1.000000,93370996917902,12372156203457,10109426596057,3103244035,153,4
19,95,60000000000,1.000000,93402471566358,12340681555001,10109426596057,3103244035,153,4
19,100,60000000000,1.000000,93541296002438,12201857118921,10109426596057,3103244035,153,4
19,105,60000000000,1.000000,93669039647534,12074113473825,10109426596057,3103244035,153,4
19,110,60000000000,1.000000,93724612032950,12018541088409,10109426596057,3103244035,153,4
19,115,60000000000,1.000000,93862251420374,11880901700985,10109426596057,3103244035,153,4
19,120,60000000000,1.000000,93972733987926,11770419133433,10109426596057,3103244035,153,4
19,125,60000000000,1.000000,94030434237062,11712718884297,10109426596057,3103244035,153,4
19,130,60000000000,1.000000,94174103679782,11569049441577,10109426596057,3103244035,153,4
19,135,60000000000,1.000000,94203535232030,11539617889329,10109426596057,3103244035,153,4
19,140,60000000000,1.000000,94333348235934,11409804885425,10109426596057,3103244035,153,4
19,145,60000000000,1.000000,94452799729934,11290353391425,10109426596057,3103244035,153,4
19,150,60000000000,1.000000,94504764776494,11238388344865,10109426596057,3103244035,153,4
19,155,60000000000,1.000000,94633469655982,11109683465377,10109426596057,3103244035,153,4
19,160,60000000000,1.000000,94736780530918,11006372590441,10109426596057,3103244035,153,4
19,165,60000000000,1.000000,94790735316502,10952417804857,10109426596057,3103244035,153,4
19,170,60000000000,1.000000,94925078825646,10818074295713,10109426596057,3103244035,153,4
19,175,60000000000,1.000000,94952599904230,10790553217129,10109426596057,3103244035,153,4
19,180,60000000000,1.000000,95073986429998,10669166691361,10109426596057,3103244035,153,4
19,185,60000000000,1.000000,95185684036558,10557469084801,10109426596057,3103244035,153,4
19,190,60000000000,1.000000,95234275905318,10508877216041,10109426596057,3103244035,153,4
19,195,60000000000,1.000000,95354626237822,10388526883537,10109426596057,3103244035,153,4
20,0,60000000000,1.000000,116363702419870,3106035473341,10111065106789,5077760178,0,0
20,5,60000000000,1.000000,116373731781975,3091224985671,10115846232354,5077760178,0,0
20,10,60000000000,1.000000,116400723433798,3063634324074,10116445242128,5077760178,0,0
20,15,60000000000,1.000000,116421667037350,3042690720522,10116445242128,5077760178,0,0
20,20,60000000000,1.000000,116449800963838,3014556794034,10116445242128,5077760178,0,0
20,25,60000000000,1.000000,116478203268750,2986154489122,10116445242128,5077760178,0,0
20,30,72000000000,0.856024,115977219331407,4071651744461,10118151628151,5030012941,39,5
20,35,60000000000,0.231981,112619802901271,29391556008055,10142722432843,4765082671,192,9
20,40,60000000000,1.000000,106168985172988,11471090215323,10142722432843,4765082671,192,9
20,45,60000000000,1.000000,99046257012100,17085973846467,10142722432843,4765082671,192,9
20,50,60000000000,1.000000,99187848869983,16944381988584,10142722432843,4765082671,192,9
20,55,60000000000,1.000000,99272503478852,16859727379715,10142722432843,4765082671,192,9
20,60,60000000000,1.000000,99420210478564,16712020380003,10142722432843,4765082671,192,9
20,65,60000000000,1.000000,99621418278172,16510812580395,10142722432843,4765082671,192,9
20,70,60000000000,1.000000,99680576936204,16451653922363,10142722432843,4765082671,192,9
20,75,60000000000,1.000000,99855799024796,16276431833771,10142722432843,4765082671,192,9
20,80,60000000000,1.000000,100038362056316,16093868802251,10142722432843,4765082671,192,9
20,85,60000000000,1.000000,100087644915884,16044585942683,10142722432843,4765082671,192,9
20,90,60000000000,1.000000,100284861779260,15847369079307,10142722432843,4765082671,192,9
20,95,60000000000,1.000000,100366726336756,15765504521811,10142722432843,4765082671,192,9
20,100,60000000000,1.000000,100504961390348,15627269468219,10142722432843,4765082671,192,9
20,105,60000000000,1.000000,100693175302356,15439055556211,10142722432843,4765082671,192,9
20,110,60000000000,1.000000,100748493827772,15383737030795,10142722432843,4765082671,192,9
20,115,60000000000,1.000000,100912341823940,15219889034627,10142722432843,4765082671,192,9
20,120,60000000000,1.000000,101083054244580,15049176613987,10142722432843,4765082671,192,9
20,125,60000000000,1.000000,101129138033612,15003092824955,10142722432843,4765082671,192,9
20,130,60000000000,1.000000,101313553070204,14818677788363,10142722432843,4765082671,192,9
20,135,60000000000,1.000000,101390103599908,14742127258659,10142722432843,4765082671,192,9
20,140,60000000000,1.000000,101519365479460,14612865379107,10142722432843,4765082671,192,9
20,145,60000000000,1.000000,101695361968220,14436868890347,10142722432843,4765082671,192,9
20,150,60000000000,1.000000,101747089633452,14385141225115,10142722432843,4765082671,192,9
20,155,60000000000,1.000000,101900301857188,14231929001379,10142722432843,4765082671,192,9
20,160,60000000000,1.000000,102059932918852,14072297939715,10142722432843,4765082671,192,9
20,165,60000000000,1.000000,102103025296796,14029205561771,10142722432843,4765082671,192,9
20,170,60000000000,1.000000,102275469504228,13856761354339,10142722432843,4765082671,192,9
20,175,60000000000,1.000000,102347050952676,13785179905891,10142722432843,4765082671,192,9
20,180,60000000000,1.000000,102467922128948,13664308729619,10142722432843,4765082671,192,9
20,185,60000000000,1.000000,102632494257076,13499736601491,10142722432843,4765082671,192,9
20,190,60000000000,1.000000,102680864153716,13451366704851,10142722432843,4765082671,192,9
20,195,60000000000,1.000000,102824130998852,13308099859715,10142722432843,4765082671,192,9
21,0,60000000000,1.000000,91629828838816,2853320712495,10070788448689,2773793476,0,0
21,5,60000000000,1.000000,91638347719773,2839318274264,10076272005963,2773793476,0,0
21,10,60000000000,1.000000,91660270810043,2816804095102,10076863094855,2773793476,0,0
21,15,60000000000,1.000000,91682270071523,2794804833622,10076863094855,2773793476,0,0
21,20,60000000000,1.000000,91705434164003,2771640741142,10076863094855,2773793476,0,0
21,25,60000000000,1.000000,91731957088723,2745117816422,10076863094855,2773793476,0,0
21,30,72000000000,0.713371,90705543352198,5258030183817,10097466413889,2712306076,36,2
21,35,60000000000,0.407334,88254786442262,15175376966201,10117711147153,2523875629,177,7
21,40,60000000000,1.000000,84250225117373,9248516278428,10117711147153,2523875629,177,7
21,45,60000000000,1.000000,82222676068200,9370187392044,10117711147153,2523875629,177,7
21,50,60000000000,1.000000,82334452758230,9258410702014,10117711147153,2523875629,177,7
21,55,60000000000,1.000000,82391006989018,9201856471226,10117711147153,2523875629,177,7
21,60,60000000000,1.000000,82463063235938,9129800224306,10117711147153,2523875629,177,7
21,65,60000000000,1.000000,82564720254965,9028143205279,10117711147153,2523875629,177,7
21,70,60000000000,1.000000,82628127184605,8964736275639,10117711147153,2523875629,177,7
21,75,60000000000,1.000000,82700882066477,8891981393767,10117711147153,2523875629,177,7
21,80,60000000000,1.000000,82782973553389,8809889906855,10117711147153,2523875629,177,7
21,85,60000000000,1.000000,82844471803333,8748391656911,10117711147153,2523875629,177,7
21,90,60000000000,1.000000,82933054283789,8659809176455,10117711147153,2523875629,177,7
21,95,60000000000,1.000000,82988299541349,8604563918895,10117711147153,2523875629,177,7
21,100,60000000000,1.000000,83055695774781,8537167685463,10117711147153,2523875629,177,7
21,105,60000000000,1.000000,83150758989669,8442104470575,10117711147153,2523875629,177,7
21,110,60000000000,1.000000,83210050020925,8382813439319,10117711147153,2523875629,177,7
21,115,60000000000,1.000000,83278082206405,8314781253839,10117711147153,2523875629,177,7
21,120,60000000000,1.000000,83354844934981,8238018525263,10117711147153,2523875629,177,7
21,125,60000000000,1.000000,83412351183597,8180512276647,10117711147153,2523875629,177,7
21,130,60000000000,1.000000,83495183559493,8097679900751,10117711147153,2523875629,177,7
21,135,60000000000,1.000000,83546842712965,8046020747279,10117711147153,2523875629,177,7
21,140,60000000000,1.000000,83609864092805,7982999367439,10117711147153,2523875629,177,7
21,145,60000000000,1.000000,83698756522821,7894106937423,10117711147153,2523875629,177,7
21,150,60000000000,1.000000,83754198829021,7838664631223,10117711147153,2523875629,177,7
21,155,60000000000,1.000000,83817814879597,7775048580647,10117711147153,2523875629,177,7
21,160,60000000000,1.000000,83889594752613,7703268707631,10117711147153,2523875629,177,7
21,165,60000000000,1.000000,83943368130581,7649495329663,10117711147153,2523875629,177,7
21,170,60000000000,1.000000,84020823655309,7572039804935,10117711147153,2523875629,177,7
21,175,60000000000,1.000000,84069129487333,7523733972911,10117711147153,2523875629,177,7
21,180,60000000000,1.000000,84128059995949,7464803464295,10117711147153,2523875629,177,7
21,185,60000000000,1.000000,84211182201893,7381681258351,10117711147153,2523875629,177,7
21,190,60000000000,1.000000,84263025612893,7329837847351,10117711147153,2523875629,177,7
21,195,60000000000,1.000000,84322512190773,7270351269471,10117711147153,2523875629,177,7
22,0,60000000000,1.000000,109695281897935,3028924363342,10106885738723,3579734944,0,0
22,5,60000000000,1.000000,109702837969014,3016690334971,10111563696015,3579734944,0,0
22,10,60000000000,1.000000,109730660493319,2988167347497,10112264159184,3579734944,0,0
22,15,60000000000,1.000000,109751619502791,2967208338025,10112264159184,3579734944,0,0
22,20,60000000000,1.000000,109777208516855,2941619323961,10112264159184,3579734944,0,0
22,25,60000000000,1.000000,109803755077543,2915072763273,10112264159184,3579734944,0,0
22,30,72000000000,1.000000,105760856015200,6512256325322,10154779133500,3276187675,34,2
22,35,60000000000,0.549847,102612296475600,18279600544997,10167812716477,2985720869,159,6
22,40,60000000000,1.000000,95685013347314,16794990829440,10167812716477,2985720869,159,6
22,45,60000000000,1.000000,94191501919477,12463612987624,10167812716477,2985720869,159,6
22,50,60000000000,1.000000,94319360079219,12335754827882,10167812716477,2985720869,159,6
22,55,60000000000,1.000000,94428228259862,12226886647239,10167812716477,2985720869,159,6
22,60,60000000000,1.000000,94484405307231,12170709599870,10167812716477,2985720869,159,6
22,65,60000000000,1.000000,94620143577881,12034971329220,10167812716477,2985720869,159,6
22,70,60000000000,1.000000,94725569633153,11929545273948,10167812716477,2985720869,159,6
22,75,60000000000,1.000000,94805211976337,11849902930764,10167812716477,2985720869,159,6
22,80,60000000000,1.000000,94927501663793,11727613243308,10167812716477,2985720869,159,6
22,85,60000000000,1.000000,94968813130961,11686301776140,10167812716477,2985720869,159,6
22,90,60000000000,1.000000,95114843843385,11540271063716,10167812716477,2985720869,159,6
22,95,60000000000,1.000000,95221904424569,11433210482532,10167812716477,2985720869,159,6
22,100,60000000000,1.000000,95274434899633,11380680007468,10167812716477,2985720869,159,6
22,105,60000000000,1.000000,95401362847953,11253752059148,10167812716477,2985720869,159,6
22,110,60000000000,1.000000,95499945441545,11155169465556,10167812716477,2985720869,159,6
22,115,60000000000,1.000000,95574418006473,11080696900628,10167812716477,2985720869,159,6
22,120,60000000000,1.000000,95688769572401,10966345334700,10167812716477,2985720869,159,6
22,125,60000000000,1.000000,95727399411593,10927715495508,10167812716477,2985720869,159,6
22,130,60000000000,1.000000,95863950914913,10791163992188,10167812716477,2985720869,159,6
22,135,60000000000,1.000000,95964061933081,10691052974020,10167812716477,2985720869,159,6
22,140,60000000000,1.000000,96013182527153,10641932379948,10167812716477,2985720869,159,6
22,145,60000000000,1.000000,96131871273481,10523243633620,10167812716477,2985720869,159,6
22,150,60000000000,1.000000,96224054630793,10431060276308,10167812716477,2985720869,159,6
22,155,60000000000,1.000000,96293693000177,10361421906924,10167812716477,2985720869,159,6
22,160,60000000000,1.000000,96400621727529,10254493179572,10167812716477,2985720869,159,6
22,165,60000000000,1.000000,96436744009801,10218370897300,10167812716477,2985720869,159,6
22,170,60000000000,1.000000,96564431622537,10090683284564,10167812716477,2985720869,159,6
22,175,60000000000,1.000000,96658044190673,9997070716428,10167812716477,2985720869,159,6
22,180,60000000000,1.000000,96703976247297,9951138659804,10167812716477,2985720869,159,6
22,185,60000000000,1.000000,96814960617969,9840154289132,10167812716477,2985720869,159,6
22,190,60000000000,1.000000,96901160128945,9753954778156,10167812716477,2985720869,159,6
22,195,60000000000,1.000000,96966278102129,9688836804972,10167812716477,2985720869,159,6
23,0,60000000000,1.000000,105970030159016,3075986134476,10092297706508,3400282156,0,0
23,5,60000000000,1.000000,105979684190471,3060291110871,10098338698658,3400282156,0,0
23,10,60000000000,1.000000,106003217506125,3036174958080,10098921535795,3400282156,0,0
23,15,60000000000,1.000000,106028601167245,3010704149360,10099008683395,3400282156,0,0
23,20,60000000000,1.000000,106055186321557,2984118995048,10099008683395,3400282156,0,0
23,25,60000000000,1.000000,106078563098029,2960742218576,10099008683395,3400282156,0,0
23,30,72000000000,0.971909,104917667395379,4229419377921,10110036677335,3363190824,40,2
23,35,60000000000,0.449730,101040373919663,17639362389269,10164987701409,3098418321,171,8
23,40,60000000000,0.882784,93897918422794,17077114709254,10164987701409,3098418321,171,8
23,45,60000000000,1.000000,91841627206059,13661131031294,10164987701409,3098418321,171,8
23,50,60000000000,1.000000,92016102830267,13486655407086,10164987701409,3098418321,171,8
23,55,60000000000,1.000000,92067316242912,13435441994441,10164987701409,3098418321,171,8
23,60,60000000000,1.000000,92204386995487,13298371241866,10164987701409,3098418321,171,8
23,65,60000000000,1.000000,92355391081052,13147367156301,10164987701409,3098418321,171,8
23,70,60000000000,1.000000,92413686137372,13089072099981,10164987701409,3098418321,171,8
23,75,60000000000,1.000000,92551272006836,12951486230517,10164987701409,3098418321,171,8
23,80,60000000000,1.000000,92677260728684,12825497508669,10164987701409,3098418321,171,8
23,85,60000000000,1.000000,92734669802580,12768088434773,10164987701409,3098418321,171,8
23,90,60000000000,1.000000,92889931383244,12612826854109,10164987701409,3098418321,171,8
23,95,60000000000,1.000000,92939348830028,12563409407325,10164987701409,3098418321,171,8
23,100,60000000000,1.000000,93067610943404,12435147293949,10164987701409,3098418321,171,8
23,105,60000000000,1.000000,93208818673132,12293939564221,10164987701409,3098418321,171,8
23,110,60000000000,1.000000,93263329655268,12239428582085,10164987701409,3098418321,171,8
23,115,60000000000,1.000000,93391984490828,12110773746525,10164987701409,3098418321,171,8
23,120,60000000000,1.000000,93509794977900,11992963259453,10164987701409,3098418321,171,8
23,125,60000000000,1.000000,93563477489020,11939280748333,10164987701409,3098418321,171,8
23,130,60000000000,1.000000,93708660662604,11794097574749,10164987701409,3098418321,171,8
23,135,60000000000,1.000000,93754870302588,11747887934765,10164987701409,3098418321,171,8
23,140,60000000000,1.000000,93874806609868,11627951627485,10164987701409,3098418321,171,8
23,145,60000000000,1.000000,94006848201972,11495910035381,10164987701409,3098418321,171,8
23,150,60000000000,1.000000,94057820743676,11444937493677,10164987701409,3098418321,171,8
23,155,60000000000,1.000000,94178124280604,11324633956749,10164987701409,3098418321,171,8
23,160,60000000000,1.000000,94288287402244,11214470835109,10164987701409,3098418321,171,8
23,165,60000000000,1.000000,94338485250964,11164272986389,10164987701409,3098418321,171,8
23,170,60000000000,1.000000,94474244231196,11028514006157,10164987701409,3098418321,171,8
23,175,60000000000,1.000000,94517454290876,10985303946477,10164987701409,3098418321,171,8
23,180,60000000000,1.000000,94629605240324,10873152997029,10164987701409,3098418321,171,8
23,185,60000000000,1.000000,94753075691164,10749682546189,10164987701409,3098418321,171,8
23,190,60000000000,1.000000,94800739481012,10702018756341,10164987701409,3098418321,171,8
23,195,60000000000,1.000000,94913233822396,10589524414957,10164987701409,3098418321,171,8
24,0,60000000000,1.000000,102062865515718,3030031585921,10088771898361,3266268552,0,0
24,5,60000000000,1.000000,102071737851624,3014477400589,10095453747787,3266268552,0,0
24,10,60000000000,1.000000,102093395532434,2992030391580,10096243075986,3266268552,0,0
24,15,60000000000,1.000000,102117999994810,2967425929204,10096243075986,3266268552,0,0
24,20,60000000000,1.000000,102143298740426,2942127183588,10096243075986,3266268552,0,0
24,25,60000000000,1.000000,102167461512802,2917964411212,10096243075986,3266268552,0,0
24,30,72000000000,0.798607,101401635656369,4606260229239,10101441359280,3214366858,40,2
24,35,60000000000,0.640787,97988547684870,11015659112184,10134425362486,2977660187,187,9
24,40,60000000000,1.000000,92252377297691,12669068303028,10134425362486,2977660187,187,9
24,45,60000000000,1.000000,89450935930118,12391045586348,10134425362486,2977660187,187,9
24,50,60000000000,1.000000,89535650901659,12306330614807,10134425362486,2977660187,187,9
24,55,60000000000,1.000000,89577830712820,12264150803646,10134425362486,2977660187,187,9
24,60,60000000000,1.000000,89707240613111,12134740903355,10134425362486,2977660187,187,9
24,65,60000000000,1.000000,89836412347569,12005569168897,10134425362486,2977660187,187,9
24,70,60000000000,1.000000,89895188002961,11946793513505,10134425362486,2977660187,187,9
24,75,60000000000,1.000000,90024749841865,11817231674601,10134425362486,2977660187,187,9
24,80,60000000000,1.000000,90130092641713,11711888874753,10134425362486,2977660187,187,9
24,85,60000000000,1.000000,90192241519777,11649739996689,10134425362486,2977660187,187,9
24,90,60000000000,1.000000,90333883761833,11508097754633,10134425362486,2977660187,187,9
24,95,60000000000,1.000000,90373855507401,11468126009065,10134425362486,2977660187,187,9
24,100,60000000000,1.000000,90494876479873,11347105036593,10134425362486,2977660187,187,9
24,105,60000000000,1.000000,90615723052033,11226258464433,10134425362486,2977660187,187,9
24,110,60000000000,1.000000,90670683436577,11171298079889,10134425362486,2977660187,187,9
24,115,60000000000,1.000000,90791835101209,11050146415257,10134425362486,2977660187,187,9
24,120,60000000000,1.000000,90890339843233,10951641673233,10134425362486,2977660187,187,9
24,125,60000000000,1.000000,90948454486265,10893527030201,10134425362486,2977660187,187,9
24,130,60000000000,1.000000,91080902385561,10761079130905,10134425362486,2977660187,187,9
24,135,60000000000,1.000000,91118279467777,10723702048689,10134425362486,2977660187,187,9
24,140,60000000000,1.000000,91231444674217,10610536842249,10134425362486,2977660187,187,9
24,145,60000000000,1.000000,91344446801105,10497534715361,10134425362486,2977660187,187,9
24,150,60000000000,1.000000,91395839573385,10446141943081,10134425362486,2977660187,187,9
24,155,60000000000,1.000000,91509126988417,10332854528049,10134425362486,2977660187,187,9
24,160,60000000000,1.000000,91601237547857,10240743968609,10134425362486,2977660187,187,9
24,165,60000000000,1.000000,91655579827865,10186401688601,10134425362486,2977660187,187,9
24,170,60000000000,1.000000,91779430211505,10062551304961,10134425362486,2977660187,187,9
24,175,60000000000,1.000000,91814381056361,10027600460105,10134425362486,2977660187,187,9
24,180,60000000000,1.000000,91920200433529,9921781082937,10134425362486,2977660187,187,9
24,185,60000000000,1.000000,92025867317113,9816114199353,10134425362486,2977660187,187,9
24,190,60000000000,1.000000,92073924059289,9768057457177,10134425362486,2977660187,187,9
24,195,60000000000,1.000000,92179857712345,9662123804121,10134425362486,2977660187,187,9
25,0,60000000000,1.000000,107728586831683,2965162318464,10089808849853,3552984816,0,0
25,5,60000000000,1.000000,107736679209505,2951175064309,10095703726186,3552984816,0,0
25,10,60000000000,1.000000,107762942738540,2923935843265,10096679418195,3552984816,0,0
25,15,60000000000,1.000000,107783901112300,2902977469505,10096679418195,3552984816,0,0
25,20,60000000000,1.000000,107807038110116,2879840471689,10096679418195,3552984816,0,0
25,25,60000000000,1.000000,107832098702708,2854779879097,10096679418195,3552984816,0,0
25,30,72000000000,0.793632,106418220426928,5339102648591,10128057187395,3449288224,33,1
25,35,60000000000,0.479849,103270862215769,15353534330613,10145323353640,3177908663,169,6
25,40,60000000000,1.000000,92521979556131,17949819760061,10145323353640,3177908663,169,6
25,45,60000000000,1.000000,91515630729505,15021363862613,10145323353640,3177908663,169,6
25,50,60000000000,1.000000,91639992346515,14897002245603,10145323353640,3177908663,169,6
25,55,60000000000,1.000000,91681427232124,14855567359994,10145323353640,3177908663,169,6
25,60,60000000000,1.000000,91843554791259,14693439800859,10145323353640,3177908663,169,6
25,65,60000000000,1.000000,92020449083101,14516545509017,10145323353640,3177908663,169,6
25,70,60000000000,1.000000,92063548107845,14473446484273,10145323353640,3177908663,169,6
25,75,60000000000,1.000000,92229158286181,14307836305937,10145323353640,3177908663,169,6
25,80,60000000000,1.000000,92388994819237,14147999772881,10145323353640,3177908663,169,6
25,85,60000000000,1.000000,92431938168757,14105056423361,10145323353640,3177908663,169,6
25,90,60000000000,1.000000,92605856664237,13931137927881,10145323353640,3177908663,169,6
25,95,60000000000,1.000000,92645607643045,13891386949073,10145323353640,3177908663,169,6
25,100,60000000000,1.000000,92797213372693,13739781219425,10145323353640,3177908663,169,6
25,105,60000000000,1.000000,92962753375525,13574241216593,10145323353640,3177908663,169,6
25,110,60000000000,1.000000,93003054737669,13533939854449,10145323353640,3177908663,169,6
25,115,60000000000,1.000000,93157914756085,13379079836033,10145323353640,3177908663,169,6
25,120,60000000000,1.000000,93307375910765,13229618681353,10145323353640,3177908663,169,6
25,125,60000000000,1.000000,93347531702981,13189462889137,10145323353640,3177908663,169,6
25,130,60000000000,1.000000,93510160725341,13026833866777,10145323353640,3177908663,169,6
25,135,60000000000,1.000000,93547331371325,12989663220793,10145323353640,3177908663,169,6
25,140,60000000000,1.000000,93689096003837,12847898588281,10145323353640,3177908663,169,6
25,145,60000000000,1.000000,93843890402125,12693104189993,10145323353640,3177908663,169,6
25,150,60000000000,1.000000,93881575704693,12655418887425,10145323353640,3177908663,169,6
25,155,60000000000,1.000000,94026383382253,12510611209865,10145323353640,3177908663,169,6
25,160,60000000000,1.000000,94166142649469,12370851942649,10145323353640,3177908663,169,6
25,165,60000000000,1.000000,94203691831413,12333302760705,10145323353640,3177908663,169,6
25,170,60000000000,1.000000,94355764207869,12181230384249,10145323353640,3177908663,169,6
25,175,60000000000,1.000000,94390522016701,12146472575417,10145323353640,3177908663,169,6
25,180,60000000000,1.000000,94523084361765,12013910230353,10145323353640,3177908663,169,6
25,185,60000000000,1.000000,94667830678637,11869163913481,10145323353640,3177908663,169,6
25,190,60000000000,1.000000,94703069736477,11833924855641,10145323353640,3177908663,169,6
25,195,60000000000,1.000000,94838477595029,11698516997089,10145323353640,3177908663,169,6
26,0,60000000000,1.000000,104429411447724,2956631571688,10089913980588,3087375018,0,0
26,5,60000000000,1.000000,104438249254046,2941950520078,10095757225876,3087375018,0,0
26,10,60000000000,1.000000,104459947548762,2919671961215,10096337490023,3087375018,0,0
26,15,60000000000,1.000000,104483092731682,2896526778295,10096337490023,3087375018,0,0
26,20,60000000000,1.000000,104510482616234,2869136893743,10096337490023,3087375018,0,0
26,25,60000000000,1.000000,104532877920074,2846741589903,10096337490023,3087375018,0,0
26,30,72000000000,0.498765,104232378397132,6302411886777,10100156461581,3067227879,28,3
26,35,60000000000,0.474149,100395771435665,14665686571939,10126470999204,2764852522,173,11
26,40,60000000000,1.000000,97957181878638,8563258285884,10126470999204,2764852522,173,11
26,45,60000000000,1.000000,95929258138253,7755972292524,10126470999204,2764852522,173,11
26,50,60000000000,1.000000,96058207702812,7627022727965,10126470999204,2764852522,173,11
26,55,60000000000,1.000000,96095390453800,7589839976977,10126470999204,2764852522,173,11
26,60,60000000000,1.000000,96168385308489,7516845122288,10126470999204,2764852522,173,11
26,65,60000000000,1.000000,96233189613604,7452040817173,10126470999204,2764852522,173,11
26,70,60000000000,1.000000,96292909117028,7392321313749,10126470999204,2764852522,173,11
26,75,60000000000,1.000000,96361413751524,7323816679253,10126470999204,2764852522,173,11
26,80,60000000000,1.000000,96417186412028,7268044018749,10126470999204,2764852522,173,11
26,85,60000000000,1.000000,96472589147396,7212641283381,10126470999204,2764852522,173,11
26,90,60000000000,1.000000,96552171815420,7133058615357,10126470999204,2764852522,173,11
26,95,60000000000,1.000000,96588039935388,7097190495389,10126470999204,2764852522,173,11
26,100,60000000000,1.000000,96656307107116,7028923323661,10126470999204,2764852522,173,11
26,105,60000000000,1.000000,96716919704892,6968310725885,10126470999204,2764852522,173,11
26,110,60000000000,1.000000,96772762669828,6912467760949,10126470999204,2764852522,173,11
26,115,60000000000,1.000000,96836820501604,6848409929173,10126470999204,2764852522,173,11
26,120,60000000000,1.000000,96888972822908,6796257607869,10126470999204,2764852522,173,11
26,125,60000000000,1.000000,96940779231700,6744451199077,10126470999204,2764852522,173,11
26,130,60000000000,1.000000,97015195994876,6670034435901,10126470999204,2764852522,173,11
26,135,60000000000,1.000000,97048735827748,6636494603029,10126470999204,2764852522,173,11
26,140,60000000000,1.000000,97112571611060,6572658819717,10126470999204,2764852522,173,11
26,145,60000000000,1.000000,97169249697628,6515980733149,10126470999204,2764852522,173,11
26,150,60000000000,1.000000,97221467759756,6463762671021,10126470999204,2764852522,173,11
26,155,60000000000,1.000000,97281367441692,6403862989085,10126470999204,2764852522,173,11
26,160,60000000000,1.000000,97330134428788,6355096001989,10126470999204,2764852522,173,11
26,165,60000000000,1.000000,97378577957524,6306652473253,10126470999204,2764852522,173,11
26,170,60000000000,1.000000,97448164147492,6237066283285,10126470999204,2764852522,173,11
26,175,60000000000,1.000000,97479526828204,6205703602573,10126470999204,2764852522,173,11
26,180,60000000000,1.000000,97539218875428,6146011555349,10126470999204,2764852522,173,11
26,185,60000000000,1.000000,97592217849348,6093012581429,10126470999204,2764852522,173,11
26,190,60000000000,1.000000,97641046310012,6044184120765,10126470999204,2764852522,173,11
26,195,60000000000,1.000000,97697057757708,5988172673069,10126470999204,2764852522,173,11
27,0,60000000000,1.000000,92861878542997,2853372981390,10073508475613,2952770818,0,0
27,5,60000000000,1.000000,92870850990307,2839809219156,10078099790537,2952770818,0,0
27,10,60000000000,1.000000,92893525878655,2815608409359,10079625711986,2952770818,0,0
27,15,60000000000,1.000000,92915653214863,2793481073151,10079625711986,2952770818,0,0
27,20,60000000000,1.000000,92938414063391,2770720224623,10079625711986,2952770818,0,0
27,25,60000000000,1.000000,92964156758471,2744977529543,10079625711986,2952770818,0,0
27,30,72000000000,0.870501,91998699236375,4242401013830,10097047909918,2885146878,45,6
27,35,60000000000,0.341763,90259622181239,15852625009430,10111303988288,2765722965,168,11
27,40,60000000000,0.967091,88462109206371,7460879124025,10111303988288,2765722965,168,11
27,45,60000000000,1.000000,80290014399997,13265887549105,10111303988288,2765722965,168,11
27,50,60000000000,1.000000,80352103746999,13203798202103,10111303988288,2765722965,168,11
27,55,60000000000,1.000000,80389567216004,13166334733098,10111303988288,2765722965,168,11
27,60,60000000000,1.000000,80535047689855,13020854259247,10111303988288,2765722965,168,11
27,65,60000000000,1.000000,80641886416990,12914015532112,10111303988288,2765722965,168,11
27,70,60000000000,1.000000,80730018648958,12825883300144,10111303988288,2765722965,168,11
27,75,60000000000,1.000000,80874692124342,12681209824760,10111303988288,2765722965,168,11
27,80,60000000000,1.000000,80925615893606,12630286055496,10111303988288,2765722965,168,11
27,85,60000000000,1.000000,81055955441702,12499946507400,10111303988288,2765722965,168,11
27,90,60000000000,1.000000,81208004413046,12347897536056,10111303988288,2765722965,168,11
27,95,60000000000,1.000000,81244204107198,12311697841904,10111303988288,2765722965,168,11
27,100,60000000000,1.000000,81380243857518,12175658091584,10111303988288,2765722965,168,11
27,105,60000000000,1.000000,81480166586534,12075735362568,10111303988288,2765722965,168,11
27,110,60000000000,1.000000,81562577940582,11993324008520,10111303988288,2765722965,168,11
27,115,60000000000,1.000000,81697860308390,11858041640712,10111303988288,2765722965,168,11
27,120,60000000000,1.000000,81745478491782,11810423457320,10111303988288,2765722965,168,11
27,125,60000000000,1.000000,81867357382478,11688544566624,10111303988288,2765722965,168,11
27,130,60000000000,1.000000,82009536484766,11546365464336,10111303988288,2765722965,168,11
27,135,60000000000,1.000000,82043386368750,11512515580352,10111303988288,2765722965,168,11
27,140,60000000000,1.000000,82170595447702,11385306501400,10111303988288,2765722965,168,11
27,145,60000000000,1.000000,82264031949142,11291869999960,10111303988288,2765722965,168,11
27,150,60000000000,1.000000,82341093781654,11214808167448,10111303988288,2765722965,168,11
27,155,60000000000,1.000000,82467594641590,11088307307512,10111303988288,2765722965,168,11
27,160,60000000000,1.000000,82512121812750,11043780136352,10111303988288,2765722965,168,11
27,165,60000000000,1.000000,82626089247798,10929812701304,10111303988288,2765722965,168,11
27,170,60000000000,1.000000,82759039158574,10796862790528,10111303988288,2765722965,168,11
27,175,60000000000,1.000000,82790691764030,10765210185072,10111303988288,2765722965,168,11
27,180,60000000000,1.000000,82909643391710,10646258557392,10111303988288,2765722965,168,11
27,185,60000000000,1.000000,82997014702230,10558887246872,10111303988288,2765722965,168,11
27,190,60000000000,1.000000,83069074263526,10486827685576,10111303988288,2765722965,168,11
27,195,60000000000,1.000000,83187363644622,10368538304480,10111303988288,2765722965,168,11
28,0,60000000000,1.000000,120374821296139,3208986695431,10125371008430,4702815380,0,0
28,5,60000000000,1.000000,120384648422281,3192996685404,10131533892315,4702815380,0,0
28,10,60000000000,1.000000,120406302444597,3170168885914,10132707669489,4702815380,0,0
28,15,60000000000,1.000000,120434071434197,3142306984914,10132800580889,4702815380,0,0
28,20,60000000000,1.000000,120462327230605,3114051188506,10132800580889,4702815380,0,0
28,25,60000000000,1.000000,120484594330725,3091784088386,10132800580889,4702815380,0,0
28,30,72000000000,0.711941,119857983525678,5217631037946,10136550111924,4649136368,34,3
28,35,60000000000,0.619584,110304567437595,21313584395164,10199056082844,3927039070,183,5
28,40,60000000000,1.000000,108590342395743,9911508612761,10199056082844,3927039070,183,5
28,45,60000000000,1.000000,105853639147405,8886494101593,10199056082844,3927039070,183,5
28,50,60000000000,1.000000,106006240695209,8733892553789,10199056082844,3927039070,183,5
28,55,60000000000,1.000000,106060497169014,8679636079984,10199056082844,3927039070,183,5
28,60,60000000000,1.000000,106135545819089,8604587429909,10199056082844,3927039070,183,5
28,65,60000000000,1.000000,106226743811213,8513389437785,10199056082844,3927039070,183,5
28,70,60000000000,1.000000,106267422541797,8472710707201,10199056082844,3927039070,183,5
28,75,60000000000,1.000000,106355597158421,8384536090577,10199056082844,3927039070,183,5
28,80,60000000000,1.000000,106437683983725,8302449265273,10199056082844,3927039070,183,5
28,85,60000000000,1.000000,106479944606805,8260188642193,10199056082844,3927039070,183,5
28,90,60000000000,1.000000,106571901483837,8168231765161,10199056082844,3927039070,183,5
28,95,60000000000,1.000000,106623706042645,8116427206353,10199056082844,3927039070,183,5
28,100,60000000000,1.000000,106694005709565,8046127539433,10199056082844,3927039070,183,5
28,105,60000000000,1.000000,106779368625581,7960764623417,10199056082844,3927039070,183,5
28,110,60000000000,1.000000,106817406800557,7922726448441,10199056082844,3927039070,183,5
28,115,60000000000,1.000000,106899857788229,7840275460769,10199056082844,3927039070,183,5
28,120,60000000000,1.000000,106976616157901,7763517091097,10199056082844,3927039070,183,5
28,125,60000000000,1.000000,107016133541149,7723999707849,10199056082844,3927039070,183,5
28,130,60000000000,1.000000,107102121273317,7638011975681,10199056082844,3927039070,183,5
28,135,60000000000,1.000000,107150563072117,7589570176881,10199056082844,3927039070,183,5
28,140,60000000000,1.000000,107216299416421,7523833832577,10199056082844,3927039070,183,5
28,145,60000000000,1.000000,107296121217733,7444012031265,10199056082844,3927039070,183,5
28,150,60000000000,1.000000,107331690242253,7408443006745,10199056082844,3927039070,183,5
28,155,60000000000,1.000000,107408789135557,7331344113441,10199056082844,3927039070,183,5
28,160,60000000000,1.000000,107480564932453,7259568316545,10199056082844,3927039070,183,5
28,165,60000000000,1.000000,107517517146125,7222616102873,10199056082844,3927039070,183,5
28,170,60000000000,1.000000,107597923205293,7142210043705,10199056082844,3927039070,183,5
28,175,60000000000,1.000000,107643220528965,7096912720033,10199056082844,3927039070,183,5
28,180,60000000000,1.000000,107704689767141,7035443481857,10199056082844,3927039070,183,5
28,185,60000000000,1.000000,107779330141053,6960803107945,10199056082844,3927039070,183,5
28,190,60000000000,1.000000,107812590293557,6927542955441,10199056082844,3927039070,183,5
28,195,60000000000,1.000000,107884684509853,6855448739145,10199056082844,3927039070,183,5
29,0,60000000000,1.000000,93086126043029,2892134539440,10075967417531,2545263808,0,0
29,5,60000000000,1.000000,93092854049711,2879229438065,10082144512224,2545263808,0,0
29,10,60000000000,1.000000,93115759313196,2854984859164,10083483827640,2545263808,0,0
29,15,60000000000,1.000000,93139504782948,2831239389412,10083483827640,2545263808,0,0
29,20,60000000000,1.000000,93163068990972,2807675181388,10083483827640,2545263808,0,0
29,25,60000000000,1.000000,93184869907444,2785874264916,10083483827640,2545263808,0,0
29,30,72000000000,0.769257,92428614616496,4601074409949,10086202780560,2481936875,33,0
29,35,60000000000,0.598878,88415043298948,12525517711101,10137924137204,2255197227,183,5
29,40,60000000000,0.906166,86183177643907,10740999077734,10137924137204,2255197227,183,5
29,45,60000000000,1.000000,84713463244035,7971069295430,10137924137204,2255197227,183,5
29,50,60000000000,1.000000,84787958868437,7896573671028,10137924137204,2255197227,183,5
29,55,60000000000,1.000000,84839521178718,7845011360747,10137924137204,2255197227,183,5
29,60,60000000000,1.000000,84900786953868,7783745585597,10137924137204,2255197227,183,5
29,65,60000000000,1.000000,84980131175489,7704401363976,10137924137204,2255197227,183,5
29,70,60000000000,1.000000,85040170441233,7644362098232,10137924137204,2255197227,183,5
29,75,60000000000,1.000000,85103398525241,7581134014224,10137924137204,2255197227,183,5
29,80,60000000000,1.000000,85163497163761,7521035375704,10137924137204,2255197227,183,5
29,85,60000000000,1.000000,85214574967401,7469957572064,10137924137204,2255197227,183,5
29,90,60000000000,1.000000,85298878770505,7385653768960,10137924137204,2255197227,183,5
29,95,60000000000,1.000000,85348751087057,7335781452408,10137924137204,2255197227,183,5
29,100,60000000000,1.000000,85406048783057,7278483756408,10137924137204,2255197227,183,5
29,105,60000000000,1.000000,85480242604409,7204289935056,10137924137204,2255197227,183,5
29,110,60000000000,1.000000,85536384575297,7148147964168,10137924137204,2255197227,183,5
29,115,60000000000,1.000000,85595508370505,7089024168960,10137924137204,2255197227,183,5
29,120,60000000000,1.000000,85651705860129,7032826679336,10137924137204,2255197227,183,5
29,125,60000000000,1.000000,85699468079217,6985064460248,10137924137204,2255197227,183,5
29,130,60000000000,1.000000,85778299517297,6906233022168,10137924137204,2255197227,183,5
29,135,60000000000,1.000000,85824934500457,6859598039008,10137924137204,2255197227,183,5
29,140,60000000000,1.000000,85878512863505,6806019675960,10137924137204,2255197227,183,5
29,145,60000000000,1.000000,85947890583137,6736641956328,10137924137204,2255197227,183,5
29,150,60000000000,1.000000,86000388242097,6684144297368,10137924137204,2255197227,183,5
29,155,60000000000,1.000000,86055674167761,6628858371704,10137924137204,2255197227,183,5
29,160,60000000000,1.000000,86108223741537,6576308797928,10137924137204,2255197227,183,5
29,165,60000000000,1.000000,86152885598545,6531646940920,10137924137204,2255197227,183,5
29,170,60000000000,1.000000,86226599895977,6457932643488,10137924137204,2255197227,183,5
29,175,60000000000,1.000000,86270207688769,6414324850696,10137924137204,2255197227,183,5
29,180,60000000000,1.000000,86320308149697,6364224389768,10137924137204,2255197227,183,5
29,185,60000000000,1.000000,86385182392793,6299350146672,10137924137204,2255197227,183,5
29,190,60000000000,1.000000,86434272300713,6250260238752,10137924137204,2255197227,183,5
29,195,60000000000,1.000000,86485969482489,6198563056976,10137924137204,2255197227,183,5
30,0,60000000000,1.000000,96192688480022,2962002291554,10092233228424,3175838874,0,0
30,5,60000000000,1.000000,96201771795339,2946938970007,10098213234654,3175838874,0,0
30,10,60000000000,1.000000,96226410954948,2921704474348,10098808570704,3175838874,0,0
30,15,60000000000,1.000000,96246269571324,2901845857972,10098808570704,3175838874,0,0
30,20,60000000000,1.000000,96273809112284,2874306317012,10098808570704,3175838874,0,0
30,25,60000000000,1.000000,96295634073276,2852481356020,10098808570704,3175838874,0,0
30,30,72000000000,0.898145,93736144134684,6023089268420,10101175046087,2954263908,33,1
30,35,60000000000,0.605756,90164026428905,14784382093631,10127172335532,2641921375,164,6
30,40,60000000000,0.963925,85231817896781,14407691594330,10127172335532,2641921375,164,6
30,45,60000000000,1.000000,82811174675376,10462820768930,10127172335532,2641921375,164,6
30,50,60000000000,1.000000,82910743725376,10363251718930,10127172335532,2641921375,164,6
30,55,60000000000,1.000000,82954695082986,10319300361320,10127172335532,2641921375,164,6
30,60,60000000000,1.000000,83056135687085,10217859757221,10127172335532,2641921375,164,6
30,65,60000000000,1.000000,83156013046524,10117982397782,10127172335532,2641921375,164,6
30,70,60000000000,1.000000,83220019580612,10053975863694,10127172335532,2641921375,164,6
30,75,60000000000,1.000000,83322245741116,9951749703190,10127172335532,2641921375,164,6
30,80,60000000000,1.000000,83407868988556,9866126455750,10127172335532,2641921375,164,6
30,85,60000000000,1.000000,83465352310420,9808643133886,10127172335532,2641921375,164,6
30,90,60000000000,1.000000,83582785133444,9691210310862,10127172335532,2641921375,164,6
30,95,60000000000,1.000000,83624352193764,9649643250542,10127172335532,2641921375,164,6
30,100,60000000000,1.000000,83719369051028,9554626393278,10127172335532,2641921375,164,6
30,105,60000000000,1.000000,83812795897276,9461199547030,10127172335532,2641921375,164,6
30,110,60000000000,1.000000,83872647611404,9401347832902,10127172335532,2641921375,164,6
30,115,60000000000,1.000000,83968238022868,9305757421438,10127172335532,2641921375,164,6
30,120,60000000000,1.000000,84048303256908,9225692187398,10127172335532,2641921375,164,6
30,125,60000000000,1.000000,84102055196308,9171940247998,10127172335532,2641921375,164,6
30,130,60000000000,1.000000,84211865168652,9062130275654,10127172335532,2641921375,164,6
30,135,60000000000,1.000000,84250734009948,9023261434358,10127172335532,2641921375,164,6
30,140,60000000000,1.000000,84339583091516,8934412352790,10127172335532,2641921375,164,6
30,145,60000000000,1.000000,84426945373644,8847050070662,10127172335532,2641921375,164,6
30,150,60000000000,1.000000,84482911967332,8791083476974,10127172335532,2641921375,164,6
30,155,60000000000,1.000000,84572297372484,8701698071822,10127172335532,2641921375,164,6
30,160,60000000000,1.000000,84647165377140,8626830067166,10127172335532,2641921375,164,6
30,165,60000000000,1.000000,84697428147372,8576567296934,10127172335532,2641921375,164,6
30,170,60000000000,1.000000,84800110087340,8473885356966,10127172335532,2641921375,164,6
30,175,60000000000,1.000000,84836455857412,8437539586894,10127172335532,2641921375,164,6
30,180,60000000000,1.000000,84919537528764,8354457915542,10127172335532,2641921375,164,6
30,185,60000000000,1.000000,85001228912372,8272766531934,10127172335532,2641921375,164,6
30,190,60000000000,1.000000,85053562578204,8220432866102,10127172335532,2641921375,164,6
30,195,60000000000,1.000000,85137145758988,8136849685318,10127172335532,2641921375,164,6
31,0,60000000000,1.000000,101272797407226,3051284569578,10092411023196,3357779722,0,0
31,5,60000000000,1.000000,101279159950213,3039003291044,10098329758743,3357779722,0,0
31,10,60000000000,1.000000,101304087057105,3013174581222,10099231361673,3357779722,0,0
31,15,60000000000,1.000000,101327717798553,2989543839774,10099231361673,3357779722,0,0
31,20,60000000000,1.000000,101354389389897,2962872248430,10099231361673,3357779722,0,0
31,25,60000000000,1.000000,101380074995137,2937186643190,10099231361673,3357779722,0,0
31,30,72000000000,1.000000,94183282106219,6103319954669,10174470784374,2768812056,44,2
31,35,60000000000,0.724469,90883404935849,18388597882262,10211127106793,2541968771,185,7
31,40,60000000000,1.000000,89386648321383,7609428889398,10211127106793,2541968771,185,7
31,45,60000000000,1.000000,85806168251061,9249534265510,10211127106793,2541968771,185,7
31,50,60000000000,1.000000,85943170987914,9112531528657,10211127106793,2541968771,185,7
31,55,60000000000,1.000000,85989916112904,9065786403667,10211127106793,2541968771,185,7
31,60,60000000000,1.000000,86072128466420,8983574050151,10211127106793,2541968771,185,7
31,65,60000000000,1.000000,86163960514864,8891742001707,10211127106793,2541968771,185,7
31,70,60000000000,1.000000,86223206989336,8832495527235,10211127106793,2541968771,185,7
31,75,60000000000,1.000000,86305821391192,8749881125379,10211127106793,2541968771,185,7
31,80,60000000000,1.000000,86359996355736,8695706160835,10211127106793,2541968771,185,7
31,85,60000000000,1.000000,86431455172120,8624247344451,10211127106793,2541968771,185,7
31,90,60000000000,1.000000,86533129136688,8522573379883,10211127106793,2541968771,185,7
31,95,60000000000,1.000000,86578279518624,8477422997947,10211127106793,2541968771,185,7
31,100,60000000000,1.000000,86655170832648,8400531683923,10211127106793,2541968771,185,7
31,105,60000000000,1.000000,86741145115352,8314557401219,10211127106793,2541968771,185,7
31,110,60000000000,1.000000,86796545756960,8259156759611,10211127106793,2541968771,185,7
31,115,60000000000,1.000000,86873797456720,8181905059851,10211127106793,2541968771,185,7
31,120,60000000000,1.000000,86924455792232,8131246724339,10211127106793,2541968771,185,7
31,125,60000000000,1.000000,86991276042936,8064426473635,10211127106793,2541968771,185,7
31,130,60000000000,1.000000,87086350102712,7969352413859,10211127106793,2541968771,185,7
31,135,60000000000,1.000000,87128569663352,7927132853219,10211127106793,2541968771,185,7
31,140,60000000000,1.000000,87200469774936,7855232741635,10211127106793,2541968771,185,7
31,145,60000000000,1.000000,87280863257680,7774839258891,10211127106793,2541968771,185,7
31,150,60000000000,1.000000,87332667708744,7723034807827,10211127106793,2541968771,185,7
31,155,60000000000,1.000000,87404904812560,7650797704011,10211127106793,2541968771,185,7
31,160,60000000000,1.000000,87452274792272,7603427724299,10211127106793,2541968771,185,7
31,165,60000000000,1.000000,87514757577696,7540944938875,10211127106793,2541968771,185,7
31,170,60000000000,1.000000,87603660148840,7452042367731,10211127106793,2541968771,185,7
31,175,60000000000,1.000000,87643139135008,7412563381563,10211127106793,2541968771,185,7
31,180,60000000000,1.000000,87710372035160,7345330481411,10211127106793,2541968771,185,7
31,185,60000000000,1.000000,87785546981192,7270155535379,10211127106793,2541968771,185,7
31,190,60000000000,1.000000,87833988679112,7221713837459,10211127106793,2541968771,185,7
31,195,60000000000,1.000000,87901536696696,7154165819875,10211127106793,2541968771,185,7
32,0,60000000000,1.000000,94773973585547,2853651136455,10071726277998,2758386726,0,0
32,5,60000000000,1.000000,94782801297659,2838470802006,10078078900335,2758386726,0,0
32,10,60000000000,1.000000,94802184080993,2818506887225,10078660031782,2758386726,0,0
32,15,60000000000,1.000000,94825869209353,2794821758865,10078660031782,2758386726,0,0
32,20,60000000000,1.000000,94852525436897,2768165531321,10078660031782,2758386726,0,0
32,25,60000000000,1.000000,94872229916537,2748461051681,10078660031782,2758386726,0,0
32,30,72000000000,0.697852,94297731855073,4750026311665,10086804866006,2716122573,38,2
32,35,60000000000,0.356519,92818503320379,13419532813079,10096523781224,2593148187,169,8
32,40,60000000000,0.747858,85174263033312,16618873565812,10096523781224,2593148187,169,8
32,45,60000000000,1.000000,82583441933305,13196532524388,10096523781224,2593148187,169,8
32,50,60000000000,1.000000,82656255250329,13123719207364,10096523781224,2593148187,169,8
32,55,60000000000,1.000000,82690031946790,13089942510903,10096523781224,2593148187,169,8
32,60,60000000000,1.000000,82841575242638,12938399215055,10096523781224,2593148187,169,8
32,65,60000000000,1.000000,82976196165389,12803778292304,10096523781224,2593148187,169,8
32,70,60000000000,1.000000,83030445014789,12749529442904,10096523781224,2593148187,169,8
32,75,60000000000,1.000000,83177848169213,12602126288480,10096523781224,2593148187,169,8
32,80,60000000000,1.000000,83304101702621,12475872755072,10096523781224,2593148187,169,8
32,85,60000000000,1.000000,83358165341413,12421809116280,10096523781224,2593148187,169,8
32,90,60000000000,1.000000,83507684736581,12272289721112,10096523781224,2593148187,169,8
32,95,60000000000,1.000000,83539575708085,12240398749608,10096523781224,2593148187,169,8
32,100,60000000000,1.000000,83681432893221,12098541564472,10096523781224,2593148187,169,8
32,105,60000000000,1.000000,83807320567469,11972653890224,10096523781224,2593148187,169,8
32,110,60000000000,1.000000,83858047991989,11921926465704,10096523781224,2593148187,169,8
32,115,60000000000,1.000000,83995882848733,11784091608960,10096523781224,2593148187,169,8
32,120,60000000000,1.000000,84113940957933,11666033499760,10096523781224,2593148187,169,8
32,125,60000000000,1.000000,84164495194365,11615479263328,10096523781224,2593148187,169,8
32,130,60000000000,1.000000,84304308921549,11475665536144,10096523781224,2593148187,169,8
32,135,60000000000,1.000000,84334129772405,11445844685288,10096523781224,2593148187,169,8
32,140,60000000000,1.000000,84466778662445,11313195795248,10096523781224,2593148187,169,8
32,145,60000000000,1.000000,84584494661205,11195479796488,10096523781224,2593148187,169,8
32,150,60000000000,1.000000,84631929245021,11148045212672,10096523781224,2593148187,169,8
32,155,60000000000,1.000000,84760816905629,11019157552064,10096523781224,2593148187,169,8
32,160,60000000000,1.000000,84871211575461,10908762882232,10096523781224,2593148187,169,8
32,165,60000000000,1.000000,84918484213181,10861490244512,10096523781224,2593148187,169,8
32,170,60000000000,1.000000,85049222290869,10730752166824,10096523781224,2593148187,169,8
32,175,60000000000,1.000000,85077107397693,10702867060000,10096523781224,2593148187,169,8
32,180,60000000000,1.000000,85201145725285,10578828732408,10096523781224,2593148187,169,8
32,185,60000000000,1.000000,85311220491901,10468753965792,10096523781224,2593148187,169,8
32,190,60000000000,1.000000,85355575981461,10424398476232,10096523781224,2593148187,169,8
32,195,60000000000,1.000000,85476097230165,10303877227528,10096523781224,2593148187,169,8
33,0,60000000000,1.000000,98671901138513,2949366682965,10085201178522,2771294038,0,0
33,5,60000000000,1.000000,98678530658513,2938381033066,10089557308421,2771294038,0,0
33,10,60000000000,1.000000,98706139385022,2909713185427,10090616429551,2771294038,0,0
33,15,60000000000,1.000000,98727635340806,2888217229643,10090616429551,2771294038,0,0
33,20,60000000000,1.000000,98750487183526,2865365386923,10090616429551,2771294038,0,0
33,25,60000000000,1.000000,98779151594270,2836700976179,10090616429551,2771294038,0,0
33,30,72000000000,0.769193,98278913154988,4332565597477,10094978441109,2740881087,32,1
33,35,60000000000,0.694493,93401436166452,11721600133832,10164458359006,2434783573,171,9
33,40,60000000000,1.000000,89979171530330,10729605172648,10164458359006,2434783573,171,9
33,45,60000000000,1.000000,88302162906430,9446129271056,10164458359006,2434783573,171,9
33,50,60000000000,1.000000,88399569330584,9348722846902,10164458359006,2434783573,171,9
33,55,60000000000,1.000000,88440012004098,9308280173388,10164458359006,2434783573,171,9
33,60,60000000000,1.000000,88528725131436,9219567046050,10164458359006,2434783573,171,9
33,65,60000000000,1.000000,88622309086556,9125983090930,10164458359006,2434783573,171,9
33,70,60000000000,1.000000,88679403976660,9068888200826,10164458359006,2434783573,171,9
33,75,60000000000,1.000000,88768374367788,8979917809698,10164458359006,2434783573,171,9
33,80,60000000000,1.000000,88846666056220,8901626121266,10164458359006,2434783573,171,9
33,85,60000000000,1.000000,88900553973588,8847738203898,10164458359006,2434783573,171,9
33,90,60000000000,1.000000,89005145257180,8743146920306,10164458359006,2434783573,171,9
33,95,60000000000,1.000000,89044171189564,8704120987922,10164458359006,2434783573,171,9
33,100,60000000000,1.000000,89127145387828,8621146789658,10164458359006,2434783573,171,9
33,105,60000000000,1.000000,89214698846492,8533593330994,10164458359006,2434783573,171,9
33,110,60000000000,1.000000,89268087568332,8480204609154,10164458359006,2434783573,171,9
33,115,60000000000,1.000000,89351282674732,8397009502754,10164458359006,2434783573,171,9
33,120,60000000000,1.000000,89424492259020,8323799918466,10164458359006,2434783573,171,9
33,125,60000000000,1.000000,89474882180252,8273409997234,10164458359006,2434783573,171,9
33,130,60000000000,1.000000,89572684188964,8175607988522,10164458359006,2434783573,171,9
33,135,60000000000,1.000000,89609176853124,8139115324362,10164458359006,2434783573,171,9
33,140,60000000000,1.000000,89686764994108,8061527183378,10164458359006,2434783573,171,9
33,145,60000000000,1.000000,89768635144652,7979657032834,10164458359006,2434783573,171,9
33,150,60000000000,1.000000,89818558274548,7929733902938,10164458359006,2434783573,171,9
33,155,60000000000,1.000000,89896352983868,7851939193618,10164458359006,2434783573,171,9
33,160,60000000000,1.000000,89964810355828,7783481821658,10164458359006,2434783573,171,9
33,165,60000000000,1.000000,90011929344732,7736362832754,10164458359006,2434783573,171,9
33,170,60000000000,1.000000,90103382786844,7644909390642,10164458359006,2434783573,171,9
33,175,60000000000,1.000000,90137506623332,7610785554154,10164458359006,2434783573,171,9
33,180,60000000000,1.000000,90210058329268,7538233848218,10164458359006,2434783573,171,9
33,185,60000000000,1.000000,90286614088876,7461678088610,10164458359006,2434783573,171,9
33,190,60000000000,1.000000,90333296586756,7414995590730,10164458359006,2434783573,171,9
33,195,60000000000,1.000000,90406041452124,7342250725362,10164458359006,2434783573,171,9
34,0,60000000000,1.000000,98597642969386,2988641499219,10082442531395,3206238662,0,0
34,5,60000000000,1.000000,98606127958928,2974606612386,10087992428686,3206238662,0,0
34,10,60000000000,1.000000,98629356793809,2950026355446,10089343850745,3206238662,0,0
34,15,60000000000,1.000000,98654475141049,2924908008206,10089343850745,3206238662,0,0
34,20,60000000000,1.000000,98677597955425,2901785193830,10089343850745,3206238662,0,0
34,25,60000000000,1.000000,98702503323665,2876879825590,10089343850745,3206238662,0,0
34,30,72000000000,0.670866,98040686949559,5268127641206,10093831313169,3157211689,33,2
34,35,60000000000,0.527152,95278837359346,11920541054825,10105957026539,2889485375,161,7
34,40,60000000000,0.987023,86117268740635,15648574853859,10105957026539,2889485375,161,7
34,45,60000000000,1.000000,84425688210707,14071603121707,10105957026539,2889485375,161,7
34,50,60000000000,1.000000,84532863125727,13964428206687,10105957026539,2889485375,161,7
34,55,60000000000,1.000000,84587658254590,13909633077824,10105957026539,2889485375,161,7
34,60,60000000000,1.000000,84725697573809,13771593758605,10105957026539,2889485375,161,7
34,65,60000000000,1.000000,84886664464716,13610626867698,10105957026539,2889485375,161,7
34,70,60000000000,1.000000,84948448824716,13548842507698,10105957026539,2889485375,161,7
34,75,60000000000,1.000000,85086538630108,13410752702306,10105957026539,2889485375,161,7
34,80,60000000000,1.000000,85228590933332,13268700399082,10105957026539,2889485375,161,7
34,85,60000000000,1.000000,85274914091364,13222377241050,10105957026539,2889485375,161,7
34,90,60000000000,1.000000,85437207150036,13060084182378,10105957026539,2889485375,161,7
34,95,60000000000,1.000000,85490343370412,13006947962002,10105957026539,2889485375,161,7
34,100,60000000000,1.000000,85619642478636,12877648853778,10105957026539,2889485375,161,7
34,105,60000000000,1.000000,85770163372324,12727127960090,10105957026539,2889485375,161,7
34,110,60000000000,1.000000,85827937159020,12669354173394,10105957026539,2889485375,161,7
34,115,60000000000,1.000000,85957063219052,12540228113362,10105957026539,2889485375,161,7
34,120,60000000000,1.000000,86089894561556,12407396770858,10105957026539,2889485375,161,7
34,125,60000000000,1.000000,86133210770516,12364080561898,10105957026539,2889485375,161,7
34,130,60000000000,1.000000,86284968991540,12212322340874,10105957026539,2889485375,161,7
34,135,60000000000,1.000000,86334656010460,12162635321954,10105957026539,2889485375,161,7
34,140,60000000000,1.000000,86455561998772,12041729333642,10105957026539,2889485375,161,7
34,145,60000000000,1.000000,86596312214668,11900979117746,10105957026539,2889485375,161,7
34,150,60000000000,1.000000,86650335764284,11846955568130,10105957026539,2889485375,161,7
34,155,60000000000,1.000000,86771079937300,11726211395114,10105957026539,2889485375,161,7
34,160,60000000000,1.000000,86895288873788,11602002458626,10105957026539,2889485375,161,7
34,165,60000000000,1.000000,86935793322172,11561498010242,10105957026539,2889485375,161,7
34,170,60000000000,1.000000,87077700547476,11419590784938,10105957026539,2889485375,161,7
34,175,60000000000,1.000000,87124162261004,11373129071410,10105957026539,2889485375,161,7
34,180,60000000000,1.000000,87237219947124,11260071385290,10105957026539,2889485375,161,7
34,185,60000000000,1.000000,87368833723772,11128457608642,10105957026539,2889485375,161,7
34,190,60000000000,1.000000,87419350473292,11077940859122,10105957026539,2889485375,161,7
34,195,60000000000,1.000000,87532256847916,10965034484498,10105957026539,2889485375,161,7
35,0,60000000000,1.000000,100748483985279,2916798468634,10080546546087,2684266436,0,0
35,5,60000000000,1.000000,100757979489843,2901238822074,10086610688083,2684266436,0,0
35,10,60000000000,1.000000,100777028071773,2881086181853,10087714746374,2684266436,0,0
35,15,60000000000,1.000000,100804303104953,2853788607173,10087737287874,2684266436,0,0
35,20,60000000000,1.000000,100827776779393,2830314932733,10087737287874,2684266436,0,0
35,25,60000000000,1.000000,100849347931225,2808743780901,10087737287874,2684266436,0,0
35,30,72000000000,0.705690,100081053001625,5064271619059,10090972225376,2616921118,35,1
35,35,60000000000,0.694278,95637776082127,11485570866366,10133868097288,2288222115,186,7
35,40,60000000000,1.000000,93257193381499,9840826230491,10133868097288,2288222115,186,7
35,45,60000000000,1.000000,90932745795468,8279929357227,10133868097288,2288222115,186,7
35,50,60000000000,1.000000,91033700337712,8178974814983,10133868097288,2288222115,186,7
35,55,60000000000,1.000000,91076933903659,8135741249036,10133868097288,2288222115,186,7
35,60,60000000000,1.000000,91151778363382,8060896789313,10133868097288,2288222115,186,7
35,65,60000000000,1.000000,91231350134951,7981325017744,10133868097288,2288222115,186,7
35,70,60000000000,1.000000,91287153596999,7925521555696,10133868097288,2288222115,186,7
35,75,60000000000,1.000000,91360695251871,7851979900824,10133868097288,2288222115,186,7
35,80,60000000000,1.000000,91423412213343,7789262939352,10133868097288,2288222115,186,7
35,85,60000000000,1.000000,91479141671511,7733533481184,10133868097288,2288222115,186,7
35,90,60000000000,1.000000,91563372796535,7649302356160,10133868097288,2288222115,186,7
35,95,60000000000,1.000000,91605004869903,7607670282792,10133868097288,2288222115,186,7
35,100,60000000000,1.000000,91674997059903,7537678092792,10133868097288,2288222115,186,7
35,105,60000000000,1.000000,91749437352143,7463237800552,10133868097288,2288222115,186,7
35,110,60000000000,1.000000,91801618475591,7411056677104,10133868097288,2288222115,186,7
35,115,60000000000,1.000000,91870386362671,7342288790024,10133868097288,2288222115,186,7
35,120,60000000000,1.000000,91929032213407,7283642939288,10133868097288,2288222115,186,7
35,125,60000000000,1.000000,91981144136863,7231531015832,10133868097288,2288222115,186,7
35,130,60000000000,1.000000,92059907614663,7152767538032,10133868097288,2288222115,186,7
35,135,60000000000,1.000000,92098837248887,7113837903808,10133868097288,2288222115,186,7
35,140,60000000000,1.000000,92164286075431,7048389077264,10133868097288,2288222115,186,7
35,145,60000000000,1.000000,92233894266951,6978780885744,10133868097288,2288222115,186,7
35,150,60000000000,1.000000,92282688186663,6929986966032,10133868097288,2288222115,186,7
35,155,60000000000,1.000000,92346992182663,6865682970032,10133868097288,2288222115,186,7
35,160,60000000000,1.000000,92401831188431,6810843964264,10133868097288,2288222115,186,7
35,165,60000000000,1.000000,92450560399999,6762114752696,10133868097288,2288222115,186,7
35,170,60000000000,1.000000,92524211148663,6688464004032,10133868097288,2288222115,186,7
35,175,60000000000,1.000000,92560613765503,6652061387192,10133868097288,2288222115,186,7
35,180,60000000000,1.000000,92621814149471,6590861003224,10133868097288,2288222115,186,7
35,185,60000000000,1.000000,92686903903871,6525771248824,10133868097288,2288222115,186,7
35,190,60000000000,1.000000,92732530491359,6480144661336,10133868097288,2288222115,186,7
35,195,60000000000,1.000000,92792660358487,6420014794208,10133868097288,2288222115,186,7
36,0,60000000000,1.000000,100286810241074,2956001427950,10084653330976,3001455164,0,0
36,5,60000000000,1.000000,100295732937828,2941451725491,10090280336681,3001455164,0,0
36,10,60000000000,1.000000,100317016433372,2919256527107,10091192039521,3001455164,0,0
36,15,60000000000,1.000000,100339247611228,2897025349251,10091192039521,3001455164,0,0
36,20,60000000000,1.000000,100368334579212,2867938381267,10091192039521,3001455164,0,0
36,25,60000000000,1.000000,100390040904156,2846232056323,10091192039521,3001455164,0,0
36,30,72000000000,0.750853,100009877450959,4292240362818,10094747250743,2973059217,36,1
36,35,60000000000,0.435952,96378798765772,15652925768907,10124746916868,2686408104,179,10
36,40,60000000000,0.836075,90922057390095,14688475925205,10124746916868,2686408104,179,10
36,45,60000000000,1.000000,89719434201207,10084666067717,10124746916868,2686408104,179,10
36,50,60000000000,1.000000,89843653777435,9960446491489,10124746916868,2686408104,179,10
36,55,60000000000,1.000000,89886326872700,9917773396224,10124746916868,2686408104,179,10
36,60,60000000000,1.000000,89986009634514,9818090634410,10124746916868,2686408104,179,10
36,65,60000000000,1.000000,90094187549935,9709912718989,10124746916868,2686408104,179,10
36,70,60000000000,1.000000,90140392971359,9663707297565,10124746916868,2686408104,179,10
36,75,60000000000,1.000000,90240881705831,9563218563093,10124746916868,2686408104,179,10
36,80,60000000000,1.000000,90334560181511,9469540087413,10124746916868,2686408104,179,10
36,85,60000000000,1.000000,90379031623447,9425068645477,10124746916868,2686408104,179,10
36,90,60000000000,1.000000,90488829203887,9315271065037,10124746916868,2686408104,179,10
36,95,60000000000,1.000000,90529965938087,9274134330837,10124746916868,2686408104,179,10
36,100,60000000000,1.000000,90623252771975,9180847496949,10124746916868,2686408104,179,10
36,105,60000000000,1.000000,90724481603767,9079618665157,10124746916868,2686408104,179,10
36,110,60000000000,1.000000,90767687718823,9036412550101,10124746916868,2686408104,179,10
36,115,60000000000,1.000000,90861653484887,8942446784037,10124746916868,2686408104,179,10
36,120,60000000000,1.000000,90949251062647,8854849206277,10124746916868,2686408104,179,10
36,125,60000000000,1.000000,90990835755111,8813264513813,10124746916868,2686408104,179,10
36,130,60000000000,1.000000,91093506107359,8710594161565,10124746916868,2686408104,179,10
36,135,60000000000,1.000000,91131972555919,8672127713005,10124746916868,2686408104,179,10
36,140,60000000000,1.000000,91219203914239,8584896354685,10124746916868,2686408104,179,10
36,145,60000000000,1.000000,91313861735967,8490238532957,10124746916868,2686408104,179,10
36,150,60000000000,1.000000,91354263236743,8449837032181,10124746916868,2686408104,179,10
36,155,60000000000,1.000000,91442129456103,8361970812821,10124746916868,2686408104,179,10
36,160,60000000000,1.000000,91524040861943,8280059406981,10124746916868,2686408104,179,10
36,165,60000000000,1.000000,91562926190671,8241174078253,10124746916868,2686408104,179,10
36,170,60000000000,1.000000,91658931960279,8145168308645,10124746916868,2686408104,179,10
36,175,60000000000,1.000000,91694901457999,8109198810925,10124746916868,2686408104,179,10
36,180,60000000000,1.000000,91776470416527,8027629852397,10124746916868,2686408104,179,10
36,185,60000000000,1.000000,91864983768615,7939116500309,10124746916868,2686408104,179,10
36,190,60000000000,1.000000,91902762709591,7901337559333,10124746916868,2686408104,179,10
36,195,60000000000,1.000000,91984925318687,7819174950237,10124746916868,2686408104,179,10
37,0,60000000000,1.000000,103037485245442,3038008433680,10090519320878,3410264294,0,0
37,5,60000000000,1.000000,103046636077129,3024005311678,10095371611193,3410264294,0,0
37,10,60000000000,1.000000,103070441718463,2998261800717,10097309480820,3410264294,0,0
37,15,60000000000,1.000000,103094309002803,2974373779877,10097330217320,3410264294,0,0
37,20,60000000000,1.000000,103121018010923,2947664771757,10097330217320,3410264294,0,0
37,25,60000000000,1.000000,103143955746179,2924727036501,10097330217320,3410264294,0,0
37,30,72000000000,0.807218,102779970722040,4067772037784,10102464807120,3381475076,44,4
37,35,60000000000,0.457975,99235131204880,14848404698588,10130679156476,3115494807,169,8
37,40,60000000000,1.000000,94033198018411,11988049058466,10130679156476,3115494807,169,8
37,45,60000000000,1.000000,90316886512016,12427912017194,10130679156476,3115494807,169,8
37,50,60000000000,1.000000,90458611333411,12286187195799,10130679156476,3115494807,169,8
37,55,60000000000,1.000000,90536136179814,12208662349396,10130679156476,3115494807,169,8
37,60,60000000000,1.000000,90626636351496,12118162177714,10130679156476,3115494807,169,8
37,65,60000000000,1.000000,90741079799558,12003718729652,10130679156476,3115494807,169,8
37,70,60000000000,1.000000,90849319955230,11895478573980,10130679156476,3115494807,169,8
37,75,60000000000,1.000000,90943956249150,11800842280060,10130679156476,3115494807,169,8
37,80,60000000000,1.000000,91036979074454,11707819454756,10130679156476,3115494807,169,8
37,85,60000000000,1.000000,91115751652134,11629046877076,10130679156476,3115494807,169,8
37,90,60000000000,1.000000,91251156875358,11493641653852,10130679156476,3115494807,169,8
37,95,60000000000,1.000000,91328255918686,11416542610524,10130679156476,3115494807,169,8
37,100,60000000000,1.000000,91413103753726,11331694775484,10130679156476,3115494807,169,8
37,105,60000000000,1.000000,91520270387542,11224528141668,10130679156476,3115494807,169,8
37,110,60000000000,1.000000,91621484411358,11123314117852,10130679156476,3115494807,169,8
37,115,60000000000,1.000000,91709977632934,11034820896276,10130679156476,3115494807,169,8
37,120,60000000000,1.000000,91796962120110,10947836409100,10130679156476,3115494807,169,8
37,125,60000000000,1.000000,91870621377974,10874177151236,10130679156476,3115494807,169,8
37,130,60000000000,1.000000,91997237118438,10747561410772,10130679156476,3115494807,169,8
37,135,60000000000,1.000000,92069331475246,10675467053964,10130679156476,3115494807,169,8
37,140,60000000000,1.000000,92148671630622,10596126898588,10130679156476,3115494807,169,8
37,145,60000000000,1.000000,92248881817302,10495916711908,10130679156476,3115494807,169,8
37,150,60000000000,1.000000,92343525792358,10401272736852,10130679156476,3115494807,169,8
37,155,60000000000,1.000000,92426274703502,10318523825708,10130679156476,3115494807,169,8
37,160,60000000000,1.000000,92507612815710,10237185713500,10130679156476,3115494807,169,8
37,165,60000000000,1.000000,92576490671830,10168307857380,10130679156476,3115494807,169,8
37,170,60000000000,1.000000,92694887476278,10049911052932,10130679156476,3115494807,169,8
37,175,60000000000,1.000000,92762302012750,9982496516460,10130679156476,3115494807,169,8
37,180,60000000000,1.000000,92836492005574,9908306523636,10130679156476,3115494807,169,8
37,185,60000000000,1.000000,92930197305038,9814601224172,10130679156476,3115494807,169,8
37,190,60000000000,1.000000,93018697709030,9726100820180,10130679156476,3115494807,169,8
37,195,60000000000,1.000000,93096075186894,9648723342316,10130679156476,3115494807,169,8
38,0,60000000000,1.000000,111075505100573,3045395809758,10094016089669,3153725266,0,0
38,5,60000000000,1.000000,111085897673112,3029274444043,10099744882845,3153725266,0,0
38,10,60000000000,1.000000,111110253041379,3004328505681,10100335452940,3153725266,0,0
38,15,60000000000,1.000000,111131898605779,2982682941281,10100335452940,3153725266,0,0
38,20,60000000000,1.000000,111159614937851,2954966609209,10100335452940,3153725266,0,0
38,25,60000000000,1.000000,111182763668779,2931817878281,10100335452940,3153725266,0,0
38,30,72000000000,0.793933,110884160440403,4066847743244,10101951662339,3133719380,35,2
38,35,60000000000,0.625414,105772181456736,13305192191384,10121482871004,2693976823,188,10
38,40,60000000000,0.868350,101162626309841,14891245236643,10121482871004,2693976823,188,10
38,45,60000000000,1.000000,98613856216206,10496060559955,10121482871004,2693976823,188,10
38,50,60000000000,1.000000,98736287992821,10373628783340,10121482871004,2693976823,188,10
38,55,60000000000,1.000000,98778572350952,10331344425209,10121482871004,2693976823,188,10
38,60,60000000000,1.000000,98881529248427,10228387527734,10121482871004,2693976823,188,10
38,65,60000000000,1.000000,98976725539912,10133191236249,10121482871004,2693976823,188,10
38,70,60000000000,1.000000,99045253580200,10064663195961,10121482871004,2693976823,188,10
38,75,60000000000,1.000000,99149090311304,9960826464857,10121482871004,2693976823,188,10
38,80,60000000000,1.000000,99232364455208,9877552320953,10121482871004,2693976823,188,10
38,85,60000000000,1.000000,99293933689992,9815983086169,10121482871004,2693976823,188,10
38,90,60000000000,1.000000,99408900956072,9701015820089,10121482871004,2693976823,188,10
38,95,60000000000,1.000000,99448600701112,9661316075049,10121482871004,2693976823,188,10
38,100,60000000000,1.000000,99545008974832,9564907801329,10121482871004,2693976823,188,10
38,105,60000000000,1.000000,99634495633184,9475421142977,10121482871004,2693976823,188,10
38,110,60000000000,1.000000,99698575351664,9411341424497,10121482871004,2693976823,188,10
38,115,60000000000,1.000000,99795671787720,9314244988441,10121482871004,2693976823,188,10
38,120,60000000000,1.000000,99873540404152,9236376372009,10121482871004,2693976823,188,10
38,125,60000000000,1.000000,99931113029936,9178803746225,10121482871004,2693976823,188,10
38,130,60000000000,1.000000,100038617490920,9071299285241,10121482871004,2693976823,188,10
38,135,60000000000,1.000000,100075740228888,9034176547273,10121482871004,2693976823,188,10
38,140,60000000000,1.000000,100165890406744,8944026369417,10121482871004,2693976823,188,10
38,145,60000000000,1.000000,100249568268192,8860348507969,10121482871004,2693976823,188,10
38,150,60000000000,1.000000,100309488416008,8800428360153,10121482871004,2693976823,188,10
38,155,60000000000,1.000000,100400282086096,8709634690065,10121482871004,2693976823,188,10
38,160,60000000000,1.000000,100473096061184,8636820714977,10121482871004,2693976823,188,10
38,165,60000000000,1.000000,100526931507800,8582985268361,10121482871004,2693976823,188,10
38,170,60000000000,1.000000,100627457592352,8482459183809,10121482871004,2693976823,188,10
38,175,60000000000,1.000000,100662170602960,8447746173201,10121482871004,2693976823,188,10
38,180,60000000000,1.000000,100746468913096,8363447863065,10121482871004,2693976823,188,10
38,185,60000000000,1.000000,100824715040760,8285201735401,10121482871004,2693976823,188,10
38,190,60000000000,1.000000,100880745625944,8229171150217,10121482871004,2693976823,188,10
38,195,60000000000,1.000000,100965645657656,8144271118505,10121482871004,2693976823,188,10
39,0,60000000000,1.000000,103741064980691,2954464684445,10085151334864,3021185514,0,0
39,5,60000000000,1.000000,103748607483222,2942061304838,10090012211940,3021185514,0,0
39,10,60000000000,1.000000,103775472755212,2913826959253,10091381285535,3021185514,0,0
39,15,60000000000,1.000000,103795444633648,2893825541117,10091410825235,3021185514,0,0
39,20,60000000000,1.000000,103821609694048,2867660480717,10091410825235,3021185514,0,0
39,25,60000000000,1.000000,103846963607536,2842306567229,10091410825235,3021185514,0,0
39,30,72000000000,0.592477,103316977729531,5684182202094,10095955782145,2982200015,35,1
39,35,60000000000,0.460548,99909087861285,14670290485444,10115213124451,2717881731,180,8
39,40,60000000000,1.000000,94001906393749,12619137497988,10115213124451,2717881731,180,8
39,45,60000000000,1.000000,91456120759508,11898194056060,10115213124451,2717881731,180,8
39,50,60000000000,1.000000,91600522545246,11753792270322,10115213124451,2717881731,180,8
39,55,60000000000,1.000000,91640734963040,11713579852528,10115213124451,2717881731,180,8
39,60,60000000000,1.000000,91763753859392,11590560956176,10115213124451,2717881731,180,8
39,65,60000000000,1.000000,91881659861909,11472654953659,10115213124451,2717881731,180,8
39,70,60000000000,1.000000,91939270976397,11415043839171,10115213124451,2717881731,180,8
39,75,60000000000,1.000000,92069284942037,11285029873531,10115213124451,2717881731,180,8
39,80,60000000000,1.000000,92163949349565,11190365466003,10115213124451,2717881731,180,8
39,85,60000000000,1.000000,92225482511229,11128832304339,10115213124451,2717881731,180,8
39,90,60000000000,1.000000,92362600786501,10991714029067,10115213124451,2717881731,180,8
39,95,60000000000,1.000000,92401032702509,10953282113059,10115213124451,2717881731,180,8
39,100,60000000000,1.000000,92516125367885,10838189447683,10115213124451,2717881731,180,8
39,105,60000000000,1.000000,92626377806909,10727937008659,10115213124451,2717881731,180,8
39,110,60000000000,1.000000,92680249243861,10674065571707,10115213124451,2717881731,180,8
39,115,60000000000,1.000000,92801823686461,10552491129107,10115213124451,2717881731,180,8
39,120,60000000000,1.000000,92890343196549,10463971619019,10115213124451,2717881731,180,8
39,125,60000000000,1.000000,92947882090805,10406432724763,10115213124451,2717881731,180,8
39,130,60000000000,1.000000,93076099684877,10278215130691,10115213124451,2717881731,180,8
39,135,60000000000,1.000000,93112036891613,10242277923955,10115213124451,2717881731,180,8
39,140,60000000000,1.000000,93219658611813,10134656203755,10115213124451,2717881731,180,8
39,145,60000000000,1.000000,93322754296509,10031560519059,10115213124451,2717881731,180,8
39,150,60000000000,1.000000,93373128807221,9981186008347,10115213124451,2717881731,180,8
39,155,60000000000,1.000000,93486811556725,9867503258843,10115213124451,2717881731,180,8
39,160,60000000000,1.000000,93569585049989,9784729765579,10115213124451,2717881731,180,8
39,165,60000000000,1.000000,93623388954581,9730925860987,10115213124451,2717881731,180,8
39,170,60000000000,1.000000,93743283632533,9611031183035,10115213124451,2717881731,180,8
39,175,60000000000,1.000000,93776888067653,9577426747915,10115213124451,2717881731,180,8
39,180,60000000000,1.000000,93877523799885,9476791015683,10115213124451,2717881731,180,8
39,185,60000000000,1.000000,93973927292725,9380387522843,10115213124451,2717881731,180,8
39,190,60000000000,1.000000,94021031871189,9333282944379,10115213124451,2717881731,180,8
39,195,60000000000,1.000000,94127335196525,9226979619043,10115213124451,2717881731,180,8
40,0,60000000000,1.000000,102251451524933,3067410584529,10096084890538,3674935170,0,0
40,5,60000000000,1.000000,102261189411628,3051920569742,10101837018630,3674935170,0,0
40,10,60000000000,1.000000,102285131531179,3027300187772,10102515281049,3674935170,0,0
40,15,60000000000,1.000000,102307486513011,3004935106540,10102525380449,3674935170,0,0
40,20,60000000000,1.000000,102335287443835,2977134175716,10102525380449,3674935170,0,0
40,25,60000000000,1.000000,102359306239835,2953115379716,10102525380449,3674935170,0,0
40,30,72000000000,0.716574,101810958772607,4881759099543,10105845000840,3622208950,39,1
40,35,60000000000,0.340883,100311161230949,14622861088095,10119094058262,3516487815,163,7
40,40,60000000000,0.910046,91962862632151,14650891545889,10119094058262,3516487815,163,7
40,45,60000000000,1.000000,90049303725270,13525022350281,10119094058262,3516487815,163,7
40,50,60000000000,1.000000,90141952216258,13432373859293,10119094058262,3516487815,163,7
40,55,60000000000,1.000000,90180891496709,13393434578842,10119094058262,3516487815,163,7
40,60,60000000000,1.000000,90329499327125,13244826748426,10119094058262,3516487815,163,7
40,65,60000000000,1.000000,90484454595421,13089871480130,10119094058262,3516487815,163,7
40,70,60000000000,1.000000,90531166458005,13043159617546,10119094058262,3516487815,163,7
40,75,60000000000,1.000000,90677600364981,12896725710570,10119094058262,3516487815,163,7
40,80,60000000000,1.000000,90806434899645,12767891175906,10119094058262,3516487815,163,7
40,85,60000000000,1.000000,90860546801669,12713779273882,10119094058262,3516487815,163,7
40,90,60000000000,1.000000,91013176553285,12561149522266,10119094058262,3516487815,163,7
40,95,60000000000,1.000000,91050291925541,12524034150010,10119094058262,3516487815,163,7
40,100,60000000000,1.000000,91189253259189,12385072816362,10119094058262,3516487815,163,7
40,105,60000000000,1.000000,91334150003805,12240176071746,10119094058262,3516487815,163,7
40,110,60000000000,1.000000,91377829685621,12196496389930,10119094058262,3516487815,163,7
40,115,60000000000,1.000000,91514758211037,12059567864514,10119094058262,3516487815,163,7
40,120,60000000000,1.000000,91635229782181,11939096293370,10119094058262,3516487815,163,7
40,125,60000000000,1.000000,91685829148893,11888496926658,10119094058262,3516487815,163,7
40,130,60000000000,1.000000,91828551331677,11745774743874,10119094058262,3516487815,163,7
40,135,60000000000,1.000000,91863257454725,11711068620826,10119094058262,3516487815,163,7
40,140,60000000000,1.000000,91993198469861,11581127605690,10119094058262,3516487815,163,7
40,145,60000000000,1.000000,92128689613957,11445636461594,10119094058262,3516487815,163,7
40,150,60000000000,1.000000,92169533941269,11404792134282,10119094058262,3516487815,163,7
40,155,60000000000,1.000000,92297574102765,11276751972786,10119094058262,3516487815,163,7
40,160,60000000000,1.000000,92410225570949,11164100504602,10119094058262,3516487815,163,7
40,165,60000000000,1.000000,92457540409333,11116785666218,10119094058262,3516487815,163,7
40,170,60000000000,1.000000,92590998147693,10983327927858,10119094058262,3516487815,163,7
40,175,60000000000,1.000000,92623451411781,10950874663770,10119094058262,3516487815,163,7
40,180,60000000000,1.000000,92744957639261,10829368436290,10119094058262,3516487815,163,7
40,185,60000000000,1.000000,92871653723365,10702672352186,10119094058262,3516487815,163,7
40,190,60000000000,1.000000,92909846745789,10664479329762,10119094058262,3516487815,163,7
40,195,60000000000,1.000000,93029575508621,10544750566930,10119094058262,3516487815,163,7
41,0,60000000000,1.000000,94892963269836,2986527408404,10083064321760,2746719586,0,0
41,5,60000000000,1.000000,94901019439481,2972348188723,10089187371796,2746719586,0,0
41,10,60000000000,1.000000,94926041178772,2946353511380,10090160309848,2746719586,0,0
41,15,60000000000,1.000000,94947654844692,2924739845460,10090160309848,2746719586,0,0
41,20,60000000000,1.000000,94974785493300,2897609196852,10090160309848,2746719586,0,0
41,25,60000000000,1.000000,94996995660716,2875399029436,10090160309848,2746719586,0,0
41,30,72000000000,0.492106,94631190525105,6579731108662,10093438850728,2717723855,38,0
41,35,60000000000,0.638971,88130807127441,15144168739865,10155065702195,2199871248,181,9
41,40,60000000000,0.928004,85336197725154,13438828312695,10155065702195,2199871248,181,9
41,45,60000000000,1.000000,83680654014532,8502615003047,10155065702195,2199871248,181,9
41,50,60000000000,1.000000,83842761383244,8340507634335,10155065702195,2199871248,181,9
41,55,60000000000,1.000000,83890090071267,8293178946312,10155065702195,2199871248,181,9
41,60,60000000000,1.000000,83960876878376,8222392139203,10155065702195,2199871248,181,9
41,65,60000000000,1.000000,84048733042582,8134535974997,10155065702195,2199871248,181,9
41,70,60000000000,1.000000,84091212792102,8092056225477,10155065702195,2199871248,181,9
41,75,60000000000,1.000000,84175430055814,8007838961765,10155065702195,2199871248,181,9
41,80,60000000000,1.000000,84246161350014,7937107667565,10155065702195,2199871248,181,9
41,85,60000000000,1.000000,84293978861974,7889290155605,10155065702195,2199871248,181,9
41,90,60000000000,1.000000,84382951638854,7800317378725,10155065702195,2199871248,181,9
41,95,60000000000,1.000000,84428362018094,7754906999485,10155065702195,2199871248,181,9
41,100,60000000000,1.000000,84494605374590,7688663642989,10155065702195,2199871248,181,9
41,105,60000000000,1.000000,84576765556422,7606503461157,10155065702195,2199871248,181,9
41,110,60000000000,1.000000,84616487842006,7566781175573,10155065702195,2199871248,181,9
41,115,60000000000,1.000000,84695238357990,7488030659589,10155065702195,2199871248,181,9
41,120,60000000000,1.000000,84761378311878,7421890705701,10155065702195,2199871248,181,9
41,125,60000000000,1.000000,84806091872598,7377177144981,10155065702195,2199871248,181,9
41,130,60000000000,1.000000,84889289210046,7293979807533,10155065702195,2199871248,181,9
41,135,60000000000,1.000000,84931751890958,7251517126621,10155065702195,2199871248,181,9
41,140,60000000000,1.000000,84993695229830,7189573787749,10155065702195,2199871248,181,9
41,145,60000000000,1.000000,85070522194294,7112746823285,10155065702195,2199871248,181,9
41,150,60000000000,1.000000,85107666009582,7075603007997,10155065702195,2199871248,181,9
41,155,60000000000,1.000000,85181304637838,7001964379741,10155065702195,2199871248,181,9
41,160,60000000000,1.000000,85243151286134,6940117731445,10155065702195,2199871248,181,9
41,165,60000000000,1.000000,85284962380950,6898306636629,10155065702195,2199871248,181,9
41,170,60000000000,1.000000,85362759176710,6820509840869,10155065702195,2199871248,181,9
41,175,60000000000,1.000000,85402465501598,6780803515981,10155065702195,2199871248,181,9
41,180,60000000000,1.000000,85460387947542,6722881070037,10155065702195,2199871248,181,9
41,185,60000000000,1.000000,85532227886590,6651041130989,10155065702195,2199871248,181,9
41,190,60000000000,1.000000,85566960606270,6616308411309,10155065702195,2199871248,181,9
41,195,60000000000,1.000000,85635819171974,6547449845605,10155065702195,2199871248,181,9
42,0,60000000000,1.000000,108347160172236,3057462471045,10106705356719,3740884308,0,0
42,5,60000000000,1.000000,108355252866980,3043702224922,10112372908098,3740884308,0,0
42,10,60000000000,1.000000,108379093313663,3018501728469,10113732957868,3740884308,0,0
42,15,60000000000,1.000000,108406192434511,2991402607621,10113732957868,3740884308,0,0
42,20,60000000000,1.000000,108428466072967,2969128969165,10113732957868,3740884308,0,0
42,25,60000000000,1.000000,108455885631967,2941709410165,10113732957868,3740884308,0,0
42,30,72000000000,1.000000,104467020468849,6279296424165,10117673809828,3413816594,32,0
42,35,60000000000,0.780298,98200696910396,16883241402374,10136676192143,2837523411,171,5
42,40,60000000000,1.000000,96674750940901,9286924013223,10136676192143,2837523411,171,5
42,45,60000000000,1.000000,94972594606160,6574354981447,10136676192143,2837523411,171,5
42,50,60000000000,1.000000,95116225602973,6430723984634,10136676192143,2837523411,171,5
42,55,60000000000,1.000000,95154609932457,6392339655150,10136676192143,2837523411,171,5
42,60,60000000000,1.000000,95210563725962,6336385861645,10136676192143,2837523411,171,5
42,65,60000000000,1.000000,95274804552876,6272145034731,10136676192143,2837523411,171,5
42,70,60000000000,1.000000,95314642237244,6232307350363,10136676192143,2837523411,171,5
42,75,60000000000,1.000000,95373181787476,6173767800131,10136676192143,2837523411,171,5
42,80,60000000000,1.000000,95421077337500,6125872250107,10136676192143,2837523411,171,5
42,85,60000000000,1.000000,95467241513636,6079708073971,10136676192143,2837523411,171,5
42,90,60000000000,1.000000,95532614878516,6014334709091,10136676192143,2837523411,171,5
42,95,60000000000,1.000000,95569365517332,5977584070275,10136676192143,2837523411,171,5
42,100,60000000000,1.000000,95621786391676,5925163195931,10136676192143,2837523411,171,5
42,105,60000000000,1.000000,95681944735396,5865004852211,10136676192143,2837523411,171,5
42,110,60000000000,1.000000,95719196458484,5827753129123,10136676192143,2837523411,171,5
42,115,60000000000,1.000000,95773936063988,5773013523619,10136676192143,2837523411,171,5
42,120,60000000000,1.000000,95818722597332,5728226990275,10136676192143,2837523411,171,5
42,125,60000000000,1.000000,95861890144276,5685059443331,10136676192143,2837523411,171,5
42,130,60000000000,1.000000,95923019964956,5623929622651,10136676192143,2837523411,171,5
42,135,60000000000,1.000000,95957385030412,5589564557195,10136676192143,2837523411,171,5
42,140,60000000000,1.000000,96006403138148,5540546449459,10136676192143,2837523411,171,5
42,145,60000000000,1.000000,96062656457420,5484293130187,10136676192143,2837523411,171,5
42,150,60000000000,1.000000,96097490080460,5449459507147,10136676192143,2837523411,171,5
42,155,60000000000,1.000000,96148676404924,5398273182683,10136676192143,2837523411,171,5
42,160,60000000000,1.000000,96190555735204,5356393852403,10136676192143,2837523411,171,5
42,165,60000000000,1.000000,96230921171580,5316028416027,10136676192143,2837523411,171,5
42,170,60000000000,1.000000,96288082906660,5258866680947,10136676192143,2837523411,171,5
42,175,60000000000,1.000000,96320217252036,5226732335571,10136676192143,2837523411,171,5
42,180,60000000000,1.000000,96366053474988,5180896112619,10136676192143,2837523411,171,5
42,185,60000000000,1.000000,96418655254364,5128294333243,10136676192143,2837523411,171,5
42,190,60000000000,1.000000,96451227742228,5095721845379,10136676192143,2837523411,171,5
42,195,60000000000,1.000000,96499091437820,5047858149787,10136676192143,2837523411,171,5
43,0,60000000000,1.000000,105889437080063,2997742859496,10097183060441,3877667524,0,0
43,5,60000000000,1.000000,105898015424881,2983200729863,10103146845256,3877667524,0,0
43,10,60000000000,1.000000,105919455037213,2961173286088,10103734676699,3877667524,0,0
43,15,60000000000,1.000000,105946357534685,2934270788616,10103734676699,3877667524,0,0
43,20,60000000000,1.000000,105972929540741,2907698782560,10103734676699,3877667524,0,0
43,25,60000000000,1.000000,105994074453933,2886553869368,10103734676699,3877667524,0,0
43,30,72000000000,1.000000,102579216949318,3820417802372,10152039734681,3733503867,42,2
43,35,60000000000,0.759708,94290023197777,19074371820291,10203384750716,3190917056,188,10
43,40,60000000000,1.000000,91379458308090,12314606912901,10203384750716,3190917056,188,10
43,45,60000000000,1.000000,89494130464920,11486629780741,10203384750716,3190917056,188,10
43,50,60000000000,1.000000,89583427907600,11397332338061,10203384750716,3190917056,188,10
43,55,60000000000,1.000000,89647442039387,11333318206274,10203384750716,3190917056,188,10
43,60,60000000000,1.000000,89745580460762,11235179784899,10203384750716,3190917056,188,10
43,65,60000000000,1.000000,89866069257303,11114690988358,10203384750716,3190917056,188,10
43,70,60000000000,1.000000,89938030063575,11042730182086,10203384750716,3190917056,188,10
43,75,60000000000,1.000000,90037983058199,10942777187462,10203384750716,3190917056,188,10
43,80,60000000000,1.000000,90134236203951,10846524041710,10203384750716,3190917056,188,10
43,85,60000000000,1.000000,90195571983311,10785188262350,10203384750716,3190917056,188,10
43,90,60000000000,1.000000,90322264624247,10658495621414,10203384750716,3190917056,188,10
43,95,60000000000,1.000000,90383064356167,10597695889494,10203384750716,3190917056,188,10
43,100,60000000000,1.000000,90474878555127,10505881690534,10203384750716,3190917056,188,10
43,105,60000000000,1.000000,90587550889287,10393209356374,10203384750716,3190917056,188,10
43,110,60000000000,1.000000,90654840544463,10325919701198,10203384750716,3190917056,188,10
43,115,60000000000,1.000000,90748305347031,10232454898630,10203384750716,3190917056,188,10
43,120,60000000000,1.000000,90838310466615,10142449779046,10203384750716,3190917056,188,10
43,125,60000000000,1.000000,90895664791119,10085095454542,10203384750716,3190917056,188,10
43,130,60000000000,1.000000,91014133504199,9966626741462,10203384750716,3190917056,188,10
43,135,60000000000,1.000000,91070986577367,9909773668294,10203384750716,3190917056,188,10
43,140,60000000000,1.000000,91156840893119,9823919352542,10203384750716,3190917056,188,10
43,145,60000000000,1.000000,91262199391759,9718560853902,10203384750716,3190917056,188,10
43,150,60000000000,1.000000,91325121111535,9655639134126,10203384750716,3190917056,188,10
43,155,60000000000,1.000000,91412518886039,9568241359622,10203384750716,3190917056,188,10
43,160,60000000000,1.000000,91496681554167,9484078691494,10203384750716,3190917056,188,10
43,165,60000000000,1.000000,91550312869887,9430447375774,10203384750716,3190917056,188,10
43,170,60000000000,1.000000,91661091490175,9319668755486,10203384750716,3190917056,188,10
43,175,60000000000,1.000000,91714254091927,9266506153734,10203384750716,3190917056,188,10
43,180,60000000000,1.000000,91794535394967,9186224850694,10203384750716,3190917056,188,10
43,185,60000000000,1.000000,91893054816975,9087705428686,10203384750716,3190917056,188,10
43,190,60000000000,1.000000,91951892134703,9028868110958,10203384750716,3190917056,188,10
43,195,60000000000,1.000000,92033616706911,8947143538750,10203384750716,3190917056,188,10
44,0,60000000000,1.000000,101804346249292,2996064040618,10089323710090,2906086432,0,0
44,5,60000000000,1.000000,101814287332998,2980542728583,10094903938419,2906086432,0,0
44,10,60000000000,1.000000,101836110594967,2958372529617,10095250875416,2906086432,0,0
44,15,60000000000,1.000000,101858605773431,2935877351153,10095250875416,2906086432,0,0
44,20,60000000000,1.000000,101888180875175,2906302249409,10095250875416,2906086432,0,0
44,25,60000000000,1.000000,101909575423863,2884907700721,10095250875416,2906086432,0,0
44,30,72000000000,0.872888,101328736307094,3965238820560,10099789391893,2860147794,41,1
44,35,60000000000,0.445042,97649106786557,15977839431085,10129818549598,2601185446,203,6
44,40,60000000000,0.947709,93627257152463,11746911298232,10129818549598,2601185446,203,6
44,45,60000000000,1.000000,92365824836901,9130194807344,10129818549598,2601185446,203,6
44,50,60000000000,1.000000,92455022103319,9040997540926,10129818549598,2601185446,203,6
44,55,60000000000,1.000000,92507954144989,8988065499256,10129818549598,2601185446,203,6
44,60,60000000000,1.000000,92586149779989,8909869864256,10129818549598,2601185446,203,6
44,65,60000000000,1.000000,92678318892499,8817700751746,10129818549598,2601185446,203,6
44,70,60000000000,1.000000,92737127050139,8758892594106,10129818549598,2601185446,203,6
44,75,60000000000,1.000000,92815868114387,8680151529858,10129818549598,2601185446,203,6
44,80,60000000000,1.000000,92893140791691,8602878852554,10129818549598,2601185446,203,6
44,85,60000000000,1.000000,92945285148035,8550734496210,10129818549598,2601185446,203,6
44,90,60000000000,1.000000,93040652281499,8455367362746,10129818549598,2601185446,203,6
44,95,60000000000,1.000000,93091317151891,8404702492354,10129818549598,2601185446,203,6
44,100,60000000000,1.000000,93164497651147,8331521993098,10129818549598,2601185446,203,6
44,105,60000000000,1.000000,93250697295067,8245322349178,10129818549598,2601185446,203,6
44,110,60000000000,1.000000,93305688072115,8190331572130,10129818549598,2601185446,203,6
44,115,60000000000,1.000000,93379317862011,8116701782234,10129818549598,2601185446,203,6
44,120,60000000000,1.000000,93451574581547,8044445062698,10129818549598,2601185446,203,6
44,125,60000000000,1.000000,93500334120803,7995685523442,10129818549598,2601185446,203,6
44,130,60000000000,1.000000,93589510741499,7906508902746,10129818549598,2601185446,203,6
44,135,60000000000,1.000000,93636886831835,7859132812410,10129818549598,2601185446,203,6
44,140,60000000000,1.000000,93705317006795,7790702637450,10129818549598,2601185446,203,6
44,145,60000000000,1.000000,93785921221787,7710098422458,10129818549598,2601185446,203,6
44,150,60000000000,1.000000,93837342413571,7658677230674,10129818549598,2601185446,203,6
44,155,60000000000,1.000000,93906192714643,7589826929602,10129818549598,2601185446,203,6
44,160,60000000000,1.000000,93973759074603,7522260569642,10129818549598,2601185446,203,6
44,165,60000000000,1.000000,94019353513387,7476666130858,10129818549598,2601185446,203,6
44,170,60000000000,1.000000,94102741462475,7393278181770,10129818549598,2601185446,203,6
44,175,60000000000,1.000000,94147042255259,7348977388986,10129818549598,2601185446,203,6
44,180,60000000000,1.000000,94211030460891,7284989183354,10129818549598,2601185446,203,6
44,185,60000000000,1.000000,94286402460219,7209617184026,10129818549598,2601185446,203,6
44,190,60000000000,1.000000,94334485777307,7161533866938,10129818549598,2601185446,203,6
44,195,60000000000,1.000000,94398866837643,7097152806602,10129818549598,2601185446,203,6
45,0,60000000000,1.000000,100646333360576,2906084452222,10084468187202,2796606522,0,0
45,5,60000000000,1.000000,100653437241612,2893775737561,10089673020827,2796606522,0,0
45,10,60000000000,1.000000,100677211548570,2868626804265,10091047647165,2796606522,0,0
45,15,60000000000,1.000000,100701657724914,2844180627921,10091047647165,2796606522,0,0
45,20,60000000000,1.000000,100723389394850,2822448957985,10091047647165,2796606522,0,0
45,25,60000000000,1.000000,100749056045394,2796782307441,10091047647165,2796606522,0,0
45,30,72000000000,0.890228,100321421145389,3617257410764,10095281658599,2761850430,41,4
45,35,60000000000,0.391296,98321470588284,13281106944862,10118569829007,2653664382,180,7
45,40,60000000000,0.825809,93170942412646,12529991137303,10118569829007,2653664382,180,7
45,45,60000000000,1.000000,90968795021166,10926646802663,10118569829007,2653664382,180,7
45,50,60000000000,1.000000,91064117154364,10831324669465,10118569829007,2653664382,180,7
45,55,60000000000,1.000000,91138038165153,10757403658676,10118569829007,2653664382,180,7
45,60,60000000000,1.000000,91211828374825,10683613449004,10118569829007,2653664382,180,7
45,65,60000000000,1.000000,91330876878225,10564564945604,10118569829007,2653664382,180,7
45,70,60000000000,1.000000,91409232521593,10486209302236,10118569829007,2653664382,180,7
45,75,60000000000,1.000000,91492161139401,10403280684428,10118569829007,2653664382,180,7
45,80,60000000000,1.000000,91591549587385,10303892236444,10118569829007,2653664382,180,7
45,85,60000000000,1.000000,91651082781753,10244359042076,10118569829007,2653664382,180,7
45,90,60000000000,1.000000,91763989996385,10131451827444,10118569829007,2653664382,180,7
45,95,60000000000,1.000000,91836327407617,10059114416212,10118569829007,2653664382,180,7
45,100,60000000000,1.000000,91905327714449,9990114109380,10118569829007,2653664382,180,7
45,105,60000000000,1.000000,92016648489681,9878793334148,10118569829007,2653664382,180,7
45,110,60000000000,1.000000,92089917877441,9805523946388,10118569829007,2653664382,180,7
45,115,60000000000,1.000000,92167463396745,9727978427084,10118569829007,2653664382,180,7
45,120,60000000000,1.000000,92260400298577,9635041525252,10118569829007,2653664382,180,7
45,125,60000000000,1.000000,92316069048409,9579372775420,10118569829007,2653664382,180,7
45,130,60000000000,1.000000,92421647180737,9473794643092,10118569829007,2653664382,180,7
45,135,60000000000,1.000000,92489288994537,9406152829292,10118569829007,2653664382,180,7
45,140,60000000000,1.000000,92553810323513,9341631500316,10118569829007,2653664382,180,7
45,145,60000000000,1.000000,92657904996289,9237536827540,10118569829007,2653664382,180,7
45,150,60000000000,1.000000,92726418289561,9169023534268,10118569829007,2653664382,180,7
45,155,60000000000,1.000000,92798930140457,9096511683372,10118569829007,2653664382,180,7
45,160,60000000000,1.000000,92885834281561,9009607542268,10118569829007,2653664382,180,7
45,165,60000000000,1.000000,92937889437369,8957552386460,10118569829007,2653664382,180,7
45,170,60000000000,1.000000,93036614235857,8858827587972,10118569829007,2653664382,180,7
45,175,60000000000,1.000000,93099865254841,8795576568988,10118569829007,2653664382,180,7
45,180,60000000000,1.000000,93160198347321,8735243476508,10118569829007,2653664382,180,7
45,185,60000000000,1.000000,93257535981361,8637905842468,10118569829007,2653664382,180,7
45,190,60000000000,1.000000,93321601909993,8573839913836,10118569829007,2653664382,180,7
45,195,60000000000,1.000000,93389406840041,8506034983788,10118569829007,2653664382,180,7
46,0,60000000000,1.000000,104619300048755,3151982929742,10105129021503,4433011250,0,0
46,5,60000000000,1.000000,104627351548409,3138752590032,10110307861559,4433011250,0,0
46,10,60000000000,1.000000,104654915904329,3110236454364,10111259641307,4433011250,0,0
46,15,60000000000,1.000000,104675742159417,3089410199276,10111259641307,4433011250,0,0
46,20,60000000000,1.000000,104704677761977,3060474596716,10111259641307,4433011250,0,0
46,25,60000000000,1.000000,104730357698033,3034794660660,10111259641307,4433011250,0,0
46,30,72000000000,0.616574,104113215223994,5908553675750,10120136788524,4385301298,24,1
46,35,60000000000,0.549008,101460420164595,11408078403051,10152868757552,4178325647,177,11
46,40,60000000000,0.967111,86615213676372,21826178370736,10152868757552,4178325647,177,11
46,45,60000000000,1.000000,85016565132891,19837779445680,10152868757552,4178325647,177,11
46,50,60000000000,1.000000,85117066329174,19737278249397,10152868757552,4178325647,177,11
46,55,60000000000,1.000000,85167464958489,19686879620082,10152868757552,4178325647,177,11
46,60,60000000000,1.000000,85387251863246,19467092715325,10152868757552,4178325647,177,11
46,65,60000000000,1.000000,85621500893328,19232843685243,10152868757552,4178325647,177,11
46,70,60000000000,1.000000,85679654486128,19174690092443,10152868757552,4178325647,177,11
46,75,60000000000,1.000000,85899849864008,18954494714563,10152868757552,4178325647,177,11
46,80,60000000000,1.000000,86116695000984,18737649577587,10152868757552,4178325647,177,11
46,85,60000000000,1.000000,86159977359504,18694367219067,10152868757552,4178325647,177,11
46,90,60000000000,1.000000,86397530409936,18456814168635,10152868757552,4178325647,177,11
46,95,60000000000,1.000000,86445131752088,18409212826483,10152868757552,4178325647,177,11
46,100,60000000000,1.000000,86650835925152,18203508653419,10152868757552,4178325647,177,11
46,105,60000000000,1.000000,86869951584544,17984392994027,10152868757552,4178325647,177,11
46,110,60000000000,1.000000,86924330286040,17930014292531,10152868757552,4178325647,177,11
46,115,60000000000,1.000000,87130232245768,17724112332803,10152868757552,4178325647,177,11
46,120,60000000000,1.000000,87333001436912,17521343141659,10152868757552,4178325647,177,11
46,125,60000000000,1.000000,87373474232168,17480870346403,10152868757552,4178325647,177,11
46,130,60000000000,1.000000,87595607135496,17258737443075,10152868757552,4178325647,177,11
46,135,60000000000,1.000000,87640118558560,17214226020011,10152868757552,4178325647,177,11
46,140,60000000000,1.000000,87832469972720,17021874605851,10152868757552,4178325647,177,11
46,145,60000000000,1.000000,88037362301176,16816982277395,10152868757552,4178325647,177,11
46,150,60000000000,1.000000,88088211148672,16766133429899,10152868757552,4178325647,177,11
46,155,60000000000,1.000000,88280747510864,16573597067707,10152868757552,4178325647,177,11
46,160,60000000000,1.000000,88470354460056,16383990118515,10152868757552,4178325647,177,11
46,165,60000000000,1.000000,88508200067744,16346144510827,10152868757552,4178325647,177,11
46,170,60000000000,1.000000,88715913783520,16138430795051,10152868757552,4178325647,177,11
46,175,60000000000,1.000000,88757535861752,16096808716819,10152868757552,4178325647,177,11
46,180,60000000000,1.000000,88937401277352,15916943301219,10152868757552,4178325647,177,11
46,185,60000000000,1.000000,89128993545688,15725351032883,10152868757552,4178325647,177,11
46,190,60000000000,1.000000,89176541670640,15677802907931,10152868757552,4178325647,177,11
46,195,60000000000,1.000000,89356580028632,15497764549939,10152868757552,4178325647,177,11
47,0,60000000000,1.000000,107937914289578,3198926839181,10106089871241,3681373136,0,0
47,5,60000000000,1.000000,107950328039868,3180571414073,10112031546059,3681373136,0,0
47,10,60000000000,1.000000,107971589332798,3158756732321,10112584934881,3681373136,0,0
47,15,60000000000,1.000000,107999514427318,3130817422801,10112599149881,3681373136,0,0
47,20,60000000000,1.000000,108023797380326,3106534469793,10112599149881,3681373136,0,0
47,25,60000000000,1.000000,108053359306126,3076972543993,10112599149881,3681373136,0,0
47,30,72000000000,0.740364,107374240745608,5068399270488,10116229927721,3624260887,33,0
47,35,60000000000,0.348914,105096479252654,17242101347010,10130436893514,3434941718,159,4
47,40,60000000000,0.818238,101893061030406,11267425008251,10130436893514,3434941718,159,4
47,45,60000000000,1.000000,96285682064970,12234662754299,10130436893514,3434941718,159,4
47,50,60000000000,1.000000,96412877786223,12107467033046,10130436893514,3434941718,159,4
47,55,60000000000,1.000000,96469578588437,12050766230832,10130436893514,3434941718,159,4
47,60,60000000000,1.000000,96584155859385,11936188959884,10130436893514,3434941718,159,4
47,65,60000000000,1.000000,96709411929577,11810932889692,10130436893514,3434941718,159,4
47,70,60000000000,1.000000,96783928276665,11736416542604,10130436893514,3434941718,159,4
47,75,60000000000,1.000000,96895867916369,11624476902900,10130436893514,3434941718,159,4
47,80,60000000000,1.000000,96965232467729,11555112351540,10130436893514,3434941718,159,4
47,85,60000000000,1.000000,97063470710865,11456874108404,10130436893514,3434941718,159,4
47,90,60000000000,1.000000,97198019802529,11322325016740,10130436893514,3434941718,159,4
47,95,60000000000,1.000000,97251815081545,11268529737724,10130436893514,3434941718,159,4
47,100,60000000000,1.000000,97358958218049,11161386601220,10130436893514,3434941718,159,4
47,105,60000000000,1.000000,97476088318681,11044256500588,10130436893514,3434941718,159,4
47,110,60000000000,1.000000,97545767628241,10974577191028,10130436893514,3434941718,159,4
47,115,60000000000,1.000000,97650440993305,10869903825964,10130436893514,3434941718,159,4
47,120,60000000000,1.000000,97715302922913,10805041896356,10130436893514,3434941718,159,4
47,125,60000000000,1.000000,97807164282489,10713180536780,10130436893514,3434941718,159,4
47,130,60000000000,1.000000,97932979465041,10587365354228,10130436893514,3434941718,159,4
47,135,60000000000,1.000000,97983282761361,10537062057908,10130436893514,3434941718,159,4
47,140,60000000000,1.000000,98083470976025,10436873843244,10130436893514,3434941718,159,4
47,145,60000000000,1.000000,98192997876521,10327346942748,10130436893514,3434941718,159,4
47,150,60000000000,1.000000,98258154132489,10262190686780,10130436893514,3434941718,159,4
47,155,60000000000,1.000000,98356032894689,10164311924580,10130436893514,3434941718,159,4
47,160,60000000000,1.000000,98416684478313,10103660340956,10130436893514,3434941718,159,4
47,165,60000000000,1.000000,98502582893385,10017761925884,10130436893514,3434941718,159,4
47,170,60000000000,1.000000,98620231105961,9900113713308,10130436893514,3434941718,159,4
47,175,60000000000,1.000000,98667269092897,9853075726372,10130436893514,3434941718,159,4
47,180,60000000000,1.000000,98760953846417,9759390972852,10130436893514,3434941718,159,4
47,185,60000000000,1.000000,98863371089161,9656973730108,10130436893514,3434941718,159,4
47,190,60000000000,1.000000,98924297893753,9596046925516,10130436893514,3434941718,159,4
47,195,60000000000,1.000000,99015823107121,9504521712148,10130436893514,3434941718,159,4
48,0,60000000000,1.000000,105894053883309,2974511911459,10085259205232,3207925190,0,0
48,5,60000000000,1.000000,105903814760428,2957928971462,10092081268110,3207925190,0,0
48,10,60000000000,1.000000,105922520792296,2938223906353,10093080301351,3207925190,0,0
48,15,60000000000,1.000000,105949675736368,2911068962281,10093080301351,3207925190,0,0
48,20,60000000000,1.000000,105973793199504,2886951499145,10093080301351,3207925190,0,0
48,25,60000000000,1.000000,105996646336384,2864098362265,10093080301351,3207925190,0,0
48,30,72000000000,0.875830,105319623426913,4035197296876,10100053669581,3154596438,37,2
48,35,60000000000,0.588397,100903463327836,13402599263125,10164307504197,2911370326,191,11
48,40,60000000000,1.000000,96874898822117,11010849715014,10164307504197,2911370326,191,11
48,45,60000000000,1.000000,92938060333992,12410843773902,10164307504197,2911370326,191,11
48,50,60000000000,1.000000,93067155410461,12281748697433,10164307504197,2911370326,191,11
48,55,60000000000,1.000000,93138102403825,12210801704069,10164307504197,2911370326,191,11
48,60,60000000000,1.000000,93240209244161,12108694863733,10164307504197,2911370326,191,11
48,65,60000000000,1.000000,93373404306145,11975499801749,10164307504197,2911370326,191,11
48,70,60000000000,1.000000,93448378016649,11900526091245,10164307504197,2911370326,191,11
48,75,60000000000,1.000000,93553328725201,11795575382693,10164307504197,2911370326,191,11
48,80,60000000000,1.000000,93650430038329,11698474069565,10164307504197,2911370326,191,11
48,85,60000000000,1.000000,93725080153681,11623823954213,10164307504197,2911370326,191,11
48,90,60000000000,1.000000,93861318748665,11487585359229,10164307504197,2911370326,191,11
48,95,60000000000,1.000000,93930735252257,11418168855637,10164307504197,2911370326,191,11
48,100,60000000000,1.000000,94026214088353,11322690019541,10164307504197,2911370326,191,11
48,105,60000000000,1.000000,94150763134433,11198140973461,10164307504197,2911370326,191,11
48,110,60000000000,1.000000,94220870118617,11128033989277,10164307504197,2911370326,191,11
48,115,60000000000,1.000000,94319008221225,11029895886669,10164307504197,2911370326,191,11
48,120,60000000000,1.000000,94409806451657,10939097656237,10164307504197,2911370326,191,11
48,125,60000000000,1.000000,94479610846225,10869293261669,10164307504197,2911370326,191,11
48,130,60000000000,1.000000,94607005862265,10741898245629,10164307504197,2911370326,191,11
48,135,60000000000,1.000000,94671916371465,10676987736429,10164307504197,2911370326,191,11
48,140,60000000000,1.000000,94761197443833,10587706664061,10164307504197,2911370326,191,11
48,145,60000000000,1.000000,94877661708177,10471242399717,10164307504197,2911370326,191,11
48,150,60000000000,1.000000,94943217877321,10405686230573,10164307504197,2911370326,191,11
48,155,60000000000,1.000000,95034985596713,10313918511181,10164307504197,2911370326,191,11
48,160,60000000000,1.000000,95119889892889,10229014215005,10164307504197,2911370326,191,11
48,165,60000000000,1.000000,95185163114313,10163740993581,10164307504197,2911370326,191,11
48,170,60000000000,1.000000,95304288609809,10044615498085,10164307504197,2911370326,191,11
48,175,60000000000,1.000000,95364985619785,9983918488109,10164307504197,2911370326,191,11
48,180,60000000000,1.000000,95448471240345,9900432867549,10164307504197,2911370326,191,11
48,185,60000000000,1.000000,95557375525585,9791528582309,10164307504197,2911370326,191,11
48,190,60000000000,1.000000,95618676284169,9730227823725,10164307504197,2911370326,191,11
48,195,60000000000,1.000000,95704487137369,9644416970525,10164307504197,2911370326,191,11
49,0,60000000000,1.000000,95000444479668,2986281296973,10083122223359,3199994950,0,0
49,5,60000000000,1.000000,95006749832100,2974588672499,10088509495401,3199994950,0,0
49,10,60000000000,1.000000,95033430170731,2947120263670,10089297565599,3199994950,0,0
49,15,60000000000,1.000000,95052517266363,2928033168038,10089297565599,3199994950,0,0
49,20,60000000000,1.000000,95079885916507,2900664517894,10089297565599,3199994950,0,0
49,25,60000000000,1.000000,95104696257675,2875854176726,10089297565599,3199994950,0,0
49,30,72000000000,1.000000,93209529490066,3511176600484,10096874887719,3020958558,47,0
49,35,60000000000,0.629855,88066849647981,15670035377711,10133146926292,2633258444,189,5
49,40,60000000000,1.000000,82255790798479,12292264102739,10133146926292,2633258444,189,5
49,45,60000000000,1.000000,80372408328401,11515848639115,10133146926292,2633258444,189,5
49,50,60000000000,1.000000,80528162379097,11360094588419,10133146926292,2633258444,189,5
49,55,60000000000,1.000000,80606450151019,11281806816497,10133146926292,2633258444,189,5
49,60,60000000000,1.000000,80684694117317,11203562850199,10133146926292,2633258444,189,5
49,65,60000000000,1.000000,80801612870849,11086644096667,10133146926292,2633258444,189,5
49,70,60000000000,1.000000,80895450575153,10992806392363,10133146926292,2633258444,189,5
49,75,60000000000,1.000000,80978132663105,10910124304411,10133146926292,2633258444,189,5
49,80,60000000000,1.000000,81082329806329,10805927161187,10133146926292,2633258444,189,5
49,85,60000000000,1.000000,81130963237561,10757293729955,10133146926292,2633258444,189,5
49,90,60000000000,1.000000,81264646376633,10623610590883,10133146926292,2633258444,189,5
49,95,60000000000,1.000000,81338745507673,10549511459843,10133146926292,2633258444,189,5
49,100,60000000000,1.000000,81411942488953,10476314478563,10133146926292,2633258444,189,5
49,105,60000000000,1.000000,81521273911385,10366983056131,10133146926292,2633258444,189,5
49,110,60000000000,1.000000,81609020381801,10279236585715,10133146926292,2633258444,189,5
49,115,60000000000,1.000000,81686335374033,10201921593483,10133146926292,2633258444,189,5
49,120,60000000000,1.000000,81783768827009,10104488140507,10133146926292,2633258444,189,5
49,125,60000000000,1.000000,81829245343689,10059011623827,10133146926292,2633258444,189,5
49,130,60000000000,1.000000,81954250784753,9934006182763,10133146926292,2633258444,189,5
49,135,60000000000,1.000000,82023539960681,9864717006835,10133146926292,2633258444,189,5
49,140,60000000000,1.000000,82091985547601,9796271419915,10133146926292,2633258444,189,5
49,145,60000000000,1.000000,82194220001129,9694036966387,10133146926292,2633258444,189,5
49,150,60000000000,1.000000,82276270634449,9611986333067,10133146926292,2633258444,189,5
49,155,60000000000,1.000000,82348566922313,9539690045203,10133146926292,2633258444,189,5
49,160,60000000000,1.000000,82439675732521,9448581234995,10133146926292,2633258444,189,5
49,165,60000000000,1.000000,82482200257857,9406056709659,10133146926292,2633258444,189,5
49,170,60000000000,1.000000,82599091291305,9289165676211,10133146926292,2633258444,189,5
49,175,60000000000,1.000000,82663882738121,9224374229395,10133146926292,2633258444,189,5
49,180,60000000000,1.000000,82727885355329,9160371612187,10133146926292,2633258444,189,5
49,185,60000000000,1.000000,82823483521457,9064773446059,10133146926292,2633258444,189,5
49,190,60000000000,1.000000,82900208048201,8988048919315,10133146926292,2633258444,189,5
49,195,60000000000,1.000000,82967811408049,8920445559467,10133146926292,2633258444,189,5
50,0,60000000000,1.000000,114782903455095,3229006396131,10114123148774,4429781242,0,0
50,5,60000000000,1.000000,114793155759480,3212605449326,10120271791194,4429781242,0,0
50,10,60000000000,1.000000,114817837570622,3187261531281,10120933898097,4429781242,0,0
50,15,60000000000,1.000000,114841438497733,3163635929609,10120958572658,4429781242,0,0
50,20,60000000000,1.000000,114873831283653,3131243143689,10120958572658,4429781242,0,0
50,25,60000000000,1.000000,114895940278869,3109134148473,10120958572658,4429781242,0,0
50,30,72000000000,0.662734,114745534259254,4916120949119,10122417400672,4414815427,18,1
50,35,60000000000,0.701332,111066777453124,9851336515829,10150194206549,4132075942,153,14
50,40,60000000000,1.000000,98644830689773,18872596110858,10150194206549,4132075942,153,14
50,45,60000000000,1.000000,96476980881074,18169904622322,10150194206549,4132075942,153,14
50,50,60000000000,1.000000,96542624132345,18104261371051,10150194206549,4132075942,153,14
50,55,60000000000,1.000000,96602070403206,18044815100190,10150194206549,4132075942,153,14
50,60,60000000000,1.000000,96796510188654,17850375314742,10150194206549,4132075942,153,14
50,65,60000000000,1.000000,97000057319169,17646828184227,10150194206549,4132075942,153,14
50,70,60000000000,1.000000,97074290417457,17572595085939,10150194206549,4132075942,153,14
50,75,60000000000,1.000000,97263769488673,17383116014723,10150194206549,4132075942,153,14
50,80,60000000000,1.000000,97450775294409,17196110208987,10150194206549,4132075942,153,14
50,85,60000000000,1.000000,97505160284025,17141725219371,10150194206549,4132075942,153,14
50,90,60000000000,1.000000,97717068580145,16929816923251,10150194206549,4132075942,153,14
50,95,60000000000,1.000000,97773402883641,16873482619755,10150194206549,4132075942,153,14
50,100,60000000000,1.000000,97955221108617,16691664394779,10150194206549,4132075942,153,14
50,105,60000000000,1.000000,98145555882369,16501329621027,10150194206549,4132075942,153,14
50,110,60000000000,1.000000,98214970329505,16431915173891,10150194206549,4132075942,153,14
50,115,60000000000,1.000000,98392149852897,16254735650499,10150194206549,4132075942,153,14
50,120,60000000000,1.000000,98567016656425,16079868846971,10150194206549,4132075942,153,14
50,125,60000000000,1.000000,98617871383945,16029014119451,10150194206549,4132075942,153,14
50,130,60000000000,1.000000,98816024196641,15830861306755,10150194206549,4132075942,153,14
50,135,60000000000,1.000000,98868701703289,15778183800107,10150194206549,4132075942,153,14
50,140,60000000000,1.000000,99038717664465,15608167838931,10150194206549,4132075942,153,14
50,145,60000000000,1.000000,99216697344441,15430188158955,10150194206549,4132075942,153,14
50,150,60000000000,1.000000,99281605930801,15365279572595,10150194206549,4132075942,153,14
50,155,60000000000,1.000000,99447284299945,15199601203451,10150194206549,4132075942,153,14
50,160,60000000000,1.000000,99610800073497,15036085429899,10150194206549,4132075942,153,14
50,165,60000000000,1.000000,99658353696833,14988531806563,10150194206549,4132075942,153,14
50,170,60000000000,1.000000,99843643927849,14803241575547,10150194206549,4132075942,153,14
50,175,60000000000,1.000000,99892902009097,14753983494299,10150194206549,4132075942,153,14
50,180,60000000000,1.000000,100051881820377,14595003683019,10150194206549,4132075942,153,14
50,185,60000000000,1.000000,100218308406033,14428577097363,10150194206549,4132075942,153,14
50,190,60000000000,1.000000,100279003617841,14367881885555,10150194206549,4132075942,153,14
50,195,60000000000,1.000000,100433927400633,14212958102763,10150194206549,4132075942,153,14
51,0,60000000000,1.000000,108679865190498,2985623691852,10102576117650,3582899546,0,0
51,5,60000000000,1.000000,108689659002686,2970910626244,10107495371070,3582899546,0,0
51,10,60000000000,1.000000,108713125288140,2946579621366,10108360090494,3582899546,0,0
51,15,60000000000,1.000000,108736001827172,2923703082334,10108360090494,3582899546,0,0
51,20,60000000000,1.000000,108762685184196,2897019725310,10108360090494,3582899546,0,0
51,25,60000000000,1.000000,108787956347716,2871748561790,10108360090494,3582899546,0,0
51,30,72000000000,0.714931,108006972872610,5101705304722,10113726500716,3524795675,31,1
51,35,60000000000,0.573187,100484486708559,19304617128863,10218418725714,3169288076,170,5
51,40,60000000000,0.894276,95382513160110,18078453438949,10218418725714,3169288076,170,5
51,45,60000000000,1.000000,94193742960710,12564604192205,10218418725714,3169288076,170,5
51,50,60000000000,1.000000,94347257393777,12411089759138,10218418725714,3169288076,170,5
51,55,60000000000,1.000000,94382299504191,12376047648724,10218418725714,3169288076,170,5
51,60,60000000000,1.000000,94522910159850,12235436993065,10218418725714,3169288076,170,5
51,65,60000000000,1.000000,94665405224356,12092941928559,10218418725714,3169288076,170,5
51,70,60000000000,1.000000,94704554286156,12053792866759,10218418725714,3169288076,170,5
51,75,60000000000,1.000000,94839921554604,11918425598311,10218418725714,3169288076,170,5
51,80,60000000000,1.000000,94957323822996,11801023329919,10218418725714,3169288076,170,5
51,85,60000000000,1.000000,95009589587716,11748757565199,10218418725714,3169288076,170,5
51,90,60000000000,1.000000,95152268569732,11606078583183,10218418725714,3169288076,170,5
51,95,60000000000,1.000000,95185609322524,11572737830391,10218418725714,3169288076,170,5
51,100,60000000000,1.000000,95317098318092,11441248834823,10218418725714,3169288076,170,5
51,105,60000000000,1.000000,95450387507028,11307959645887,10218418725714,3169288076,170,5
51,110,60000000000,1.000000,95486995307660,11271351845255,10218418725714,3169288076,170,5
51,115,60000000000,1.000000,95613575557100,11144771595815,10218418725714,3169288076,170,5
51,120,60000000000,1.000000,95723356958348,11034990194567,10218418725714,3169288076,170,5
51,125,60000000000,1.000000,95772230024916,10986117127999,10218418725714,3169288076,170,5
51,130,60000000000,1.000000,95905647366756,10852699786159,10218418725714,3169288076,170,5
51,135,60000000000,1.000000,95936823889956,10821523262959,10218418725714,3169288076,170,5
51,140,60000000000,1.000000,96059777614628,10698569538287,10218418725714,3169288076,170,5
51,145,60000000000,1.000000,96184414677908,10573932475007,10218418725714,3169288076,170,5
51,150,60000000000,1.000000,96218646177260,10539700975655,10218418725714,3169288076,170,5
51,155,60000000000,1.000000,96337009794420,10421337358495,10218418725714,3169288076,170,5
51,160,60000000000,1.000000,96439665017676,10318682135239,10218418725714,3169288076,170,5
51,165,60000000000,1.000000,96485365614476,10272981538439,10218418725714,3169288076,170,5
51,170,60000000000,1.000000,96610122511748,10148224641167,10218418725714,3169288076,170,5
51,175,60000000000,1.000000,96639275290932,10119071861983,10218418725714,3169288076,170,5
51,180,60000000000,1.000000,96754247790044,10004099362871,10218418725714,3169288076,170,5
51,185,60000000000,1.000000,96870794357884,9887552795031,10218418725714,3169288076,170,5
51,190,60000000000,1.000000,96902803807292,9855543345623,10218418725714,3169288076,170,5
51,195,60000000000,1.000000,97013484153868,9744862999047,10218418725714,3169288076,170,5
52,0,60000000000,1.000000,119477976423165,3100986192022,10108639384813,3621634674,0,0
52,5,60000000000,1.000000,119488906867156,3084176456014,10114518676830,3621634674,0,0
52,10,60000000000,1.000000,119511699669420,3060842082652,10115060247928,3621634674,0,0
52,15,60000000000,1.000000,119536172205764,3036369546308,10115060247928,3621634674,0,0
52,20,60000000000,1.000000,119562767734844,3009774017228,10115060247928,3621634674,0,0
52,25,60000000000,1.000000,119586995430100,2985546321972,10115060247928,3621634674,0,0
52,30,72000000000,0.488270,119131491040097,7042535004640,10117451012849,3579838646,31,2
52,35,60000000000,0.418482,115050203782909,17861947795143,10162493967137,3288339963,176,9
52,40,60000000000,0.919353,106695251862955,17218476356981,10162493967137,3288339963,176,9
52,45,60000000000,1.000000,104479694688211,14357534448741,10162493967137,3288339963,176,9
52,50,60000000000,1.000000,104617495133488,14219734003464,10162493967137,3288339963,176,9
52,55,60000000000,1.000000,104728192711159,14109036425793,10162493967137,3288339963,176,9
52,60,60000000000,1.000000,104817202569088,14020026567864,10162493967137,3288339963,176,9
52,65,60000000000,1.000000,104973271522341,13863957614611,10162493967137,3288339963,176,9
52,70,60000000000,1.000000,105073637688685,13763591448267,10162493967137,3288339963,176,9
52,75,60000000000,1.000000,105181932656293,13655296480659,10162493967137,3288339963,176,9
52,80,60000000000,1.000000,105318949836677,13518279300275,10162493967137,3288339963,176,9
52,85,60000000000,1.000000,105377409367877,13459819769075,10162493967137,3288339963,176,9
52,90,60000000000,1.000000,105539250128437,13297979008515,10162493967137,3288339963,176,9
52,95,60000000000,1.000000,105644036852997,13193192283955,10162493967137,3288339963,176,9
52,100,60000000000,1.000000,105727271499453,13109957637499,10162493967137,3288339963,176,9
52,105,60000000000,1.000000,105873214745269,12964014391683,10162493967137,3288339963,176,9
52,110,60000000000,1.000000,105967065899285,12870163237667,10162493967137,3288339963,176,9
52,115,60000000000,1.000000,106068331176813,12768897960139,10162493967137,3288339963,176,9
52,120,60000000000,1.000000,106196454238261,12640774898691,10162493967137,3288339963,176,9
52,125,60000000000,1.000000,106251119018941,12586110118011,10162493967137,3288339963,176,9
52,130,60000000000,1.000000,106402454301621,12434774835331,10162493967137,3288339963,176,9
52,135,60000000000,1.000000,106500439064685,12336790072267,10162493967137,3288339963,176,9
52,140,60000000000,1.000000,106578270747629,12258958389323,10162493967137,3288339963,176,9
52,145,60000000000,1.000000,106714740462013,12122488674939,10162493967137,3288339963,176,9
52,150,60000000000,1.000000,106802499509101,12034729627851,10162493967137,3288339963,176,9
52,155,60000000000,1.000000,106897191410965,11940037725987,10162493967137,3288339963,176,9
52,160,60000000000,1.000000,107016997692637,11820231444315,10162493967137,3288339963,176,9
52,165,60000000000,1.000000,107068114049349,11769115087603,10162493967137,3288339963,176,9
52,170,60000000000,1.000000,107209625790293,11627603346659,10162493967137,3288339963,176,9
52,175,60000000000,1.000000,107301250123685,11535979013267,10162493967137,3288339963,176,9
52,180,60000000000,1.000000,107374029562429,11463199574523,10162493967137,3288339963,176,9
52,185,60000000000,1.000000,107501640695389,11335588441563,10162493967137,3288339963,176,9
52,190,60000000000,1.000000,107583703089061,11253526047891,10162493967137,3288339963,176,9
52,195,60000000000,1.000000,107672248308949,11164980828003,10162493967137,3288339963,176,9
53,0,60000000000,1.000000,117885655450075,3082479553308,10107535996617,3712471264,0,0
53,5,60000000000,1.000000,117894772678189,3068599747677,10112298574134,3712471264,0,0
53,10,60000000000,1.000000,117919153201869,3043042078350,10113475719781,3712471264,0,0
53,15,60000000000,1.000000,117942495613729,3019675792342,10113499593929,3712471264,0,0
53,20,60000000000,1.000000,117969294764505,2992876641566,10113499593929,3712471264,0,0
53,25,60000000000,1.000000,117996743090601,2965428315470,10113499593929,3712471264,0,0
53,30,72000000000,0.761566,117529767158654,4499758204634,10119040466622,3679926640,33,3
53,35,60000000000,0.416178,114907946578113,14505810964136,10130726526289,3450567373,169,12
53,40,60000000000,0.850011,110064813035166,12799994227936,10130726526289,3450567373,169,12
53,45,60000000000,1.000000,108264359543847,9923737244584,10130726526289,3450567373,169,12
53,50,60000000000,1.000000,108351952377879,9836144410552,10130726526289,3450567373,169,12
53,55,60000000000,1.000000,108389107291079,9798989497352,10130726526289,3450567373,169,12
53,60,60000000000,1.000000,108491769376566,9696327411865,10130726526289,3450567373,169,12
53,65,60000000000,1.000000,108597988530324,9590108258107,10130726526289,3450567373,169,12
53,70,60000000000,1.000000,108642604139076,9545492649355,10130726526289,3450567373,169,12
53,75,60000000000,1.000000,108744449336852,9443647451579,10130726526289,3450567373,169,12
53,80,60000000000,1.000000,108831455235572,9356641552859,10130726526289,3450567373,169,12
53,85,60000000000,1.000000,108879974132148,9308122656283,10130726526289,3450567373,169,12
53,90,60000000000,1.000000,108989560442780,9198536345651,10130726526289,3450567373,169,12
53,95,60000000000,1.000000,109025172330964,9162924457467,10130726526289,3450567373,169,12
53,100,60000000000,1.000000,109121170665828,9066926122603,10130726526289,3450567373,169,12
53,105,60000000000,1.000000,109220505785364,8967591003067,10130726526289,3450567373,169,12
53,110,60000000000,1.000000,109262225286412,8925871502019,10130726526289,3450567373,169,12
53,115,60000000000,1.000000,109357459464284,8830637324147,10130726526289,3450567373,169,12
53,120,60000000000,1.000000,109438817598180,8749279190251,10130726526289,3450567373,169,12
53,125,60000000000,1.000000,109484187014988,8703909773443,10130726526289,3450567373,169,12
53,130,60000000000,1.000000,109586659811268,8601436977163,10130726526289,3450567373,169,12
53,135,60000000000,1.000000,109619960044916,8568136743515,10130726526289,3450567373,169,12
53,140,60000000000,1.000000,109709726894028,8478369894403,10130726526289,3450567373,169,12
53,145,60000000000,1.000000,109802613929188,8385482859243,10130726526289,3450567373,169,12
53,150,60000000000,1.000000,109841625315868,8346471472563,10130726526289,3450567373,169,12
53,155,60000000000,1.000000,109930677611380,8257419177051,10130726526289,3450567373,169,12
53,160,60000000000,1.000000,110006754590732,8181342197699,10130726526289,3450567373,169,12
53,165,60000000000,1.000000,110049178968188,8138917820243,10130726526289,3450567373,169,12
53,170,60000000000,1.000000,110145000005724,8043096782707,10130726526289,3450567373,169,12
53,175,60000000000,1.000000,110176138640196,8011958148235,10130726526289,3450567373,169,12
53,180,60000000000,1.000000,110260078504668,7928018283763,10130726526289,3450567373,169,12
53,185,60000000000,1.000000,110346936016180,7841160772251,10130726526289,3450567373,169,12
53,190,60000000000,1.000000,110383415078700,7804681709731,10130726526289,3450567373,169,12
53,195,60000000000,1.000000,110466686772764,7721410015667,10130726526289,3450567373,169,12
54,0,60000000000,1.000000,110163649152631,3080497691825,10104545155544,3764575500,0,0
54,5,60000000000,1.000000,110171904234223,3066932186994,10109855578783,3764575500,0,0
54,10,60000000000,1.000000,110197118584823,3040375627252,10111197787925,3764575500,0,0
54,15,60000000000,1.000000,110221182551727,3016311660348,10111197787925,3764575500,0,0
54,20,60000000000,1.000000,110245667624855,2991826587220,10111197787925,3764575500,0,0
54,25,60000000000,1.000000,110274010878895,2963483333180,10111197787925,3764575500,0,0
54,30,72000000000,0.447934,109762514945274,7740453641912,10118964351965,3723630176,30,0
54,35,60000000000,0.387294,105887021568586,18855883757937,10158903104303,3441693016,169,8
54,40,60000000000,0.892463,97593994068463,17475010688493,10158903104303,3441693016,169,8
54,45,60000000000,1.000000,96084602458712,13444715755253,10158903104303,3441693016,169,8
54,50,60000000000,1.000000,96210228006750,13319090207215,10158903104303,3441693016,169,8
54,55,60000000000,1.000000,96252546779833,13276771434132,10158903104303,3441693016,169,8
54,60,60000000000,1.000000,96394800643511,13134517570454,10158903104303,3441693016,169,8
54,65,60000000000,1.000000,96550765020479,12978553193486,10158903104303,3441693016,169,8
54,70,60000000000,1.000000,96590885368119,12938432845846,10158903104303,3441693016,169,8
54,75,60000000000,1.000000,96739484414911,12789833799054,10158903104303,3441693016,169,8
54,80,60000000000,1.000000,96876380388767,12652937825198,10158903104303,3441693016,169,8
54,85,60000000000,1.000000,96919332206543,12609986007422,10158903104303,3441693016,169,8
54,90,60000000000,1.000000,97073894679783,12455423534182,10158903104303,3441693016,169,8
54,95,60000000000,1.000000,97114368507887,12414949706078,10158903104303,3441693016,169,8
54,100,60000000000,1.000000,97247390497199,12281927716766,10158903104303,3441693016,169,8
54,105,60000000000,1.000000,97393234486943,12136083727022,10158903104303,3441693016,169,8
54,110,60000000000,1.000000,97430750525143,12098567688822,10158903104303,3441693016,169,8
54,115,60000000000,1.000000,97569703646063,11959614567902,10158903104303,3441693016,169,8
54,120,60000000000,1.000000,97697713369047,11831604844918,10158903104303,3441693016,169,8
54,125,60000000000,1.000000,97737877079743,11791441134222,10158903104303,3441693016,169,8
54,130,60000000000,1.000000,97882406526415,11646911687550,10158903104303,3441693016,169,8
54,135,60000000000,1.000000,97920253099783,11609065114182,10158903104303,3441693016,169,8
54,140,60000000000,1.000000,98044640307975,11484677905990,10158903104303,3441693016,169,8
54,145,60000000000,1.000000,98181017209135,11348301004830,10158903104303,3441693016,169,8
54,150,60000000000,1.000000,98216097990047,11313220223918,10158903104303,3441693016,169,8
54,155,60000000000,1.000000,98346031325431,11183286888534,10158903104303,3441693016,169,8
54,160,60000000000,1.000000,98465731625511,11063586588454,10158903104303,3441693016,169,8
54,165,60000000000,1.000000,98503288212015,11026030001950,10158903104303,3441693016,169,8
54,170,60000000000,1.000000,98638435900391,10890882313574,10158903104303,3441693016,169,8
54,175,60000000000,1.000000,98673825760367,10855492453598,10158903104303,3441693016,169,8
54,180,60000000000,1.000000,98790138691903,10739179522062,10158903104303,3441693016,169,8
54,185,60000000000,1.000000,98917663036359,10611655177606,10158903104303,3441693016,169,8
54,190,60000000000,1.000000,98950466638215,10578851575750,10158903104303,3441693016,169,8
54,195,60000000000,1.000000,99071965684367,10457352529598,10158903104303,3441693016,169,8
55,0,60000000000,1.000000,95677170218359,2880520949474,10078892832167,2684759236,0,0
55,5,60000000000,1.000000,95685621281969,2866336171724,10084626546307,2684759236,0,0
55,10,60000000000,1.000000,95707341342103,2843624543842,10085618114055,2684759236,0,0
55,15,60000000000,1.000000,95730613316687,2820352569258,10085618114055,2684759236,0,0
55,20,60000000000,1.000000,95755604815087,2795361070858,10085618114055,2684759236,0,0
55,25,60000000000,1.000000,95777833021703,2773132864242,10085618114055,2684759236,0,0
55,30,72000000000,1.000000,94186447648187,3865781603718,10108678729627,2553081848,35,3
55,35,60000000000,0.617612,90891423545082,12330604208440,10129626408495,2268447509,171,8
55,40,60000000000,0.903547,87558674027850,12117008275541,10129626408495,2268447509,171,8
55,45,60000000000,1.000000,85645770728962,8476471271389,10129626408495,2268447509,171,8
55,50,60000000000,1.000000,85717873851179,8404368149172,10129626408495,2268447509,171,8
55,55,60000000000,1.000000,85754038420330,8368203580021,10129626408495,2268447509,171,8
55,60,60000000000,1.000000,85837969391858,8284272608493,10129626408495,2268447509,171,8
55,65,60000000000,1.000000,85914545203612,8207696796739,10129626408495,2268447509,171,8
55,70,60000000000,1.000000,85969817550092,8152424450259,10129626408495,2268447509,171,8
55,75,60000000000,1.000000,86053431459396,8068810540955,10129626408495,2268447509,171,8
55,80,60000000000,1.000000,86119471449100,8002770551251,10129626408495,2268447509,171,8
55,85,60000000000,1.000000,86171820270916,7950421729435,10129626408495,2268447509,171,8
55,90,60000000000,1.000000,86262525768084,7859716232267,10129626408495,2268447509,171,8
55,95,60000000000,1.000000,86297235538964,7825006461387,10129626408495,2268447509,171,8
55,100,60000000000,1.000000,86375720781964,7746521218387,10129626408495,2268447509,171,8
55,105,60000000000,1.000000,86447326764564,7674915235787,10129626408495,2268447509,171,8
55,110,60000000000,1.000000,86499011248348,7623230752003,10129626408495,2268447509,171,8
55,115,60000000000,1.000000,86577197575108,7545044425243,10129626408495,2268447509,171,8
55,120,60000000000,1.000000,86638950748244,7483291252107,10129626408495,2268447509,171,8
55,125,60000000000,1.000000,86687901480420,7434340519931,10129626408495,2268447509,171,8
55,130,60000000000,1.000000,86772719062948,7349522937403,10129626408495,2268447509,171,8
55,135,60000000000,1.000000,86805175737948,7317066262403,10129626408495,2268447509,171,8
55,140,60000000000,1.000000,86878566312644,7243675687707,10129626408495,2268447509,171,8
55,145,60000000000,1.000000,86945524176508,7176717823843,10129626408495,2268447509,171,8
55,150,60000000000,1.000000,86993853694700,7128388305651,10129626408495,2268447509,171,8
55,155,60000000000,1.000000,87066964756588,7055277243763,10129626408495,2268447509,171,8
55,160,60000000000,1.000000,87124709380948,6997532619403,10129626408495,2268447509,171,8
55,165,60000000000,1.000000,87170482602020,6951759398331,10129626408495,2268447509,171,8
55,170,60000000000,1.000000,87249794468676,6872447531675,10129626408495,2268447509,171,8
55,175,60000000000,1.000000,87280144301948,6842097698403,10129626408495,2268447509,171,8
55,180,60000000000,1.000000,87348770915916,6773471084435,10129626408495,2268447509,171,8
55,185,60000000000,1.000000,87411382381716,6710859618635,10129626408495,2268447509,171,8
55,190,60000000000,1.000000,87456574713020,6665667287331,10129626408495,2268447509,171,8
55,195,60000000000,1.000000,87524939957820,6597302042531,10129626408495,2268447509,171,8
56,0,60000000000,1.000000,92855819737666,2940524292508,10077410969826,2596436644,0,0
56,5,60000000000,1.000000,92863040991074,2928462183682,10082251825244,2596436644,0,0
56,10,60000000000,1.000000,92886264343482,2904161575173,10083329081345,2596436644,0,0
56,15,60000000000,1.000000,92908254763362,2882148060893,10083352175745,2596436644,0,0
56,20,60000000000,1.000000,92936849392562,2853553431693,10083352175745,2596436644,0,0
56,25,60000000000,1.000000,92960693997978,2829708826277,10083352175745,2596436644,0,0
56,30,72000000000,0.743402,92146759400440,4891891781284,10090351321043,2536773252,41,2
56,35,60000000000,0.475757,89511885722583,13148122348504,10106562650326,2349928860,180,9
56,40,60000000000,0.889972,84745783555358,12383994032907,10106562650326,2349928860,180,9
56,45,60000000000,1.000000,83640404007686,9438531786739,10106562650326,2349928860,180,9
56,50,60000000000,1.000000,83720908000732,9358027793693,10106562650326,2349928860,180,9
56,55,60000000000,1.000000,83757092207953,9321843586472,10106562650326,2349928860,180,9
56,60,60000000000,1.000000,83854675518525,9224260275900,10106562650326,2349928860,180,9
56,65,60000000000,1.000000,83956637766232,9122298028193,10106562650326,2349928860,180,9
56,70,60000000000,1.000000,83995862509856,9083073284569,10106562650326,2349928860,180,9
56,75,60000000000,1.000000,84096296482112,8982639312313,10106562650326,2349928860,180,9
56,80,60000000000,1.000000,84184243826432,8894691967993,10106562650326,2349928860,180,9
56,85,60000000000,1.000000,84223171289728,8855764504697,10106562650326,2349928860,180,9
56,90,60000000000,1.000000,84327525195720,8751410598705,10106562650326,2349928860,180,9
56,95,60000000000,1.000000,84362144550888,8716791243537,10106562650326,2349928860,180,9
56,100,60000000000,1.000000,84453437890296,8625497904129,10106562650326,2349928860,180,9
56,105,60000000000,1.000000,84548788319352,8530147475073,10106562650326,2349928860,180,9
56,110,60000000000,1.000000,84585466889392,8493468905033,10106562650326,2349928860,180,9
56,115,60000000000,1.000000,84679381448000,8399554346425,10106562650326,2349928860,180,9
56,120,60000000000,1.000000,84761619916016,8317315878409,10106562650326,2349928860,180,9
56,125,60000000000,1.000000,84798020502888,8280915291537,10106562650326,2349928860,180,9
56,130,60000000000,1.000000,84895600542904,8183335251521,10106562650326,2349928860,180,9
56,135,60000000000,1.000000,84927972671432,8150963122993,10106562650326,2349928860,180,9
56,140,60000000000,1.000000,85013339938000,8065595856425,10106562650326,2349928860,180,9
56,145,60000000000,1.000000,85102500938520,7976434855905,10106562650326,2349928860,180,9
56,150,60000000000,1.000000,85136798613288,7942137181137,10106562650326,2349928860,180,9
56,155,60000000000,1.000000,85224616949216,7854318845209,10106562650326,2349928860,180,9
56,160,60000000000,1.000000,85301517118112,7777418676313,10106562650326,2349928860,180,9
56,165,60000000000,1.000000,85335554854368,7743380940057,10106562650326,2349928860,180,9
56,170,60000000000,1.000000,85426800736360,7652135058065,10106562650326,2349928860,180,9
56,175,60000000000,1.000000,85457071511216,7621864283209,10106562650326,2349928860,180,9
56,180,60000000000,1.000000,85536897380488,7542038413937,10106562650326,2349928860,180,9
56,185,60000000000,1.000000,85620270723536,7458665070889,10106562650326,2349928860,180,9
56,190,60000000000,1.000000,85652342052744,7426593741681,10106562650326,2349928860,180,9
56,195,60000000000,1.000000,85734459886648,7344475907777,10106562650326,2349928860,180,9
57,0,60000000000,1.000000,114150476686974,3031154970395,10100319342631,3819606174,0,0
57,5,60000000000,1.000000,114158475541445,3019119796995,10104355661560,3819606174,0,0
57,10,60000000000,1.000000,114184447894619,2991769630747,10105733474634,3819606174,0,0
57,15,60000000000,1.000000,114205891647011,2970325878355,10105733474634,3819606174,0,0
57,20,60000000000,1.000000,114233793472795,2942424052571,10105733474634,3819606174,0,0
57,25,60000000000,1.000000,114262068971667,2914148553699,10105733474634,3819606174,0,0
57,30,72000000000,1.000000,111994265349374,4997704202874,10127147449585,3628166854,37,3
57,35,60000000000,0.545612,106130441354896,20076712316911,10197411397234,3222911628,159,11
57,40,60000000000,1.000000,103239275810814,10895812951121,10197411397234,3222911628,159,11
57,45,60000000000,1.000000,100183588127990,10245204776297,10197411397234,3222911628,159,11
57,50,60000000000,1.000000,100381520887215,10047272017072,10197411397234,3222911628,159,11
57,55,60000000000,1.000000,100428414703076,10000378201211,10197411397234,3222911628,159,11
57,60,60000000000,1.000000,100523386889192,9905406015095,10197411397234,3222911628,159,11
57,65,60000000000,1.000000,100625901459869,9802891444418,10197411397234,3222911628,159,11
57,70,60000000000,1.000000,100680950364925,9747842539362,10197411397234,3222911628,159,11
57,75,60000000000,1.000000,100780406539517,9648386364770,10197411397234,3222911628,159,11
57,80,60000000000,1.000000,100848452516869,9580340387418,10197411397234,3222911628,159,11
57,85,60000000000,1.000000,100921344472285,9507448432002,10197411397234,3222911628,159,11
57,90,60000000000,1.000000,101032092624349,9396700279938,10197411397234,3222911628,159,11
57,95,60000000000,1.000000,101077374245565,9351418658722,10197411397234,3222911628,159,11
57,100,60000000000,1.000000,101166343301709,9262449602578,10197411397234,3222911628,159,11
57,105,60000000000,1.000000,101262230989805,9166561914482,10197411397234,3222911628,159,11
57,110,60000000000,1.000000,101313706536461,9115086367826,10197411397234,3222911628,159,11
57,115,60000000000,1.000000,101406706768605,9022086135682,10197411397234,3222911628,159,11
57,120,60000000000,1.000000,101470335715853,8958457188434,10197411397234,3222911628,159,11
57,125,60000000000,1.000000,101538496076861,8890296827426,10197411397234,3222911628,159,11
57,130,60000000000,1.000000,101642055296637,8786737607650,10197411397234,3222911628,159,11
57,135,60000000000,1.000000,101684397577581,8744395326706,10197411397234,3222911628,159,11
57,140,60000000000,1.000000,101767591435933,8661201468354,10197411397234,3222911628,159,11
57,145,60000000000,1.000000,101857254820629,8571538083658,10197411397234,3222911628,159,11
57,150,60000000000,1.000000,101905388964029,8523403940258,10197411397234,3222911628,159,11
57,155,60000000000,1.000000,101992352324677,8436440579610,10197411397234,3222911628,159,11
57,160,60000000000,1.000000,102051850961877,8376941942410,10197411397234,3222911628,159,11
57,165,60000000000,1.000000,102115586867885,8313206036402,10197411397234,3222911628,159,11
57,170,60000000000,1.000000,102212423806493,8216369097794,10197411397234,3222911628,159,11
57,175,60000000000,1.000000,102252017546925,8176775357362,10197411397234,3222911628,159,11
57,180,60000000000,1.000000,102329811089205,8098981815082,10197411397234,3222911628,159,11
57,185,60000000000,1.000000,102413654205333,8015138698954,10197411397234,3222911628,159,11
57,190,60000000000,1.000000,102458663844285,7970129060002,10197411397234,3222911628,159,11
57,195,60000000000,1.000000,102539982201493,7888810702794,10197411397234,3222911628,159,11
58,0,60000000000,1.000000,96645449176372,2918445411211,10078885412417,2768585640,0,0
58,5,60000000000,1.000000,96654839717935,2903553469951,10084386812114,2768585640,0,0
58,10,60000000000,1.000000,96674054436348,2883352606926,10085372956726,2768585640,0,0
58,15,60000000000,1.000000,96701298684188,2856080558054,10085400757758,2768585640,0,0
58,20,60000000000,1.000000,96722973559084,2834405683158,10085400757758,2768585640,0,0
58,25,60000000000,1.000000,96747472574700,2809906667542,10085400757758,2768585640,0,0
58,30,72000000000,0.614886,96614355693417,4784861536273,10086278506794,2755235849,23,3
58,35,60000000000,0.381778,94607665091705,12921861410331,10101833236012,2603849686,180,10
58,40,60000000000,0.915719,90022284187621,10394746001737,10101833236012,2603849686,180,10
58,45,60000000000,1.000000,87859588384395,9814858187401,10101833236012,2603849686,180,10
58,50,60000000000,1.000000,87961185833888,9713260737908,10101833236012,2603849686,180,10
58,55,60000000000,1.000000,88005391352973,9669055218823,10101833236012,2603849686,180,10
58,60,60000000000,1.000000,88100007363138,9574439208658,10101833236012,2603849686,180,10
58,65,60000000000,1.000000,88209586329338,9464860242458,10101833236012,2603849686,180,10
58,70,60000000000,1.000000,88254409498738,9420037073058,10101833236012,2603849686,180,10
58,75,60000000000,1.000000,88350121858050,9324324713746,10101833236012,2603849686,180,10
58,80,60000000000,1.000000,88430885148562,9243561423234,10101833236012,2603849686,180,10
58,85,60000000000,1.000000,88486881291882,9187565279914,10101833236012,2603849686,180,10
58,90,60000000000,1.000000,88589891144930,9084555426866,10101833236012,2603849686,180,10
58,95,60000000000,1.000000,88632994412146,9041452159650,10101833236012,2603849686,180,10
58,100,60000000000,1.000000,88721480012090,8952966559706,10101833236012,2603849686,180,10
58,105,60000000000,1.000000,88823973430578,8850473141218,10101833236012,2603849686,180,10
58,110,60000000000,1.000000,88865887018914,8808559552882,10101833236012,2603849686,180,10
58,115,60000000000,1.000000,88955386455946,8719060115850,10101833236012,2603849686,180,10
58,120,60000000000,1.000000,89030907204642,8643539367154,10101833236012,2603849686,180,10
58,125,60000000000,1.000000,89083268502034,8591178069762,10101833236012,2603849686,180,10
58,130,60000000000,1.000000,89179591734514,8494854837282,10101833236012,2603849686,180,10
58,135,60000000000,1.000000,89219897063802,8454549507994,10101833236012,2603849686,180,10
58,140,60000000000,1.000000,89302638848146,8371807723650,10101833236012,2603849686,180,10
58,145,60000000000,1.000000,89398479169298,8275967402498,10101833236012,2603849686,180,10
58,150,60000000000,1.000000,89437672044562,8236774527234,10101833236012,2603849686,180,10
58,155,60000000000,1.000000,89521361855250,8153084716546,10101833236012,2603849686,180,10
58,160,60000000000,1.000000,89591980368170,8082466203626,10101833236012,2603849686,180,10
58,165,60000000000,1.000000,89640942766162,8033503805634,10101833236012,2603849686,180,10
58,170,60000000000,1.000000,89731013423178,7943433148618,10101833236012,2603849686,180,10
58,175,60000000000,1.000000,89768702435386,7905744136410,10101833236012,2603849686,180,10
58,180,60000000000,1.000000,89846073248938,7828373322858,10101833236012,2603849686,180,10
58,185,60000000000,1.000000,89935692341474,7738754230322,10101833236012,2603849686,180,10
58,190,60000000000,1.000000,89972341111658,7702105460138,10101833236012,2603849686,180,10
58,195,60000000000,1.000000,90050598412914,7623848158882,10101833236012,2603849686,180,10
59,0,60000000000,1.000000,107750578821890,2991407841710,10088973336400,3268000902,0,0
59,5,60000000000,1.000000,107758322501449,2978025907323,10094611591228,3268000902,0,0
59,10,60000000000,1.000000,107781303492793,2953183958493,10096472548714,3268000902,0,0
59,15,60000000000,1.000000,107805196916329,2929290534957,10096472548714,3268000902,0,0
59,20,60000000000,1.000000,107830845453489,2903641997797,10096472548714,3268000902,0,0
59,25,60000000000,1.000000,107853345512977,2881141938309,10096472548714,3268000902,0,0
59,30,72000000000,0.929800,106435140118604,4622242160051,10098058808141,3116741905,36,2
59,35,60000000000,0.452987,104715105196102,13252779577893,10112513060309,2988736213,178,9
59,40,60000000000,0.820033,97149699326808,16546581934162,10112513060309,2988736213,178,9
59,45,60000000000,1.000000,92660149258777,15209912732786,10112513060309,2988736213,178,9
59,50,60000000000,1.000000,92755301096324,15114760895239,10112513060309,2988736213,178,9
59,55,60000000000,1.000000,92809723286018,15060338705545,10112513060309,2988736213,178,9
59,60,60000000000,1.000000,92963858484574,14906203506989,10112513060309,2988736213,178,9
59,65,60000000000,1.000000,93125077002627,14744984988936,10112513060309,2988736213,178,9
59,70,60000000000,1.000000,93201775441043,14668286550520,10112513060309,2988736213,178,9
59,75,60000000000,1.000000,93353864449259,14516197542304,10112513060309,2988736213,178,9
59,80,60000000000,1.000000,93476034920907,14394027070656,10112513060309,2988736213,178,9
59,85,60000000000,1.000000,93569202994259,14300858997304,10112513060309,2988736213,178,9
59,90,60000000000,1.000000,93733951080787,14136110910776,10112513060309,2988736213,178,9
59,95,60000000000,1.000000,93787211974771,14082850016792,10112513060309,2988736213,178,9
59,100,60000000000,1.000000,93931343560243,13938718431320,10112513060309,2988736213,178,9
59,105,60000000000,1.000000,94082209857915,13787852133648,10112513060309,2988736213,178,9
59,110,60000000000,1.000000,94153929614099,13716132377464,10112513060309,2988736213,178,9
59,115,60000000000,1.000000,94296146154579,13573915836984,10112513060309,2988736213,178,9
59,120,60000000000,1.000000,94410386243491,13459675748072,10112513060309,2988736213,178,9
59,125,60000000000,1.000000,94497506550475,13372555441088,10112513060309,2988736213,178,9
59,130,60000000000,1.000000,94651560437515,13218501554048,10112513060309,2988736213,178,9
59,135,60000000000,1.000000,94701364037163,13168697954400,10112513060309,2988736213,178,9
59,140,60000000000,1.000000,94836139690595,13033922300968,10112513060309,2988736213,178,9
59,145,60000000000,1.000000,94977212889531,12892849102032,10112513060309,2988736213,178,9
59,150,60000000000,1.000000,95044277141539,12825784850024,10112513060309,2988736213,178,9
59,155,60000000000,1.000000,95177262060243,12692799931320,10112513060309,2988736213,178,9
59,160,60000000000,1.000000,95284086546755,12585975444808,10112513060309,2988736213,178,9
59,165,60000000000,1.000000,95365551662419,12504510329144,10112513060309,2988736213,178,9
59,170,60000000000,1.000000,95509605536571,12360456454992,10112513060309,2988736213,178,9
59,175,60000000000,1.000000,95556176263251,12313885728312,10112513060309,2988736213,178,9
59,180,60000000000,1.000000,95682203300779,12187858690784,10112513060309,2988736213,178,9
59,185,60000000000,1.000000,95814119094763,12055942896800,10112513060309,2988736213,178,9
59,190,60000000000,1.000000,95876830042835,11993231948728,10112513060309,2988736213,178,9
59,195,60000000000,1.000000,96001182586635,11868879404928,10112513060309,2988736213,178,9
60,0,60000000000,1.000000,104265435339843,3119876363429,10098291296728,3268103060,0,0
60,5,60000000000,1.000000,104271710275120,3107913192371,10103979532509,3268103060,0,0
60,10,60000000000,1.000000,104299220030968,3079292859896,10105090109136,3268103060,0,0
60,15,60000000000,1.000000,104322086474600,3056426416264,10105090109136,3268103060,0,0
60,20,60000000000,1.000000,104348368878992,3030144011872,10105090109136,3268103060,0,0
60,25,60000000000,1.000000,104375871691456,3002641199408,10105090109136,3268103060,0,0
60,30,72000000000,0.734199,103880787417965,4760568936332,10107611726031,3229692441,26,1
60,35,60000000000,0.350129,102044110787675,15204762336700,10115861969839,3070324456,161,4
60,40,60000000000,0.739843,93645378960130,18547668880411,10115861969839,3070324456,161,4
60,45,60000000000,1.000000,91910797930442,13342918189139,10115861969839,3070324456,161,4
60,50,60000000000,1.000000,92010252383255,13243463736326,10115861969839,3070324456,161,4
60,55,60000000000,1.000000,92048310446617,13205405672964,10115861969839,3070324456,161,4
60,60,60000000000,1.000000,92191311902003,13062404217578,10115861969839,3070324456,161,4
60,65,60000000000,1.000000,92342223260000,12911492859581,10115861969839,3070324456,161,4
60,70,60000000000,1.000000,92388225745168,12865490374413,10115861969839,3070324456,161,4
60,75,60000000000,1.000000,92533866978216,12719849141365,10115861969839,3070324456,161,4
60,80,60000000000,1.000000,92666378887552,12587337232029,10115861969839,3070324456,161,4
60,85,60000000000,1.000000,92715159122736,12538556996845,10115861969839,3070324456,161,4
60,90,60000000000,1.000000,92868794047848,12384922071733,10115861969839,3070324456,161,4
60,95,60000000000,1.000000,92905480466192,12348235653389,10115861969839,3070324456,161,4
60,100,60000000000,1.000000,93039205356720,12214510762861,10115861969839,3070324456,161,4
60,105,60000000000,1.000000,93180339677104,12073376442477,10115861969839,3070324456,161,4
60,110,60000000000,1.000000,93223356028928,12030360090653,10115861969839,3070324456,161,4
60,115,60000000000,1.000000,93359543334984,11894172784597,10115861969839,3070324456,161,4
60,120,60000000000,1.000000,93483453573576,11770262546005,10115861969839,3070324456,161,4
60,125,60000000000,1.000000,93529067364904,11724648754677,10115861969839,3070324456,161,4
60,130,60000000000,1.000000,93672729472872,11580986646709,10115861969839,3070324456,161,4
60,135,60000000000,1.000000,93707034486360,11546681633221,10115861969839,3070324456,161,4
60,140,60000000000,1.000000,93832078968504,11421637151077,10115861969839,3070324456,161,4
60,145,60000000000,1.000000,93964051916576,11289664203005,10115861969839,3070324456,161,4
60,150,60000000000,1.000000,94004275972232,11249440147349,10115861969839,3070324456,161,4
60,155,60000000000,1.000000,94131623028480,11122093091101,10115861969839,3070324456,161,4
60,160,60000000000,1.000000,94247489951784,11006226167797,10115861969839,3070324456,161,4
60,165,60000000000,1.000000,94290142840888,10963573278693,10115861969839,3070324456,161,4
60,170,60000000000,1.000000,94424479491528,10829236628053,10115861969839,3070324456,161,4
60,175,60000000000,1.000000,94456557683192,10797158436389,10115861969839,3070324456,161,4
60,180,60000000000,1.000000,94573485223608,10680230895973,10115861969839,3070324456,161,4
60,185,60000000000,1.000000,94696891486208,10556824633373,10115861969839,3070324456,161,4
60,190,60000000000,1.000000,94734504500512,10519211619069,10115861969839,3070324456,161,4
60,195,60000000000,1.000000,94853585149304,10400130970277,10115861969839,3070324456,161,4
61,0,60000000000,1.000000,102828168101880,2981557672801,10086194225319,3392084878,0,0
61,5,60000000000,1.000000,102837516713214,2965768135867,10092635150919,3392084878,0,0
61,10,60000000000,1.000000,102857970064175,2944547000132,10093402935693,3392084878,0,0
61,15,60000000000,1.000000,102884746957311,2917770106996,10093402935693,3392084878,0,0
61,20,60000000000,1.000000,102909134133823,2893382930484,10093402935693,3392084878,0,0
61,25,60000000000,1.000000,102932845067383,2869671996924,10093402935693,3392084878,0,0
61,30,72000000000,0.517815,102545934930651,6282246221210,10096940777207,3360549294,34,2
61,35,60000000000,0.471084,97345144989217,17799865719831,10165538923769,2986286934,185,14
61,40,60000000000,1.000000,90736229182644,12805286529836,10165538923769,2986286934,185,14
61,45,60000000000,1.000000,87048847002096,13913850209316,10165538923769,2986286934,185,14
61,50,60000000000,1.000000,87152398524983,13810298686429,10165538923769,2986286934,185,14
61,55,60000000000,1.000000,87216435831315,13746261380097,10165538923769,2986286934,185,14
61,60,60000000000,1.000000,87346487119248,13616210092164,10165538923769,2986286934,185,14
61,65,60000000000,1.000000,87503764071482,13458933139930,10165538923769,2986286934,185,14
61,70,60000000000,1.000000,87572873219978,13389823991434,10165538923769,2986286934,185,14
61,75,60000000000,1.000000,87699166834962,13263530376450,10165538923769,2986286934,185,14
61,80,60000000000,1.000000,87810278762930,13152418448482,10165538923769,2986286934,185,14
61,85,60000000000,1.000000,87889270619162,13073426592250,10165538923769,2986286934,185,14
61,90,60000000000,1.000000,88047724930442,12914972280970,10165538923769,2986286934,185,14
61,95,60000000000,1.000000,88108662857954,12854034353458,10165538923769,2986286934,185,14
61,100,60000000000,1.000000,88230345836290,12732351375122,10165538923769,2986286934,185,14
61,105,60000000000,1.000000,88377416170194,12585281041218,10165538923769,2986286934,185,14
61,110,60000000000,1.000000,88442039275514,12520657935898,10165538923769,2986286934,185,14
61,115,60000000000,1.000000,88560134864442,12402562346970,10165538923769,2986286934,185,14
61,120,60000000000,1.000000,88664034246642,12298662964770,10165538923769,2986286934,185,14
61,125,60000000000,1.000000,88737898549050,12224798662362,10165538923769,2986286934,185,14
61,130,60000000000,1.000000,88886067205210,12076630006202,10165538923769,2986286934,185,14
61,135,60000000000,1.000000,88943049503394,12019647708018,10165538923769,2986286934,185,14
61,140,60000000000,1.000000,89056833743298,11905863468114,10165538923769,2986286934,185,14
61,145,60000000000,1.000000,89194357383722,11768339827690,10165538923769,2986286934,185,14
61,150,60000000000,1.000000,89254785645898,11707911565514,10165538923769,2986286934,185,14
61,155,60000000000,1.000000,89365215362610,11597481848802,10165538923769,2986286934,185,14
61,160,60000000000,1.000000,89462370382906,11500326828506,10165538923769,2986286934,185,14
61,165,60000000000,1.000000,89531439973714,11431257237698,10165538923769,2986286934,185,14
61,170,60000000000,1.000000,89669990641498,11292706569914,10165538923769,2986286934,185,14
61,175,60000000000,1.000000,89723274079922,11239423131490,10165538923769,2986286934,185,14
61,180,60000000000,1.000000,89829672307858,11133024903554,10165538923769,2986286934,185,14
61,185,60000000000,1.000000,89958268953874,11004428257538,10165538923769,2986286934,185,14
61,190,60000000000,1.000000,90014774670442,10947922540970,10165538923769,2986286934,185,14
61,195,60000000000,1.000000,90118036125346,10844661086066,10165538923769,2986286934,185,14
62,0,60000000000,1.000000,114365768099977,3128890719229,10111485180794,4190616696,0,0
62,5,60000000000,1.000000,114373887562141,3114203845479,10118052592380,4190616696,0,0
62,10,60000000000,1.000000,114400215397435,3086708073247,10119220529318,4190616696,0,0
62,15,60000000000,1.000000,114423515780387,3063407690295,10119220529318,4190616696,0,0
62,20,60000000000,1.000000,114448962317619,3037961153063,10119220529318,4190616696,0,0
62,25,60000000000,1.000000,114473273926075,3013649544607,10119220529318,4190616696,0,0
62,30,72000000000,0.596727,113610952060241,6486347108786,10124614417764,4118437384,44,2
62,35,60000000000,0.389176,108874856084119,21982952693409,10176058386074,3803488618,188,14
62,40,60000000000,0.961486,97523195115565,20704291646611,10176058386074,3803488618,188,14
62,45,60000000000,1.000000,95563942858177,17543270059995,10176058386074,3803488618,188,14
62,50,60000000000,1.000000,95712145112777,17395067805395,10176058386074,3803488618,188,14
62,55,60000000000,1.000000,95764066726758,17343146191414,10176058386074,3803488618,188,14
62,60,60000000000,1.000000,95949775992777,17157436925395,10176058386074,3803488618,188,14
62,65,60000000000,1.000000,96152695509644,16954517408528,10176058386074,3803488618,188,14
62,70,60000000000,1.000000,96218232291860,16888980626312,10176058386074,3803488618,188,14
62,75,60000000000,1.000000,96402475059668,16704737858504,10176058386074,3803488618,188,14
62,80,60000000000,1.000000,96577422119012,16529790799160,10176058386074,3803488618,188,14
62,85,60000000000,1.000000,96640304617604,16466908300568,10176058386074,3803488618,188,14
62,90,60000000000,1.000000,96839998138756,16267214779416,10176058386074,3803488618,188,14
62,95,60000000000,1.000000,96889752689372,16217460228800,10176058386074,3803488618,188,14
62,100,60000000000,1.000000,97063432813612,16043780104560,10176058386074,3803488618,188,14
62,105,60000000000,1.000000,97253254495092,15853958423080,10176058386074,3803488618,188,14
62,110,60000000000,1.000000,97314537125132,15792675793040,10176058386074,3803488618,188,14
62,115,60000000000,1.000000,97486820246436,15620392671736,10176058386074,3803488618,188,14
62,120,60000000000,1.000000,97650411066196,15456801851976,10176058386074,3803488618,188,14
62,125,60000000000,1.000000,97709211708580,15398001209592,10176058386074,3803488618,188,14
62,130,60000000000,1.000000,97895942637020,15211270281152,10176058386074,3803488618,188,14
62,135,60000000000,1.000000,97942467498700,15164745419472,10176058386074,3803488618,188,14
62,140,60000000000,1.000000,98104873623124,15002339295048,10176058386074,3803488618,188,14
62,145,60000000000,1.000000,98282373517044,14824839401128,10176058386074,3803488618,188,14
62,150,60000000000,1.000000,98339678142308,14767534775864,10176058386074,3803488618,188,14
62,155,60000000000,1.000000,98500777946612,14606434971560,10176058386074,3803488618,188,14
62,160,60000000000,1.000000,98653749687924,14453463230248,10176058386074,3803488618,188,14
62,165,60000000000,1.000000,98708733437540,14398479480632,10176058386074,3803488618,188,14
62,170,60000000000,1.000000,98883343206588,14223869711584,10176058386074,3803488618,188,14
62,175,60000000000,1.000000,98926848026076,14180364892096,10176058386074,3803488618,188,14
62,180,60000000000,1.000000,99078711973452,14028500944720,10176058386074,3803488618,188,14
62,185,60000000000,1.000000,99244689917124,13862523001048,10176058386074,3803488618,188,14
62,190,60000000000,1.000000,99298274759604,13808938158568,10176058386074,3803488618,188,14
62,195,60000000000,1.000000,99448917183356,13658295734816,10176058386074,3803488618,188,14
63,0,60000000000,1.000000,108856551245744,3068067683149,10104671071107,4231893400,0,0
63,5,60000000000,1.000000,108863847836163,3055844529645,10109597634192,4231893400,0,0
63,10,60000000000,1.000000,108892720927639,3025962379010,10110606693351,4231893400,0,0
63,15,60000000000,1.000000,108914044807315,3004621582850,10110623609835,4231893400,0,0
63,20,60000000000,1.000000,108941205863203,2977460526962,10110623609835,4231893400,0,0
63,25,60000000000,1.000000,108966526086219,2952140303946,10110623609835,4231893400,0,0
63,30,72000000000,0.668857,108752520467222,4729693755849,10113282282581,4217482045,43,4
63,35,60000000000,0.382930,102999896882216,23183906021590,10151577699718,3780735450,192,7
63,40,60000000000,1.000000,100107158699605,10720881154160,10151577699718,3780735450,192,7
63,45,60000000000,1.000000,95052914774973,11757068883680,10151577699718,3780735450,192,7
63,50,60000000000,1.000000,95252174942762,11557808715891,10151577699718,3780735450,192,7
63,55,60000000000,1.000000,95306269635176,11503714023477,10151577699718,3780735450,192,7
63,60,60000000000,1.000000,95412813464968,11397170193685,10151577699718,3780735450,192,7
63,65,60000000000,1.000000,95529283470973,11280700187680,10151577699718,3780735450,192,7
63,70,60000000000,1.000000,95598566093709,11211417564944,10151577699718,3780735450,192,7
63,75,60000000000,1.000000,95708939238677,11101044419976,10151577699718,3780735450,192,7
63,80,60000000000,1.000000,95798066913365,11011916745288,10151577699718,3780735450,192,7
63,85,60000000000,1.000000,95865331425333,10944652233320,10151577699718,3780735450,192,7
63,90,60000000000,1.000000,95999602128845,10810381529808,10151577699718,3780735450,192,7
63,95,60000000000,1.000000,96051233404845,10758750253808,10151577699718,3780735450,192,7
63,100,60000000000,1.000000,96150869641165,10659114017488,10151577699718,3780735450,192,7
63,105,60000000000,1.000000,96261541164373,10548442494280,10151577699718,3780735450,192,7
63,110,60000000000,1.000000,96326326483341,10483657175312,10151577699718,3780735450,192,7
63,115,60000000000,1.000000,96429535038837,10380448619816,10151577699718,3780735450,192,7
63,120,60000000000,1.000000,96512877219213,10297106439440,10151577699718,3780735450,192,7
63,125,60000000000,1.000000,96575775427829,10234208230824,10151577699718,3780735450,192,7
63,130,60000000000,1.000000,96701330293133,10108653365520,10151577699718,3780735450,192,7
63,135,60000000000,1.000000,96749610057213,10060373601440,10151577699718,3780735450,192,7
63,140,60000000000,1.000000,96842778662885,9967204995768,10151577699718,3780735450,192,7
63,145,60000000000,1.000000,96946266228045,9863717430608,10151577699718,3780735450,192,7
63,150,60000000000,1.000000,97006846174173,9803137484480,10151577699718,3780735450,192,7
63,155,60000000000,1.000000,97103355210933,9706628447720,10151577699718,3780735450,192,7
63,160,60000000000,1.000000,97181287447485,9628696211168,10151577699718,3780735450,192,7
63,165,60000000000,1.000000,97240102780317,9569880878336,10151577699718,3780735450,192,7
63,170,60000000000,1.000000,97357507573525,9452476085128,10151577699718,3780735450,192,7
63,175,60000000000,1.000000,97402653380709,9407330277944,10151577699718,3780735450,192,7
63,180,60000000000,1.000000,97489774185309,9320209473344,10151577699718,3780735450,192,7
63,185,60000000000,1.000000,97586544120733,9223439537920,10151577699718,3780735450,192,7
63,190,60000000000,1.000000,97643191675093,9166791983560,10151577699718,3780735450,192,7
63,195,60000000000,1.000000,97733436075165,9076547583488,10151577699718,3780735450,192,7
64,0,60000000000,1.000000,94674791565092,2999980579351,10083148855557,3343787696,0,0
64,5,60000000000,1.000000,94685391546913,2983177104270,10089352348817,3343787696,0,0
64,10,60000000000,1.000000,94705039949730,2963132878669,10089748171601,3343787696,0,0
64,15,60000000000,1.000000,94728543260214,2939608237085,10089769502701,3343787696,0,0
64,20,60000000000,1.000000,94757258822630,2910892674669,10089769502701,3343787696,0,0
64,25,60000000000,1.000000,94779881849678,2888269647621,10089769502701,3343787696,0,0
64,30,72000000000,1.000000,90942899746359,4111979636139,10153667338113,3051661895,39,3
64,35,60000000000,0.591110,87016508960171,17860667006681,10183794499611,2857337193,178,14
64,40,60000000000,1.000000,84558539971891,8546755934902,10183794499611,2857337193,178,14
64,45,60000000000,1.000000,83129574691660,8783371496878,10183794499611,2857337193,178,14
64,50,60000000000,1.000000,83298800076527,8614146112011,10183794499611,2857337193,178,14
64,55,60000000000,1.000000,83340765299017,8572180889521,10183794499611,2857337193,178,14
64,60,60000000000,1.000000,83423818484954,8489127703584,10183794499611,2857337193,178,14
64,65,60000000000,1.000000,83513584914229,8399361274309,10183794499611,2857337193,178,14
64,70,60000000000,1.000000,83560120566509,8352825622029,10183794499611,2857337193,178,14
64,75,60000000000,1.000000,83643188559901,8269757628637,10183794499611,2857337193,178,14
64,80,60000000000,1.000000,83702029365229,8210916823309,10183794499611,2857337193,178,14
64,85,60000000000,1.000000,83767805119117,8145141069421,10183794499611,2857337193,178,14
64,90,60000000000,1.000000,83856624239293,8056321949245,10183794499611,2857337193,178,14
64,95,60000000000,1.000000,83897059601317,8015886587221,10183794499611,2857337193,178,14
64,100,60000000000,1.000000,83974794698005,7938151490533,10183794499611,2857337193,178,14
64,105,60000000000,1.000000,84058807882869,7854138305669,10183794499611,2857337193,178,14
64,110,60000000000,1.000000,84102322792613,7810623395925,10183794499611,2857337193,178,14
64,115,60000000000,1.000000,84179998640421,7732947548117,10183794499611,2857337193,178,14
64,120,60000000000,1.000000,84235019945797,7677926242741,10183794499611,2857337193,178,14
64,125,60000000000,1.000000,84296526035357,7616420153181,10183794499611,2857337193,178,14
64,130,60000000000,1.000000,84379579690149,7533366498389,10183794499611,2857337193,178,14
64,135,60000000000,1.000000,84417390294341,7495555894197,10183794499611,2857337193,178,14
64,140,60000000000,1.000000,84490079416461,7422866772077,10183794499611,2857337193,178,14
64,145,60000000000,1.000000,84568639100829,7344307087709,10183794499611,2857337193,178,14
64,150,60000000000,1.000000,84609329351749,7303616836789,10183794499611,2857337193,178,14
64,155,60000000000,1.000000,84681963071125,7230983117413,10183794499611,2857337193,178,14
64,160,60000000000,1.000000,84733412809709,7179533378829,10183794499611,2857337193,178,14
64,165,60000000000,1.000000,84790926389309,7122019799229,10183794499611,2857337193,178,14
64,170,60000000000,1.000000,84868588829157,7044357359381,10183794499611,2857337193,178,14
64,175,60000000000,1.000000,84903945054877,7009001133661,10183794499611,2857337193,178,14
64,180,60000000000,1.000000,84971915749229,6941030439309,10183794499611,2857337193,178,14
64,185,60000000000,1.000000,85045375933381,6867570255157,10183794499611,2857337193,178,14
64,190,60000000000,1.000000,85083424881077,6829521307461,10183794499611,2857337193,178,14
64,195,60000000000,1.000000,85151343768933,6761602419605,10183794499611,2857337193,178,14
65,0,60000000000,1.000000,99006787175108,2951391371992,10086593452900,2850758342,0,0
65,5,60000000000,1.000000,99014009710143,2937556099811,10093206190046,2850758342,0,0
65,10,60000000000,1.000000,99038629807278,2912543009751,10093599182971,2850758342,0,0
65,15,60000000000,1.000000,99060267378590,2890905438439,10093599182971,2850758342,0,0
65,20,60000000000,1.000000,99086105434470,2865067382559,10093599182971,2850758342,0,0
65,25,60000000000,1.000000,99108900273038,2842272543991,10093599182971,2850758342,0,0
65,30,72000000000,0.821715,98746346699383,3895361524536,10097546944771,2818804816,38,0
65,35,60000000000,0.311350,97079951121281,15585743800511,10112195870074,2696190476,163,9
65,40,60000000000,0.944222,94770134869999,7585544149862,10112195870074,2696190476,163,9
65,45,60000000000,1.000000,91344121326462,8920729899806,10112195870074,2696190476,163,9
65,50,60000000000,1.000000,91473832458367,8791018767901,10112195870074,2696190476,163,9
65,55,60000000000,1.000000,91510428113606,8754423112662,10112195870074,2696190476,163,9
65,60,60000000000,1.000000,91598822734004,8666028492264,10112195870074,2696190476,163,9
65,65,60000000000,1.000000,91690028015535,8574823210733,10112195870074,2696190476,163,9
65,70,60000000000,1.000000,91734157108991,8530694117277,10112195870074,2696190476,163,9
65,75,60000000000,1.000000,91825453483199,8439397743069,10112195870074,2696190476,163,9
65,80,60000000000,1.000000,91877403785447,8387447440821,10112195870074,2696190476,163,9
65,85,60000000000,1.000000,91947295411127,8317555815141,10112195870074,2696190476,163,9
65,90,60000000000,1.000000,92044001973719,8220849252549,10112195870074,2696190476,163,9
65,95,60000000000,1.000000,92078678809623,8186172416645,10112195870074,2696190476,163,9
65,100,60000000000,1.000000,92161342562095,8103508664173,10112195870074,2696190476,163,9
65,105,60000000000,1.000000,92246640646167,8018210580101,10112195870074,2696190476,163,9
65,110,60000000000,1.000000,92287905212695,7976946013573,10112195870074,2696190476,163,9
65,115,60000000000,1.000000,92373275316951,7891575909317,10112195870074,2696190476,163,9
65,120,60000000000,1.000000,92421853398583,7842997827685,10112195870074,2696190476,163,9
65,125,60000000000,1.000000,92487208188647,7777643037621,10112195870074,2696190476,163,9
65,130,60000000000,1.000000,92577637292727,7687213933541,10112195870074,2696190476,163,9
65,135,60000000000,1.000000,92610063170711,7654788055557,10112195870074,2696190476,163,9
65,140,60000000000,1.000000,92687361017559,7577490208709,10112195870074,2696190476,163,9
65,145,60000000000,1.000000,92767122195279,7497729030989,10112195870074,2696190476,163,9
65,150,60000000000,1.000000,92805708178295,7459143047973,10112195870074,2696190476,163,9
65,155,60000000000,1.000000,92885536701287,7379314524981,10112195870074,2696190476,163,9
65,160,60000000000,1.000000,92930961461487,7333889764781,10112195870074,2696190476,163,9
65,165,60000000000,1.000000,92992073912951,7272777313317,10112195870074,2696190476,163,9
65,170,60000000000,1.000000,93076633043679,7188218182589,10112195870074,2696190476,163,9
65,175,60000000000,1.000000,93106954078999,7157897147269,10112195870074,2696190476,163,9
65,180,60000000000,1.000000,93179234334519,7085616891749,10112195870074,2696190476,163,9
65,185,60000000000,1.000000,93253818019991,7011033206277,10112195870074,2696190476,163,9
65,190,60000000000,1.000000,93289899292879,6974951933389,10112195870074,2696190476,163,9
65,195,60000000000,1.000000,93364545951831,6900305274437,10112195870074,2696190476,163,9
66,0,60000000000,1.000000,100466577738596,2998920837618,10088531423786,3054902226,0,0
66,5,60000000000,1.000000,100474156406525,2985430211449,10094443382026,3054902226,0,0
66,10,60000000000,1.000000,100499102197411,2960029033344,10094898769245,3054902226,0,0
66,15,60000000000,1.000000,100519762330571,2939368900184,10094898769245,3054902226,0,0
66,20,60000000000,1.000000,100547346774835,2911784455920,10094898769245,3054902226,0,0
66,25,60000000000,1.000000,100572740074843,2886391155912,10094898769245,3054902226,0,0
66,30,72000000000,0.965268,99619006822320,3976256303547,10096871893965,2975695778,34,0
66,35,60000000000,0.462709,96317646256601,15399070228611,10111100200700,2697519809,164,9
66,40,60000000000,1.000000,93926797194097,8529919961785,10111100200700,2697519809,164,9
66,45,60000000000,1.000000,91677968032118,8049453925617,10111100200700,2697519809,164,9
66,50,60000000000,1.000000,91777724387324,7949697570411,10111100200700,2697519809,164,9
66,55,60000000000,1.000000,91821837123706,7905584834029,10111100200700,2697519809,164,9
66,60,60000000000,1.000000,91890962910862,7836459046873,10111100200700,2697519809,164,9
66,65,60000000000,1.000000,91974350553509,7753071404226,10111100200700,2697519809,164,9
66,70,60000000000,1.000000,92019424791493,7707997166242,10111100200700,2697519809,164,9
66,75,60000000000,1.000000,92092284643885,7635137313850,10111100200700,2697519809,164,9
66,80,60000000000,1.000000,92149930594493,7577491363242,10111100200700,2697519809,164,9
66,85,60000000000,1.000000,92205347706173,7522074251562,10111100200700,2697519809,164,9
66,90,60000000000,1.000000,92292790494309,7434631463426,10111100200700,2697519809,164,9
66,95,60000000000,1.000000,92334781644589,7392640313146,10111100200700,2697519809,164,9
66,100,60000000000,1.000000,92399548287869,7327873669866,10111100200700,2697519809,164,9
66,105,60000000000,1.000000,92477621273301,7249800684434,10111100200700,2697519809,164,9
66,110,60000000000,1.000000,92519769632773,7207652324962,10111100200700,2697519809,164,9
66,115,60000000000,1.000000,92587899974813,7139521982922,10111100200700,2697519809,164,9
66,120,60000000000,1.000000,92641803986341,7085617971394,10111100200700,2697519809,164,9
66,125,60000000000,1.000000,92693623838477,7033798119258,10111100200700,2697519809,164,9
66,130,60000000000,1.000000,92775390502269,6952031455466,10111100200700,2697519809,164,9
66,135,60000000000,1.000000,92814655904693,6912766053042,10111100200700,2697519809,164,9
66,140,60000000000,1.000000,92875218387461,6852203570274,10111100200700,2697519809,164,9
66,145,60000000000,1.000000,92948223465333,6779198492402,10111100200700,2697519809,164,9
66,150,60000000000,1.000000,92987635872165,6739786085570,10111100200700,2697519809,164,9
66,155,60000000000,1.000000,93051343707757,6676078249978,10111100200700,2697519809,164,9
66,160,60000000000,1.000000,93101748678669,6625673279066,10111100200700,2697519809,164,9
66,165,60000000000,1.000000,93150204777949,6577217179786,10111100200700,2697519809,164,9
66,170,60000000000,1.000000,93226663768549,6500758189186,10111100200700,2697519809,164,9
66,175,60000000000,1.000000,93263380358125,6464041599610,10111100200700,2697519809,164,9
66,180,60000000000,1.000000,93320011582741,6407410374994,10111100200700,2697519809,164,9
66,185,60000000000,1.000000,93388277723229,6339144234506,10111100200700,2697519809,164,9
66,190,60000000000,1.000000,93425131774677,6302290183058,10111100200700,2697519809,164,9
66,195,60000000000,1.000000,93484704179541,6242717778194,10111100200700,2697519809,164,9
67,0,60000000000,1.000000,102126763116504,2968445407663,10084667475833,3040059764,0,0
67,5,60000000000,1.000000,102136488118663,2952781777249,10090606104088,3040059764,0,0
67,10,60000000000,1.000000,102158355501201,2930338462917,10091182035882,3040059764,0,0
67,15,60000000000,1.000000,102180993401537,2907700562581,10091182035882,3040059764,0,0
67,20,60000000000,1.000000,102209516321161,2879177642957,10091182035882,3040059764,0,0
67,25,60000000000,1.000000,102229641438081,2859052526037,10091182035882,3040059764,0,0
67,30,72000000000,0.673011,101785593490862,4900946182502,10095892496202,3009092904,40,0
67,35,60000000000,0.397840,98957280133664,15343560416940,10118312103318,2880287101,173,5
67,40,60000000000,0.854459,96087983149765,10502060098519,10118312103318,2880287101,173,5
67,45,60000000000,1.000000,93288143975397,9984741793071,10118312103318,2880287101,173,5
67,50,60000000000,1.000000,93416618489693,9856267278775,10118312103318,2880287101,173,5
67,55,60000000000,1.000000,93464454184351,9808431584117,10118312103318,2880287101,173,5
67,60,60000000000,1.000000,93558949598039,9713936170429,10118312103318,2880287101,173,5
67,65,60000000000,1.000000,93657067058734,9615818709734,10118312103318,2880287101,173,5
67,70,60000000000,1.000000,93716876083046,9556009685422,10118312103318,2880287101,173,5
67,75,60000000000,1.000000,93808696869214,9464188899254,10118312103318,2880287101,173,5
67,80,60000000000,1.000000,93887516462134,9385369306334,10118312103318,2880287101,173,5
67,85,60000000000,1.000000,93948964232406,9323921536062,10118312103318,2880287101,173,5
67,90,60000000000,1.000000,94055452604230,9217433164238,10118312103318,2880287101,173,5
67,95,60000000000,1.000000,94101137552574,9171748215894,10118312103318,2880287101,173,5
67,100,60000000000,1.000000,94189501343710,9083384424758,10118312103318,2880287101,173,5
67,105,60000000000,1.000000,94281253241846,8991632526622,10118312103318,2880287101,173,5
67,110,60000000000,1.000000,94337179916550,8935705851918,10118312103318,2880287101,173,5
67,115,60000000000,1.000000,94423040391790,8849845376678,10118312103318,2880287101,173,5
67,120,60000000000,1.000000,94496743612910,8776142155558,10118312103318,2880287101,173,5
67,125,60000000000,1.000000,94554202658718,8718683109750,10118312103318,2880287101,173,5
67,130,60000000000,1.000000,94653778611054,8619107157414,10118312103318,2880287101,173,5
67,135,60000000000,1.000000,94696498038118,8576387730350,10118312103318,2880287101,173,5
67,140,60000000000,1.000000,94779125920406,8493759848062,10118312103318,2880287101,173,5
67,145,60000000000,1.000000,94864921979422,8407963789046,10118312103318,2880287101,173,5
67,150,60000000000,1.000000,94917218317566,8355667450902,10118312103318,2880287101,173,5
67,155,60000000000,1.000000,94997505380366,8275380388102,10118312103318,2880287101,173,5
67,160,60000000000,1.000000,95066424345870,8206461422598,10118312103318,2880287101,173,5
67,165,60000000000,1.000000,95120153585142,8152732183326,10118312103318,2880287101,173,5
67,170,60000000000,1.000000,95213265819918,8059619948550,10118312103318,2880287101,173,5
67,175,60000000000,1.000000,95253212224958,8019673543510,10118312103318,2880287101,173,5
67,180,60000000000,1.000000,95330476530294,7942409238174,10118312103318,2880287101,173,5
67,185,60000000000,1.000000,95410703358150,7862182410318,10118312103318,2880287101,173,5
67,190,60000000000,1.000000,95459605013622,7813280754846,10118312103318,2880287101,173,5
67,195,60000000000,1.000000,95534680447670,7738205320798,10118312103318,2880287101,173,5
68,0,60000000000,1.000000,120581715925480,3157661542830,10110708531690,3666492150,0,0
68,5,60000000000,1.000000,120589599114640,3143970071485,10116516813875,3666492150,0,0
68,10,60000000000,1.000000,120615955759936,3116327752065,10117802487999,3666492150,0,0
68,15,60000000000,1.000000,120642294029720,3089989482281,10117802487999,3666492150,0,0
68,20,60000000000,1.000000,120666260716776,3066022795225,10117802487999,3666492150,0,0
68,25,60000000000,1.000000,120695360272192,3036923239809,10117802487999,3666492150,0,0
68,30,72000000000,0.478819,120246189947493,7269509649374,10123115525299,3637886412,42,2
68,35,60000000000,0.534282,114095067648036,17962314790696,10158083929266,3035847644,191,13
68,40,60000000000,1.000000,110287901439438,11541220874299,10158083929266,3035847644,191,13
68,45,60000000000,1.000000,108061838834154,9599937692363,10158083929266,3035847644,191,13
68,50,60000000000,1.000000,108184240519104,9477536007413,10158083929266,3035847644,191,13
68,55,60000000000,1.000000,108238065046247,9423711480270,10158083929266,3035847644,191,13
68,60,60000000000,1.000000,108317880600192,9343895926325,10158083929266,3035847644,191,13
68,65,60000000000,1.000000,108415580136702,9246196389815,10158083929266,3035847644,191,13
68,70,60000000000,1.000000,108476590904302,9185185622215,10158083929266,3035847644,191,13
68,75,60000000000,1.000000,108561249409894,9100527116623,10158083929266,3035847644,191,13
68,80,60000000000,1.000000,108637186997014,9024589529503,10158083929266,3035847644,191,13
68,85,60000000000,1.000000,108692623036742,8969153489775,10158083929266,3035847644,191,13
68,90,60000000000,1.000000,108797862100342,8863914426175,10158083929266,3035847644,191,13
68,95,60000000000,1.000000,108849641386102,8812135140415,10158083929266,3035847644,191,13
68,100,60000000000,1.000000,108924281172790,8737495353727,10158083929266,3035847644,191,13
68,105,60000000000,1.000000,109015773234942,8646003291575,10158083929266,3035847644,191,13
68,110,60000000000,1.000000,109072823645062,8588952881455,10158083929266,3035847644,191,13
68,115,60000000000,1.000000,109151986760966,8509789765551,10158083929266,3035847644,191,13
68,120,60000000000,1.000000,109222995054366,8438781472151,10158083929266,3035847644,191,13
68,125,60000000000,1.000000,109274832605790,8386943920727,10158083929266,3035847644,191,13
68,130,60000000000,1.000000,109373240345582,8288536180935,10158083929266,3035847644,191,13
68,135,60000000000,1.000000,109421658511726,8240118014791,10158083929266,3035847644,191,13
68,140,60000000000,1.000000,109491453248014,8170323278503,10158083929266,3035847644,191,13
68,145,60000000000,1.000000,109577006337694,8084770188823,10158083929266,3035847644,191,13
68,150,60000000000,1.000000,109630353466790,8031423059727,10158083929266,3035847644,191,13
68,155,60000000000,1.000000,109704377912190,7957398614327,10158083929266,3035847644,191,13
68,160,60000000000,1.000000,109770776884390,7890999642127,10158083929266,3035847644,191,13
68,165,60000000000,1.000000,109819249534054,7842526992463,10158083929266,3035847644,191,13
68,170,60000000000,1.000000,109911269387814,7750507138703,10158083929266,3035847644,191,13
68,175,60000000000,1.000000,109956544612846,7705231913671,10158083929266,3035847644,191,13
68,180,60000000000,1.000000,110021808802758,7639967723759,10158083929266,3035847644,191,13
68,185,60000000000,1.000000,110101808433182,7559968093335,10158083929266,3035847644,191,13
68,190,60000000000,1.000000,110151692670110,7510083856407,10158083929266,3035847644,191,13
68,195,60000000000,1.000000,110220912008430,7440864518087,10158083929266,3035847644,191,13
69,0,60000000000,1.000000,108402758172896,3029383209192,10095131617912,3732485868,0,0
69,5,60000000000,1.000000,108411892371717,3015197663934,10100182964349,3732485868,0,0
69,10,60000000000,1.000000,108436905644951,2989299693937,10101067661112,3732485868,0,0
69,15,60000000000,1.000000,108458419268127,2967786070761,10101067661112,3732485868,0,0
69,20,60000000000,1.000000,108486037194655,2940168144233,10101067661112,3732485868,0,0
69,25,60000000000,1.000000,108512258491111,2913946847777,10101067661112,3732485868,0,0
69,30,72000000000,0.642662,108209353628976,5004130475308,10101955192545,3701168077,35,3
69,35,60000000000,0.400963,103725279544394,19157485386243,10120541228044,3305060015,158,9
69,40,60000000000,1.000000,99502143123443,11208804452679,10120541228044,3305060015,158,9
69,45,60000000000,1.000000,97181167445135,9840866409023,10120541228044,3305060015,158,9
69,50,60000000000,1.000000,97336995576933,9685038277225,10120541228044,3305060015,158,9
69,55,60000000000,1.000000,97385426099742,9636607754416,10120541228044,3305060015,158,9
69,60,60000000000,1.000000,97474091702535,9547942151623,10120541228044,3305060015,158,9
69,65,60000000000,1.000000,97565014333020,9457019521138,10120541228044,3305060015,158,9
69,70,60000000000,1.000000,97625434624916,9396599229242,10120541228044,3305060015,158,9
69,75,60000000000,1.000000,97722415798620,9299618055538,10120541228044,3305060015,158,9
69,80,60000000000,1.000000,97803135669900,9218898184258,10120541228044,3305060015,158,9
69,85,60000000000,1.000000,97858816702780,9163217151378,10120541228044,3305060015,158,9
69,90,60000000000,1.000000,97964895529900,9057138324258,10120541228044,3305060015,158,9
69,95,60000000000,1.000000,98010880748700,9011153105458,10120541228044,3305060015,158,9
69,100,60000000000,1.000000,98093796032820,8928237821338,10120541228044,3305060015,158,9
69,105,60000000000,1.000000,98178892474244,8843141379914,10120541228044,3305060015,158,9
69,110,60000000000,1.000000,98235390737772,8786643116386,10120541228044,3305060015,158,9
69,115,60000000000,1.000000,98326076627380,8695957226778,10120541228044,3305060015,158,9
69,120,60000000000,1.000000,98401556775308,8620477078850,10120541228044,3305060015,158,9
69,125,60000000000,1.000000,98453623416772,8568410437386,10120541228044,3305060015,158,9
69,130,60000000000,1.000000,98552816408980,8469217445178,10120541228044,3305060015,158,9
69,135,60000000000,1.000000,98595816615348,8426217238810,10120541228044,3305060015,158,9
69,140,60000000000,1.000000,98673349666460,8348684187698,10120541228044,3305060015,158,9
69,145,60000000000,1.000000,98752922290564,8269111563594,10120541228044,3305060015,158,9
69,150,60000000000,1.000000,98805753114100,8216280740058,10120541228044,3305060015,158,9
69,155,60000000000,1.000000,98890552361812,8131481492346,10120541228044,3305060015,158,9
69,160,60000000000,1.000000,98961132909396,8060900944762,10120541228044,3305060015,158,9
69,165,60000000000,1.000000,99009819778300,8012214075858,10120541228044,3305060015,158,9
69,170,60000000000,1.000000,99102573911820,7919459942338,10120541228044,3305060015,158,9
69,175,60000000000,1.000000,99142782869924,7879250984234,10120541228044,3305060015,158,9
69,180,60000000000,1.000000,99215283062052,7806750792106,10120541228044,3305060015,158,9
69,185,60000000000,1.000000,99289690433420,7732343420738,10120541228044,3305060015,158,9
69,190,60000000000,1.000000,99339091879644,7682941974514,10120541228044,3305060015,158,9
69,195,60000000000,1.000000,99418386601812,7603647252346,10120541228044,3305060015,158,9
70,0,60000000000,1.000000,93247491444947,2885356739183,10071117815870,2546977688,0,0
70,5,60000000000,1.000000,93256229932734,2870279078541,10077456988725,2546977688,0,0
70,10,60000000000,1.000000,93274589054128,2850939241620,10078437704252,2546977688,0,0
70,15,60000000000,1.000000,93303172606172,2822302453876,10078490939952,2546977688,0,0
70,20,60000000000,1.000000,93322362850964,2803112209084,10078490939952,2546977688,0,0
70,25,60000000000,1.000000,93346495249676,2778979810372,10078490939952,2546977688,0,0
70,30,72000000000,0.747083,92941172275431,4254216034875,10084540839004,2511658419,26,1
70,35,60000000000,0.806154,88981107439397,8803252915017,10126082224916,2327033184,168,6
70,40,60000000000,1.000000,84167450098211,11252410972344,10126082224916,2327033184,168,6
70,45,60000000000,1.000000,82768946703280,10792855593768,10126082224916,2327033184,168,6
70,50,60000000000,1.000000,82821881962876,10739920334172,10126082224916,2327033184,168,6
70,55,60000000000,1.000000,82881367977138,10680434319910,10126082224916,2327033184,168,6
70,60,60000000000,1.000000,82974496778956,10587305518092,10126082224916,2327033184,168,6
70,65,60000000000,1.000000,83086089682624,10475712614424,10126082224916,2327033184,168,6
70,70,60000000000,1.000000,83139250339832,10422551957216,10126082224916,2327033184,168,6
70,75,60000000000,1.000000,83248707291096,10313095005952,10126082224916,2327033184,168,6
70,80,60000000000,1.000000,83352252069216,10209550227832,10126082224916,2327033184,168,6
70,85,60000000000,1.000000,83402259468096,10159542828952,10126082224916,2327033184,168,6
70,90,60000000000,1.000000,83518082504200,10043719792848,10126082224916,2327033184,168,6
70,95,60000000000,1.000000,83574542681688,9987259615360,10126082224916,2327033184,168,6
70,100,60000000000,1.000000,83661707504280,9900094792768,10126082224916,2327033184,168,6
70,105,60000000000,1.000000,83766093672688,9795708624360,10126082224916,2327033184,168,6
70,110,60000000000,1.000000,83815803542104,9745998754944,10126082224916,2327033184,168,6
70,115,60000000000,1.000000,83918155376104,9643646920944,10126082224916,2327033184,168,6
70,120,60000000000,1.000000,84014978810560,9546823486488,10126082224916,2327033184,168,6
70,125,60000000000,1.000000,84061740107416,9500062189632,10126082224916,2327033184,168,6
70,130,60000000000,1.000000,84170044788128,9391757508920,10126082224916,2327033184,168,6
70,135,60000000000,1.000000,84222839997856,9338962299192,10126082224916,2327033184,168,6
70,140,60000000000,1.000000,84304346739536,9257455557512,10126082224916,2327033184,168,6
70,145,60000000000,1.000000,84401956947664,9159845349384,10126082224916,2327033184,168,6
70,150,60000000000,1.000000,84448440028400,9113362268648,10126082224916,2327033184,168,6
70,155,60000000000,1.000000,84544147955808,9017654341240,10126082224916,2327033184,168,6
70,160,60000000000,1.000000,84634686345400,8927115951648,10126082224916,2327033184,168,6
70,165,60000000000,1.000000,84678412252664,8883390044384,10126082224916,2327033184,168,6
70,170,60000000000,1.000000,84779686612792,8782115684256,10126082224916,2327033184,168,6
70,175,60000000000,1.000000,84829054756992,8732747540056,10126082224916,2327033184,168,6
70,180,60000000000,1.000000,84905270697704,8656531599344,10126082224916,2327033184,168,6
70,185,60000000000,1.000000,84996544789432,8565257507616,10126082224916,2327033184,168,6
70,190,60000000000,1.000000,85040010540216,8521791756832,10126082224916,2327033184,168,6
70,195,60000000000,1.000000,85129505832960,8432296464088,10126082224916,2327033184,168,6
71,0,60000000000,1.000000,111867549166395,3056615503035,10102317330570,4216549288,0,0
71,5,60000000000,1.000000,111876574546673,3041321753045,10108585700282,4216549288,0,0
71,10,60000000000,1.000000,111899506659826,3017605462748,10109369877426,4216549288,0,0
71,15,60000000000,1.000000,111925667589338,2991444533236,10109369877426,4216549288,0,0
71,20,60000000000,1.000000,111949863355186,2967248767388,10109369877426,4216549288,0,0
71,25,60000000000,1.000000,111974416458458,2942695664116,10109369877426,4216549288,0,0
71,30,72000000000,1.000000,109275959795323,4733913700887,10130782345739,4054033867,31,1
71,35,60000000000,0.404161,105946182746999,22088887535482,10152833832520,3826952346,166,9
71,40,60000000000,1.000000,102027882811309,11768627557266,10152833832520,3826952346,166,9
71,45,60000000000,1.000000,98337154157377,12331292599314,10152833832520,3826952346,166,9
71,50,60000000000,1.000000,98474446980759,12193999775932,10152833832520,3826952346,166,9
71,55,60000000000,1.000000,98555442904296,12113003852395,10152833832520,3826952346,166,9
71,60,60000000000,1.000000,98643094538402,12025352218289,10152833832520,3826952346,166,9
71,65,60000000000,1.000000,98780760370114,11887686386577,10152833832520,3826952346,166,9
71,70,60000000000,1.000000,98860636973234,11807809783457,10152833832520,3826952346,166,9
71,75,60000000000,1.000000,98957494249826,11710952506865,10152833832520,3826952346,166,9
71,80,60000000000,1.000000,99048924783978,11619521972713,10152833832520,3826952346,166,9
71,85,60000000000,1.000000,99135220118554,11533226638137,10152833832520,3826952346,166,9
71,90,60000000000,1.000000,99262800483794,11405646272897,10152833832520,3826952346,166,9
71,95,60000000000,1.000000,99341714378362,11326732378329,10152833832520,3826952346,166,9
71,100,60000000000,1.000000,99423683133018,11244763623673,10152833832520,3826952346,166,9
71,105,60000000000,1.000000,99552419015818,11116027740873,10152833832520,3826952346,166,9
71,110,60000000000,1.000000,99627110634090,11041336122601,10152833832520,3826952346,166,9
71,115,60000000000,1.000000,99717680669186,10950766087505,10152833832520,3826952346,166,9
71,120,60000000000,1.000000,99803176224922,10865270531769,10152833832520,3826952346,166,9
71,125,60000000000,1.000000,99883869919074,10784576837617,10152833832520,3826952346,166,9
71,130,60000000000,1.000000,100003168732002,10665278024689,10152833832520,3826952346,166,9
71,135,60000000000,1.000000,100076960133482,10591486623209,10152833832520,3826952346,166,9
71,140,60000000000,1.000000,100153608096674,10514838660017,10152833832520,3826952346,166,9
71,145,60000000000,1.000000,100273987419834,10394459336857,10152833832520,3826952346,166,9
71,150,60000000000,1.000000,100343830623314,10324616133377,10152833832520,3826952346,166,9
71,155,60000000000,1.000000,100428521536714,10239925219977,10152833832520,3826952346,166,9
71,160,60000000000,1.000000,100508467367602,10159979389089,10152833832520,3826952346,166,9
71,165,60000000000,1.000000,100583923037658,10084523719033,10152833832520,3826952346,166,9
71,170,60000000000,1.000000,100695477874290,9972968882401,10152833832520,3826952346,166,9
71,175,60000000000,1.000000,100764479296210,9903967460481,10152833832520,3826952346,166,9
71,180,60000000000,1.000000,100836151853546,9832294903145,10152833832520,3826952346,166,9
71,185,60000000000,1.000000,100948717061842,9719729694849,10152833832520,3826952346,166,9
71,190,60000000000,1.000000,101014026572898,9654420183793,10152833832520,3826952346,166,9
71,195,60000000000,1.000000,101093219993026,9575226763665,10152833832520,3826952346,166,9
72,0,60000000000,1.000000,119253079880476,3283341613921,10124845505603,4198640274,0,0
72,5,60000000000,1.000000,119263567097019,3267429925392,10130269977589,4198640274,0,0
72,10,60000000000,1.000000,119291182181427,3238839488859,10131245329714,4198640274,0,0
72,15,60000000000,1.000000,119316236912947,3213784757339,10131245329714,4198640274,0,0
72,20,60000000000,1.000000,119343068401811,3186953268475,10131245329714,4198640274,0,0
72,25,60000000000,1.000000,119369317934787,3160703735499,10131245329714,4198640274,0,0
72,30,72000000000,0.485541,118981847657955,7303590432221,10133224077983,4166263387,37,3
72,35,60000000000,0.632996,112058543758539,16400197319599,10221456078522,3680165171,147,7
72,40,60000000000,1.000000,108688542969381,13077430657357,10221456078522,3680165171,147,7
72,45,60000000000,1.000000,106354400889798,10029642768237,10221456078522,3680165171,147,7
72,50,60000000000,1.000000,106507988879870,9876054778165,10221456078522,3680165171,147,7
72,55,60000000000,1.000000,106548104272585,9835939385450,10221456078522,3680165171,147,7
72,60,60000000000,1.000000,106646972644090,9737071013945,10221456078522,3680165171,147,7
72,65,60000000000,1.000000,106741078970630,9642964687405,10221456078522,3680165171,147,7
72,70,60000000000,1.000000,106800934491118,9583109166917,10221456078522,3680165171,147,7
72,75,60000000000,1.000000,106900060031638,9483983626397,10221456078522,3680165171,147,7
72,80,60000000000,1.000000,106975545421150,9408498236885,10221456078522,3680165171,147,7
72,85,60000000000,1.000000,107038136655494,9345907002541,10221456078522,3680165171,147,7
72,90,60000000000,1.000000,107148280126582,9235763531453,10221456078522,3680165171,147,7
72,95,60000000000,1.000000,107186465083374,9197578574661,10221456078522,3680165171,147,7
72,100,60000000000,1.000000,107278997887982,9105045770053,10221456078522,3680165171,147,7
72,105,60000000000,1.000000,107367027264926,9017016393109,10221456078522,3680165171,147,7
72,110,60000000000,1.000000,107422997417886,8961046240149,10221456078522,3680165171,147,7
72,115,60000000000,1.000000,107515688478206,8868355179829,10221456078522,3680165171,147,7
72,120,60000000000,1.000000,107586273927286,8797769730749,10221456078522,3680165171,147,7
72,125,60000000000,1.000000,107644802212150,8739241445885,10221456078522,3680165171,147,7
72,130,60000000000,1.000000,107747796002286,8636247655749,10221456078522,3680165171,147,7
72,135,60000000000,1.000000,107783502280454,8600541377581,10221456078522,3680165171,147,7
72,140,60000000000,1.000000,107870028555334,8514015102701,10221456078522,3680165171,147,7
72,145,60000000000,1.000000,107952343731150,8431699926885,10221456078522,3680165171,147,7
72,150,60000000000,1.000000,108004680725070,8379362932965,10221456078522,3680165171,147,7
72,155,60000000000,1.000000,108091354982974,8292688675061,10221456078522,3680165171,147,7
72,160,60000000000,1.000000,108157358558646,8226685099389,10221456078522,3680165171,147,7
72,165,60000000000,1.000000,108212087630078,8171956027957,10221456078522,3680165171,147,7
72,170,60000000000,1.000000,108308395842590,8075647815445,10221456078522,3680165171,147,7
72,175,60000000000,1.000000,108341784339398,8042259318637,10221456078522,3680165171,147,7
72,180,60000000000,1.000000,108422693983126,7961349674909,10221456078522,3680165171,147,7
72,185,60000000000,1.000000,108499665880286,7884377777749,10221456078522,3680165171,147,7
72,190,60000000000,1.000000,108548605552590,7835438105445,10221456078522,3680165171,147,7
72,195,60000000000,1.000000,108629653573398,7754390084637,10221456078522,3680165171,147,7
73,0,60000000000,1.000000,97853858184337,3097889764008,10092857051655,3107425986,0,0
73,5,60000000000,1.000000,97863725695234,3081800151059,10099079153707,3107425986,0,0
73,10,60000000000,1.000000,97885960875520,3058798751165,10099845373315,3107425986,0,0
73,15,60000000000,1.000000,97913914532568,3030845094117,10099845373315,3107425986,0,0
73,20,60000000000,1.000000,97937272673072,3007486953613,10099845373315,3107425986,0,0
73,25,60000000000,1.000000,97964060592056,2980699034629,10099845373315,3107425986,0,0
73,30,72000000000,0.577466,97556123705995,5863931256674,10102263273480,3070880349,36,4
73,35,60000000000,0.497425,95014242312256,11890596177355,10115680951475,2855152390,170,9
73,40,60000000000,1.000000,92735141454045,7108215101638,10115680951475,2855152390,170,9
73,45,60000000000,1.000000,87867477846310,10240786156158,10115680951475,2855152390,170,9
73,50,60000000000,1.000000,87941170135663,10167093866805,10115680951475,2855152390,170,9
73,55,60000000000,1.000000,87989835169992,10118428832476,10115680951475,2855152390,170,9
73,60,60000000000,1.000000,88085354371201,10022909631267,10115680951475,2855152390,170,9
73,65,60000000000,1.000000,88194933324033,9913330678435,10115680951475,2855152390,170,9
73,70,60000000000,1.000000,88248574040409,9859689962059,10115680951475,2855152390,170,9
73,75,60000000000,1.000000,88346660701257,9761603301211,10115680951475,2855152390,170,9
73,80,60000000000,1.000000,88404128105833,9704135896635,10115680951475,2855152390,170,9
73,85,60000000000,1.000000,88485803285433,9622460717035,10115680951475,2855152390,170,9
73,90,60000000000,1.000000,88601081515417,9507182487051,10115680951475,2855152390,170,9
73,95,60000000000,1.000000,88646473188169,9461790814299,10115680951475,2855152390,170,9
73,100,60000000000,1.000000,88735959621457,9372304381011,10115680951475,2855152390,170,9
73,105,60000000000,1.000000,88838431733817,9269832268651,10115680951475,2855152390,170,9
73,110,60000000000,1.000000,88888590500625,9219673501843,10115680951475,2855152390,170,9
73,115,60000000000,1.000000,88980310117353,9127953885115,10115680951475,2855152390,170,9
73,120,60000000000,1.000000,89034047172841,9074216829627,10115680951475,2855152390,170,9
73,125,60000000000,1.000000,89110420617553,8997843384915,10115680951475,2855152390,170,9
73,130,60000000000,1.000000,89218215856841,8890048145627,10115680951475,2855152390,170,9
73,135,60000000000,1.000000,89260661045617,8847602956851,10115680951475,2855152390,170,9
73,140,60000000000,1.000000,89344338696649,8763925305819,10115680951475,2855152390,170,9
73,145,60000000000,1.000000,89440159094617,8668104907851,10115680951475,2855152390,170,9
73,150,60000000000,1.000000,89487061933841,8621202068627,10115680951475,2855152390,170,9
73,155,60000000000,1.000000,89572827806785,8535436195683,10115680951475,2855152390,170,9
73,160,60000000000,1.000000,89623076659009,8485187343459,10115680951475,2855152390,170,9
73,165,60000000000,1.000000,89694492517345,8413771485123,10115680951475,2855152390,170,9
73,170,60000000000,1.000000,89795290505169,8312973497299,10115680951475,2855152390,170,9
73,175,60000000000,1.000000,89834980473265,8273283529203,10115680951475,2855152390,170,9
73,180,60000000000,1.000000,89913226404273,8195037598195,10115680951475,2855152390,170,9
73,185,60000000000,1.000000,90002826866921,8105437135547,10115680951475,2855152390,170,9
73,190,60000000000,1.000000,90046685128521,8061578873947,10115680951475,2855152390,170,9
73,195,60000000000,1.000000,90126883729905,7981380272563,10115680951475,2855152390,170,9
74,0,60000000000,1.000000,120679830951653,3135966503391,10108831544956,4033718636,0,0
74,5,60000000000,1.000000,120686749375733,3123973064316,10113906559951,4033718636,0,0
74,10,60000000000,1.000000,120715139344118,3094953155942,10114536499940,4033718636,0,0
74,15,60000000000,1.000000,120737292216318,3072800283742,10114536499940,4033718636,0,0
74,20,60000000000,1.000000,120764984057838,3045108442222,10114536499940,4033718636,0,0
74,25,60000000000,1.000000,120792852940550,3017239559510,10114536499940,4033718636,0,0
74,30,72000000000,0.814359,120078123904198,4580173424868,10116597463863,3956031105,37,2
74,35,60000000000,0.303942,118391121697014,17785026090743,10127893159164,3830965402,158,9
74,40,60000000000,0.933617,108401105082665,16490310175997,10127893159164,3830965402,158,9
74,45,60000000000,1.000000,106059860138956,15641460349517,10127893159164,3830965402,158,9
74,50,60000000000,1.000000,106228804364465,15472516124008,10127893159164,3830965402,158,9
74,55,60000000000,1.000000,106359654558140,15341665930333,10127893159164,3830965402,158,9
74,60,60000000000,1.000000,106441047270926,15260273217547,10127893159164,3830965402,158,9
74,65,60000000000,1.000000,106617502127609,15083818360864,10127893159164,3830965402,158,9
74,70,60000000000,1.000000,106754947134497,14946373353976,10127893159164,3830965402,158,9
74,75,60000000000,1.000000,106841524150129,14859796338344,10127893159164,3830965402,158,9
74,80,60000000000,1.000000,106996705577273,14704614911200,10127893159164,3830965402,158,9
74,85,60000000000,1.000000,107049220675833,14652099812640,10127893159164,3830965402,158,9
74,90,60000000000,1.000000,107232183684161,14469136804312,10127893159164,3830965402,158,9
74,95,60000000000,1.000000,107355395929593,14345924558880,10127893159164,3830965402,158,9
74,100,60000000000,1.000000,107431584407041,14269736081432,10127893159164,3830965402,158,9
74,105,60000000000,1.000000,107596629482337,14104691006136,10127893159164,3830965402,158,9
74,110,60000000000,1.000000,107725152599089,13976167889384,10127893159164,3830965402,158,9
74,115,60000000000,1.000000,107806109689689,13895210798784,10127893159164,3830965402,158,9
74,120,60000000000,1.000000,107951217912537,13750102575936,10127893159164,3830965402,158,9
74,125,60000000000,1.000000,108000324128153,13700996360320,10127893159164,3830965402,158,9
74,130,60000000000,1.000000,108171410562097,13529909926376,10127893159164,3830965402,158,9
74,135,60000000000,1.000000,108286624800689,13414695687784,10127893159164,3830965402,158,9
74,140,60000000000,1.000000,108357867698513,13343452789960,10127893159164,3830965402,158,9
74,145,60000000000,1.000000,108512199296025,13189121192448,10127893159164,3830965402,158,9
74,150,60000000000,1.000000,108632379664305,13068940824168,10127893159164,3830965402,158,9
74,155,60000000000,1.000000,108708081633185,12993238855288,10127893159164,3830965402,158,9
74,160,60000000000,1.000000,108843770527969,12857549960504,10127893159164,3830965402,158,9
74,165,60000000000,1.000000,108889689139601,12811631348872,10127893159164,3830965402,158,9
74,170,60000000000,1.000000,109049669936569,12651650551904,10127893159164,3830965402,158,9
74,175,60000000000,1.000000,109157405338441,12543915150032,10127893159164,3830965402,158,9
74,180,60000000000,1.000000,109224023686337,12477296802136,10127893159164,3830965402,158,9
74,185,60000000000,1.000000,109368337244105,12332983244368,10127893159164,3830965402,158,9
74,190,60000000000,1.000000,109480716412025,12220604076448,10127893159164,3830965402,158,9
74,195,60000000000,1.000000,109551504381601,12149816106872,10127893159164,3830965402,158,9
75,0,60000000000,1.000000,101370025143948,2974426749838,10080522106214,3197820010,0,0
75,5,60000000000,1.000000,101377312960610,2962191166164,10085469873226,3197820010,0,0
75,10,60000000000,1.000000,101403878785534,2934455010751,10086640203715,3197820010,0,0
75,15,60000000000,1.000000,101422700265518,2915633530767,10086640203715,3197820010,0,0
75,20,60000000000,1.000000,101450522852414,2887810943871,10086640203715,3197820010,0,0
75,25,60000000000,1.000000,101474751379446,2863582416839,10086640203715,3197820010,0,0
75,30,72000000000,0.746522,101039237976846,4413827335098,10090716943894,3165178526,38,2
75,35,60000000000,0.361135,97991704890987,17494174825813,10115503824593,2940140431,172,7
75,40,60000000000,1.000000,94018748486123,10028079352001,10115503824593,2940140431,172,7
75,45,60000000000,1.000000,90935877679766,10568881569169,10115503824593,2940140431,172,7
75,50,60000000000,1.000000,91115069616319,10389689632616,10115503824593,2940140431,172,7
75,55,60000000000,1.000000,91151430835265,10353328413670,10115503824593,2940140431,172,7
75,60,60000000000,1.000000,91259537686225,10245221562710,10115503824593,2940140431,172,7
75,65,60000000000,1.000000,91361341695800,10143417553135,10115503824593,2940140431,172,7
75,70,60000000000,1.000000,91418329917616,10086429331319,10115503824593,2940140431,172,7
75,75,60000000000,1.000000,91527601094640,9977158154295,10115503824593,2940140431,172,7
75,80,60000000000,1.000000,91605299450488,9899459798447,10115503824593,2940140431,172,7
75,85,60000000000,1.000000,91674870202824,9829889046111,10115503824593,2940140431,172,7
75,90,60000000000,1.000000,91787888776216,9716870472719,10115503824593,2940140431,172,7
75,95,60000000000,1.000000,91823340757056,9681418491879,10115503824593,2940140431,172,7
75,100,60000000000,1.000000,91924576836424,9580182412511,10115503824593,2940140431,172,7
75,105,60000000000,1.000000,92019775604208,9484983644727,10115503824593,2940140431,172,7
75,110,60000000000,1.000000,92073064581664,9431694667271,10115503824593,2940140431,172,7
75,115,60000000000,1.000000,92175242700480,9329516548455,10115503824593,2940140431,172,7
75,120,60000000000,1.000000,92247897466688,9256861782247,10115503824593,2940140431,172,7
75,125,60000000000,1.000000,92312952211952,9191807036983,10115503824593,2940140431,172,7
75,130,60000000000,1.000000,92418634474448,9086124774487,10115503824593,2940140431,172,7
75,135,60000000000,1.000000,92451785181008,9052974067927,10115503824593,2940140431,172,7
75,140,60000000000,1.000000,92546449779848,8958309469087,10115503824593,2940140431,172,7
75,145,60000000000,1.000000,92635468963824,8869290285111,10115503824593,2940140431,172,7
75,150,60000000000,1.000000,92685298824200,8819460424735,10115503824593,2940140431,172,7
75,155,60000000000,1.000000,92780844312568,8723914936367,10115503824593,2940140431,172,7
75,160,60000000000,1.000000,92848782881016,8655976367919,10115503824593,2940140431,172,7
75,165,60000000000,1.000000,92909614764488,8595144484447,10115503824593,2940140431,172,7
75,170,60000000000,1.000000,93008436934208,8496322314727,10115503824593,2940140431,172,7
75,175,60000000000,1.000000,93039435747656,8465323501279,10115503824593,2940140431,172,7
75,180,60000000000,1.000000,93127955437024,8376803811911,10115503824593,2940140431,172,7
75,185,60000000000,1.000000,93211196169024,8293563079911,10115503824593,2940140431,172,7
75,190,60000000000,1.000000,93257791451688,8246967797247,10115503824593,2940140431,172,7
75,195,60000000000,1.000000,93347134849704,8157624399231,10115503824593,2940140431,172,7
76,0,60000000000,1.000000,99936578353989,2886468029293,10082893616718,2873344980,0,0
76,5,60000000000,1.000000,99945474789799,2871666433736,10088798776465,2873344980,0,0
76,10,60000000000,1.000000,99967536966635,2849467109478,10088935923887,2873344980,0,0
76,15,60000000000,1.000000,99989678515475,2827325560638,10088935923887,2873344980,0,0
76,20,60000000000,1.000000,100016682798331,2800321277782,10088935923887,2873344980,0,0
76,25,60000000000,1.000000,100036153905571,2780850170542,10088935923887,2873344980,0,0
76,30,72000000000,0.695774,99706755859051,4466843826012,10091269421693,2850388998,35,1
76,35,60000000000,0.563058,96924156525302,10432909549777,10107447219976,2642314521,167,6
76,40,60000000000,1.000000,91220638492464,11383854626458,10107447219976,2642314521,167,6
76,45,60000000000,1.000000,87982073980941,12304907366354,10107447219976,2642314521,167,6
76,50,60000000000,1.000000,88064936364369,12222044982926,10107447219976,2642314521,167,6
76,55,60000000000,1.000000,88101170291780,12185811055515,10107447219976,2642314521,167,6
76,60,60000000000,1.000000,88237066685066,12049914662229,10107447219976,2642314521,167,6
76,65,60000000000,1.000000,88360707790438,11926273556857,10107447219976,2642314521,167,6
76,70,60000000000,1.000000,88421032638382,11865948708913,10107447219976,2642314521,167,6
76,75,60000000000,1.000000,88550809767606,11736171579689,10107447219976,2642314521,167,6
76,80,60000000000,1.000000,88648376503814,11638604843481,10107447219976,2642314521,167,6
76,85,60000000000,1.000000,88722579879214,11564401468081,10107447219976,2642314521,167,6
76,90,60000000000,1.000000,88856740315646,11430241031649,10107447219976,2642314521,167,6
76,95,60000000000,1.000000,88892013621550,11394967725745,10107447219976,2642314521,167,6
76,100,60000000000,1.000000,89019171127966,11267810219329,10107447219976,2642314521,167,6
76,105,60000000000,1.000000,89134871223190,11152110124105,10107447219976,2642314521,167,6
76,110,60000000000,1.000000,89191280238414,11095701108881,10107447219976,2642314521,167,6
76,115,60000000000,1.000000,89312633218230,10974348129065,10107447219976,2642314521,167,6
76,120,60000000000,1.000000,89403866660102,10883114687193,10107447219976,2642314521,167,6
76,125,60000000000,1.000000,89473253313662,10813728033633,10107447219976,2642314521,167,6
76,130,60000000000,1.000000,89598705069342,10688276277953,10107447219976,2642314521,167,6
76,135,60000000000,1.000000,89631688698974,10655292648321,10107447219976,2642314521,167,6
76,140,60000000000,1.000000,89750592102006,10536389245289,10107447219976,2642314521,167,6
76,145,60000000000,1.000000,89858781822294,10428199525001,10107447219976,2642314521,167,6
76,150,60000000000,1.000000,89911529191054,10375452156241,10107447219976,2642314521,167,6
76,155,60000000000,1.000000,90025004853614,10261976493681,10107447219976,2642314521,167,6
76,160,60000000000,1.000000,90110316110614,10176665236681,10107447219976,2642314521,167,6
76,165,60000000000,1.000000,90175198707590,10111782639705,10107447219976,2642314521,167,6
76,170,60000000000,1.000000,90292507084406,9994474262889,10107447219976,2642314521,167,6
76,175,60000000000,1.000000,90323349666310,9963631680985,10107447219976,2642314521,167,6
76,180,60000000000,1.000000,90434534760030,9852446587265,10107447219976,2642314521,167,6
76,185,60000000000,1.000000,90535701622230,9751279725065,10107447219976,2642314521,167,6
76,190,60000000000,1.000000,90585025030798,9701956316497,10107447219976,2642314521,167,6
76,195,60000000000,1.000000,90691134711734,9595846635561,10107447219976,2642314521,167,6
77,0,60000000000,1.000000,103670061130862,2942610171925,10086489697213,2997826264,0,0
77,5,60000000000,1.000000,103678657229289,2928415634338,10092088136373,2997826264,0,0
77,10,60000000000,1.000000,103702648969251,2904100672437,10092411358312,2997826264,0,0
77,15,60000000000,1.000000,103725446142803,2881303498885,10092411358312,2997826264,0,0
77,20,60000000000,1.000000,103746580232755,2860169408933,10092411358312,2997826264,0,0
77,25,60000000000,1.000000,103775534432435,2831215209253,10092411358312,2997826264,0,0
77,30,72000000000,0.715801,102907498285313,5158238941364,10099388936446,2920709026,40,1
77,35,60000000000,0.436506,100264175065510,14432345602526,10135187135234,2756455198,184,6
77,40,60000000000,1.000000,97733008941895,8830313912067,10135187135234,2756455198,184,6
77,45,60000000000,1.000000,93370381376892,10499826809499,10135187135234,2756455198,184,6
77,50,60000000000,1.000000,93492640619825,10377567566566,10135187135234,2756455198,184,6
77,55,60000000000,1.000000,93543787566486,10326420619905,10135187135234,2756455198,184,6
77,60,60000000000,1.000000,93635095118301,10235113068090,10135187135234,2756455198,184,6
77,65,60000000000,1.000000,93729610876527,10140597309864,10135187135234,2756455198,184,6
77,70,60000000000,1.000000,93807309880415,10062898305976,10135187135234,2756455198,184,6
77,75,60000000000,1.000000,93902256645535,9967951540856,10135187135234,2756455198,184,6
77,80,60000000000,1.000000,93965811366463,9904396819928,10135187135234,2756455198,184,6
77,85,60000000000,1.000000,94049428392287,9820779794104,10135187135234,2756455198,184,6
77,90,60000000000,1.000000,94163795046111,9706413140280,10135187135234,2756455198,184,6
77,95,60000000000,1.000000,94213986909543,9656221276848,10135187135234,2756455198,184,6
77,100,60000000000,1.000000,94299471143231,9570737043160,10135187135234,2756455198,184,6
77,105,60000000000,1.000000,94387861715911,9482346470480,10135187135234,2756455198,184,6
77,110,60000000000,1.000000,94460517088279,9409691098112,10135187135234,2756455198,184,6
77,115,60000000000,1.000000,94549300627599,9320907558792,10135187135234,2756455198,184,6
77,120,60000000000,1.000000,94608729856791,9261478329600,10135187135234,2756455198,184,6
77,125,60000000000,1.000000,94686919097727,9183289088664,10135187135234,2756455198,184,6
77,130,60000000000,1.000000,94793861933527,9076346252864,10135187135234,2756455198,184,6
77,135,60000000000,1.000000,94840795720871,9029412465520,10135187135234,2756455198,184,6
77,140,60000000000,1.000000,94920730964863,8949477221528,10135187135234,2756455198,184,6
77,145,60000000000,1.000000,95003383890327,8866824296064,10135187135234,2756455198,184,6
77,150,60000000000,1.000000,95071323025487,8798885160904,10135187135234,2756455198,184,6
77,155,60000000000,1.000000,95154343409255,8715864777136,10135187135234,2756455198,184,6
77,160,60000000000,1.000000,95209914942495,8660293243896,10135187135234,2756455198,184,6
77,165,60000000000,1.000000,95283028729447,8587179456944,10135187135234,2756455198,184,6
77,170,60000000000,1.000000,95383029645479,8487178540912,10135187135234,2756455198,184,6
77,175,60000000000,1.000000,95426916846407,8443291339984,10135187135234,2756455198,184,6
77,180,60000000000,1.000000,95501663299047,8368544887344,10135187135234,2756455198,184,6
77,185,60000000000,1.000000,95578951021839,8291257164552,10135187135234,2756455198,184,6
77,190,60000000000,1.000000,95642480062375,8227728124016,10135187135234,2756455198,184,6
77,195,60000000000,1.000000,95720111390935,8150096795456,10135187135234,2756455198,184,6
78,0,60000000000,1.000000,98799438954728,2944233992744,10073504052528,2626151768,0,0
78,5,60000000000,1.000000,98806621001853,2930262251907,10080293746240,2626151768,0,0
78,10,60000000000,1.000000,98829069040276,2907622378738,10080485580986,2626151768,0,0
78,15,60000000000,1.000000,98851621962540,2885069456474,10080485580986,2626151768,0,0
78,20,60000000000,1.000000,98879170354516,2857521064498,10080485580986,2626151768,0,0
78,25,60000000000,1.000000,98901248066436,2835443352578,10080485580986,2626151768,0,0
78,30,72000000000,0.754599,97933847386473,5017317651046,10097268908786,2555722895,30,0
78,35,60000000000,0.407971,96266492884683,13322349670341,10115549710913,2441442805,179,6
78,40,60000000000,0.975229,92979212956784,8943965688636,10115549710913,2441442805,179,6
78,45,60000000000,1.000000,91159722358300,8434804799148,10115549710913,2441442805,179,6
78,50,60000000000,1.000000,91273281250063,8321245907385,10115549710913,2441442805,179,6
78,55,60000000000,1.000000,91311440492738,8283086664710,10115549710913,2441442805,179,6
78,60,60000000000,1.000000,91393418775739,8201108381709,10115549710913,2441442805,179,6
78,65,60000000000,1.000000,91475766118630,8118761038818,10115549710913,2441442805,179,6
78,70,60000000000,1.000000,91525043031350,8069484126098,10115549710913,2441442805,179,6
78,75,60000000000,1.000000,91603693193078,7990833964370,10115549710913,2441442805,179,6
78,80,60000000000,1.000000,91673380150494,7921147006954,10115549710913,2441442805,179,6
78,85,60000000000,1.000000,91722271809950,7872255347498,10115549710913,2441442805,179,6
78,90,60000000000,1.000000,91812567798742,7781959358706,10115549710913,2441442805,179,6
78,95,60000000000,1.000000,91849034131198,7745493026250,10115549710913,2441442805,179,6
78,100,60000000000,1.000000,91925693862494,7668833294954,10115549710913,2441442805,179,6
78,105,60000000000,1.000000,92002774642518,7591752514930,10115549710913,2441442805,179,6
78,110,60000000000,1.000000,92048852870750,7545674286698,10115549710913,2441442805,179,6
78,115,60000000000,1.000000,92122397659054,7472129498394,10115549710913,2441442805,179,6
78,120,60000000000,1.000000,92187561066350,7406966091098,10115549710913,2441442805,179,6
78,125,60000000000,1.000000,92233279049134,7361248108314,10115549710913,2441442805,179,6
78,130,60000000000,1.000000,92317713705422,7276813452026,10115549710913,2441442805,179,6
78,135,60000000000,1.000000,92351812919302,7242714238146,10115549710913,2441442805,179,6
78,140,60000000000,1.000000,92423496480718,7171030676730,10115549710913,2441442805,179,6
78,145,60000000000,1.000000,92495573759670,7098953397778,10115549710913,2441442805,179,6
78,150,60000000000,1.000000,92538660937950,7055866219498,10115549710913,2441442805,179,6
78,155,60000000000,1.000000,92607431754958,6987095402490,10115549710913,2441442805,179,6
78,160,60000000000,1.000000,92668365246878,6926161910570,10115549710913,2441442805,179,6
78,165,60000000000,1.000000,92711115564158,6883411593290,10115549710913,2441442805,179,6
78,170,60000000000,1.000000,92790069361278,6804457796170,10115549710913,2441442805,179,6
78,175,60000000000,1.000000,92821955112326,6772572045122,10115549710913,2441442805,179,6
78,180,60000000000,1.000000,92888985519198,6705541638250,10115549710913,2441442805,179,6
78,185,60000000000,1.000000,92956384086366,6638143071082,10115549710913,2441442805,179,6
78,190,60000000000,1.000000,92996674370998,6597852786450,10115549710913,2441442805,179,6
78,195,60000000000,1.000000,93060981106870,6533546050578,10115549710913,2441442805,179,6
79,0,60000000000,1.000000,101443397174308,3002405951804,10090418873888,3253326008,0,0
79,5,60000000000,1.000000,101452990844941,2986567746262,10096663408797,3253326008,0,0
79,10,60000000000,1.000000,101473848940944,2964781386199,10097591672857,3253326008,0,0
79,15,60000000000,1.000000,101501162949880,2937467377263,10097591672857,3253326008,0,0
79,20,60000000000,1.000000,101522705712144,2915924614999,10097591672857,3253326008,0,0
79,25,60000000000,1.000000,101546952027152,2891678299991,10097591672857,3253326008,0,0
79,30,72000000000,1.000000,98968105084333,4398718423341,10105836481472,3050241806,47,3
79,35,60000000000,0.630053,93871734935251,16701329933157,10141764762666,2726420799,168,9
79,40,60000000000,1.000000,91540011392031,11551541557723,10141764762666,2726420799,168,9
79,45,60000000000,1.000000,90803937326188,7662627878291,10141764762666,2726420799,168,9
79,50,60000000000,1.000000,90938453647741,7528111556738,10141764762666,2726420799,168,9
79,55,60000000000,1.000000,90988752445156,7477812759323,10141764762666,2726420799,168,9
79,60,60000000000,1.000000,91046949170234,7419616034245,10141764762666,2726420799,168,9
79,65,60000000000,1.000000,91122552807773,7344012396706,10141764762666,2726420799,168,9
79,70,60000000000,1.000000,91176662205221,7289902999258,10141764762666,2726420799,168,9
79,75,60000000000,1.000000,91238723181013,7227842023466,10141764762666,2726420799,168,9
79,80,60000000000,1.000000,91307277634637,7159287569842,10141764762666,2726420799,168,9
79,85,60000000000,1.000000,91351086586453,7115478618026,10141764762666,2726420799,168,9
79,90,60000000000,1.000000,91425817170877,7040748033602,10141764762666,2726420799,168,9
79,95,60000000000,1.000000,91474062877909,6992502326570,10141764762666,2726420799,168,9
79,100,60000000000,1.000000,91528488544581,6938076659898,10141764762666,2726420799,168,9
79,105,60000000000,1.000000,91599270511245,6867294693234,10141764762666,2726420799,168,9
79,110,60000000000,1.000000,91649867536013,6816697668466,10141764762666,2726420799,168,9
79,115,60000000000,1.000000,91707899982861,6758665221618,10141764762666,2726420799,168,9
79,120,60000000000,1.000000,91772004399981,6694560804498,10141764762666,2726420799,168,9
79,125,60000000000,1.000000,91812969606093,6653595598386,10141764762666,2726420799,168,9
79,130,60000000000,1.000000,91882849246525,6583715957954,10141764762666,2726420799,168,9
79,135,60000000000,1.000000,91927963207133,6538601997346,10141764762666,2726420799,168,9
79,140,60000000000,1.000000,91978855971245,6487709233234,10141764762666,2726420799,168,9
79,145,60000000000,1.000000,92045043308165,6421521896314,10141764762666,2726420799,168,9
79,150,60000000000,1.000000,92092355956797,6374209247682,10141764762666,2726420799,168,9
79,155,60000000000,1.000000,92146621376077,6319943828402,10141764762666,2726420799,168,9
79,160,60000000000,1.000000,92206564619269,6260000585210,10141764762666,2726420799,168,9
79,165,60000000000,1.000000,92244870674069,6221694530410,10141764762666,2726420799,168,9
79,170,60000000000,1.000000,92310214256757,6156350947722,10141764762666,2726420799,168,9
79,175,60000000000,1.000000,92352399760349,6114165444130,10141764762666,2726420799,168,9
79,180,60000000000,1.000000,92399988951285,6066576253194,10141764762666,2726420799,168,9
79,185,60000000000,1.000000,92461879906893,6004685297586,10141764762666,2726420799,168,9
79,190,60000000000,1.000000,92506121376333,5960443828146,10141764762666,2726420799,168,9
79,195,60000000000,1.000000,92556864295101,5909700909378,10141764762666,2726420799,168,9
80,0,60000000000,1.000000,94159438092655,2916664386551,10077621520794,2853743770,0,0
80,5,60000000000,1.000000,94166364674782,2904453325292,10082905999926,2853743770,0,0
80,10,60000000000,1.000000,94190406567429,2879815280218,10083502152353,2853743770,0,0
80,15,60000000000,1.000000,94211679712349,2858542135298,10083502152353,2853743770,0,0
80,20,60000000000,1.000000,94236451764101,2833770083546,10083502152353,2853743770,0,0
80,25,60000000000,1.000000,94263171818709,2807050028938,10083502152353,2853743770,0,0
80,30,72000000000,0.893219,93347779480899,4160631569462,10089587719952,2781022520,46,2
80,35,60000000000,0.500372,89545300986302,14980359351918,10112670785182,2454299663,201,10
80,40,60000000000,1.000000,84690146724945,11283852011528,10112670785182,2454299663,201,10
80,45,60000000000,1.000000,83053276229664,9943759034640,10112670785182,2454299663,201,10
80,50,60000000000,1.000000,83195125212405,9801910051899,10112670785182,2454299663,201,10
80,55,60000000000,1.000000,83264302184530,9732733079774,10112670785182,2454299663,201,10
80,60,60000000000,1.000000,83329939737854,9667095526450,10112670785182,2454299663,201,10
80,65,60000000000,1.000000,83439729282941,9557305981363,10112670785182,2454299663,201,10
80,70,60000000000,1.000000,83508245462245,9488789802059,10112670785182,2454299663,201,10
80,75,60000000000,1.000000,83582730608805,9414304655499,10112670785182,2454299663,201,10
80,80,60000000000,1.000000,83673407714229,9323627550075,10112670785182,2454299663,201,10
80,85,60000000000,1.000000,83726959272445,9270075991859,10112670785182,2454299663,201,10
80,90,60000000000,1.000000,83829284690981,9167750573323,10112670785182,2454299663,201,10
80,95,60000000000,1.000000,83895864058221,9101171206083,10112670785182,2454299663,201,10
80,100,60000000000,1.000000,83957429888269,9039605376035,10112670785182,2454299663,201,10
80,105,60000000000,1.000000,84060117261909,8936918002395,10112670785182,2454299663,201,10
80,110,60000000000,1.000000,84124185889141,8872849375163,10112670785182,2454299663,201,10
80,115,60000000000,1.000000,84193836023629,8803199240675,10112670785182,2454299663,201,10
80,120,60000000000,1.000000,84278627057301,8718408207003,10112670785182,2454299663,201,10
80,125,60000000000,1.000000,84328702453445,8668332810859,10112670785182,2454299663,201,10
80,130,60000000000,1.000000,84424385679701,8572649584603,10112670785182,2454299663,201,10
80,135,60000000000,1.000000,84486643218045,8510392046259,10112670785182,2454299663,201,10
80,140,60000000000,1.000000,84544212660309,8452822603995,10112670785182,2454299663,201,10
80,145,60000000000,1.000000,84640234346549,8356800917755,10112670785182,2454299663,201,10
80,150,60000000000,1.000000,84700144123165,8296891141139,10112670785182,2454299663,201,10
80,155,60000000000,1.000000,84765273097637,8231762166667,10112670785182,2454299663,201,10
80,160,60000000000,1.000000,84844560138797,8152475125507,10112670785182,2454299663,201,10
80,165,60000000000,1.000000,84891385019205,8105650245099,10112670785182,2454299663,201,10
80,170,60000000000,1.000000,84980857214429,8016178049875,10112670785182,2454299663,201,10
80,175,60000000000,1.000000,85039073464445,7957961799859,10112670785182,2454299663,201,10
80,180,60000000000,1.000000,85092905933949,7904129330355,10112670785182,2454299663,201,10
80,185,60000000000,1.000000,85182694618765,7814340645539,10112670785182,2454299663,201,10
80,190,60000000000,1.000000,85238715505805,7758319758499,10112670785182,2454299663,201,10
80,195,60000000000,1.000000,85299616799933,7697418464371,10112670785182,2454299663,201,10
81,0,60000000000,1.000000,100844652477899,2916343006945,10080572515156,3253874430,0,0
81,5,60000000000,1.000000,100853101827297,2901781853828,10086684318875,3253874430,0,0
81,10,60000000000,1.000000,100874814430112,2879117450209,10087636119679,3253874430,0,0
81,15,60000000000,1.000000,100900597174920,2853334705401,10087636119679,3253874430,0,0
81,20,60000000000,1.000000,100921851155616,2832080724705,10087636119679,3253874430,0,0
81,25,60000000000,1.000000,100946039055616,2807892824705,10087636119679,3253874430,0,0
81,30,72000000000,0.560014,100365341349639,6044245123290,10091365560693,3210516511,36,1
81,35,60000000000,0.362982,98318267952350,14912889550987,10110187198022,3068816367,187,7
81,40,60000000000,0.879264,89166866602199,16564441746346,10110187198022,3068816367,187,7
81,45,60000000000,1.000000,87615681575779,14044765184282,10110187198022,3068816367,187,7
81,50,60000000000,1.000000,87750538079725,13909908680336,10110187198022,3068816367,187,7
81,55,60000000000,1.000000,87791541057396,13868905702665,10110187198022,3068816367,187,7
81,60,60000000000,1.000000,87944580006630,13715866753431,10110187198022,3068816367,187,7
81,65,60000000000,1.000000,88099873839631,13560572920430,10110187198022,3068816367,187,7
81,70,60000000000,1.000000,88150619125823,13509827634238,10110187198022,3068816367,187,7
81,75,60000000000,1.000000,88303238128223,13357208631838,10110187198022,3068816367,187,7
81,80,60000000000,1.000000,88445129902543,13215316857518,10110187198022,3068816367,187,7
81,85,60000000000,1.000000,88492048689511,13168398070550,10110187198022,3068816367,187,7
81,90,60000000000,1.000000,88652514965383,13007931794678,10110187198022,3068816367,187,7
81,95,60000000000,1.000000,88691691999855,12968754760206,10110187198022,3068816367,187,7
81,100,60000000000,1.000000,88834805979463,12825640780598,10110187198022,3068816367,187,7
81,105,60000000000,1.000000,88980123623399,12680323136662,10110187198022,3068816367,187,7
81,110,60000000000,1.000000,89027574909215,12632871850846,10110187198022,3068816367,187,7
81,115,60000000000,1.000000,89170287040615,12490159719446,10110187198022,3068816367,187,7
81,120,60000000000,1.000000,89302968274511,12357478485550,10110187198022,3068816367,187,7
81,125,60000000000,1.000000,89346841448823,12313605311238,10110187198022,3068816367,187,7
81,130,60000000000,1.000000,89496891468063,12163555291998,10110187198022,3068816367,187,7
81,135,60000000000,1.000000,89533525425839,12126921334222,10110187198022,3068816367,187,7
81,140,60000000000,1.000000,89667349528719,11993097231342,10110187198022,3068816367,187,7
81,145,60000000000,1.000000,89803234250543,11857212509518,10110187198022,3068816367,187,7
81,150,60000000000,1.000000,89847605358015,11812841402046,10110187198022,3068816367,187,7
81,155,60000000000,1.000000,89981053697423,11679393062638,10110187198022,3068816367,187,7
81,160,60000000000,1.000000,90105122269391,11555324490670,10110187198022,3068816367,187,7
81,165,60000000000,1.000000,90146147529223,11514299230838,10110187198022,3068816367,187,7
81,170,60000000000,1.000000,90286457436463,11373989323598,10110187198022,3068816367,187,7
81,175,60000000000,1.000000,90320713394823,11339733365238,10110187198022,3068816367,187,7
81,180,60000000000,1.000000,90445850649303,11214596110758,10110187198022,3068816367,187,7
81,185,60000000000,1.000000,90572914762943,11087531997118,10110187198022,3068816367,187,7
81,190,60000000000,1.000000,90614405633759,11046041126302,10110187198022,3068816367,187,7
81,195,60000000000,1.000000,90739191516591,10921255243470,10110187198022,3068816367,187,7
82,0,60000000000,1.000000,94069428682037,2836899774260,10071786543703,2420609742,0,0
82,5,60000000000,1.000000,94077058779174,2823393750271,10077662470555,2420609742,0,0
82,10,60000000000,1.000000,94099282530968,2800198951936,10078633517096,2420609742,0,0
82,15,60000000000,1.000000,94120763730928,2778717751976,10078633517096,2420609742,0,0
82,20,60000000000,1.000000,94146658331112,2752823151792,10078633517096,2420609742,0,0
82,25,60000000000,1.000000,94167792647736,2731688835168,10078633517096,2420609742,0,0
82,30,72000000000,0.679835,93667204647920,4743029252446,10086435415372,2380992855,36,5
82,35,60000000000,0.462809,91275423791195,12076613351217,10113523198047,2238636603,175,15
82,40,60000000000,0.795665,89342331229145,9454054129246,10113523198047,2238636603,175,15
82,45,60000000000,1.000000,86714001731367,8111277530342,10113523198047,2238636603,175,15
82,50,60000000000,1.000000,86798325724486,8026953537223,10113523198047,2238636603,175,15
82,55,60000000000,1.000000,86833776013442,7991503248267,10113523198047,2238636603,175,15
82,60,60000000000,1.000000,86914544664252,7910734597457,10113523198047,2238636603,175,15
82,65,60000000000,1.000000,86999586684663,7825692577046,10113523198047,2238636603,175,15
82,70,60000000000,1.000000,87039203936711,7786075324998,10113523198047,2238636603,175,15
82,75,60000000000,1.000000,87117819269919,7707459991790,10113523198047,2238636603,175,15
82,80,60000000000,1.000000,87172636638111,7652642623598,10113523198047,2238636603,175,15
82,85,60000000000,1.000000,87230005322759,7595273938950,10113523198047,2238636603,175,15
82,90,60000000000,1.000000,87318571664695,7506707597014,10113523198047,2238636603,175,15
82,95,60000000000,1.000000,87352518207223,7472761054486,10113523198047,2238636603,175,15
82,100,60000000000,1.000000,87428047452215,7397231809494,10113523198047,2238636603,175,15
82,105,60000000000,1.000000,87507571421535,7317707840174,10113523198047,2238636603,175,15
82,110,60000000000,1.000000,87544617021063,7280662240646,10113523198047,2238636603,175,15
82,115,60000000000,1.000000,87618129241487,7207150020222,10113523198047,2238636603,175,15
82,120,60000000000,1.000000,87669388280959,7155890980750,10113523198047,2238636603,175,15
82,125,60000000000,1.000000,87723033024607,7102246237102,10113523198047,2238636603,175,15
82,130,60000000000,1.000000,87805850309655,7019428952054,10113523198047,2238636603,175,15
82,135,60000000000,1.000000,87837593299487,6987685962222,10113523198047,2238636603,175,15
82,140,60000000000,1.000000,87908219757135,6917059504574,10113523198047,2238636603,175,15
82,145,60000000000,1.000000,87982581632015,6842697629694,10113523198047,2238636603,175,15
82,150,60000000000,1.000000,88017222511487,6808056750222,10113523198047,2238636603,175,15
82,155,60000000000,1.000000,88085962874655,6739316387054,10113523198047,2238636603,175,15
82,160,60000000000,1.000000,88133894564975,6691384696734,10113523198047,2238636603,175,15
82,165,60000000000,1.000000,88184057097759,6641222163950,10113523198047,2238636603,175,15
82,170,60000000000,1.000000,88261498511151,6563780750558,10113523198047,2238636603,175,15
82,175,60000000000,1.000000,88291180986151,6534098275558,10113523198047,2238636603,175,15
82,180,60000000000,1.000000,88357222908567,6468056353142,10113523198047,2238636603,175,15
82,185,60000000000,1.000000,88426757772951,6398521488758,10113523198047,2238636603,175,15
82,190,60000000000,1.000000,88459150028639,6366129233070,10113523198047,2238636603,175,15
82,195,60000000000,1.000000,88523428287447,6301850974262,10113523198047,2238636603,175,15
83,0,60000000000,1.000000,93182614932775,2957024872258,10082857194967,2861633988,0,0
83,5,60000000000,1.000000,93189814936946,2943979234969,10088702828085,2861633988,0,0
83,10,60000000000,1.000000,93213356863963,2920049148929,10089090987108,2861633988,0,0
83,15,60000000000,1.000000,93237920982291,2895485030601,10089090987108,2861633988,0,0
83,20,60000000000,1.000000,93262286255603,2871119757289,10089090987108,2861633988,0,0
83,25,60000000000,1.000000,93287114191931,2846291820961,10089090987108,2861633988,0,0
83,30,72000000000,1.000000,89964178116545,5098585032176,10116881827908,2551647829,38,0
83,35,60000000000,0.709332,87213673302806,12498434906862,10143281181221,2330246860,182,8
83,40,60000000000,1.000000,85389762720281,8723686078085,10143281181221,2330246860,182,8
83,45,60000000000,1.000000,84236040549165,6375639589469,10143281181221,2330246860,182,8
83,50,60000000000,1.000000,84338263334848,6273416803786,10143281181221,2330246860,182,8
83,55,60000000000,1.000000,84378448491322,6233231647312,10143281181221,2330246860,182,8
83,60,60000000000,1.000000,84427541746742,6184138391892,10143281181221,2330246860,182,8
83,65,60000000000,1.000000,84490588023001,6121092115633,10143281181221,2330246860,182,8
83,70,60000000000,1.000000,84538073485825,6073606652809,10143281181221,2330246860,182,8
83,75,60000000000,1.000000,84589298515361,6022381623273,10143281181221,2330246860,182,8
83,80,60000000000,1.000000,84641535042529,5970145096105,10143281181221,2330246860,182,8
83,85,60000000000,1.000000,84682603657825,5929076480809,10143281181221,2330246860,182,8
83,90,60000000000,1.000000,84743980004233,5867700134401,10143281181221,2330246860,182,8
83,95,60000000000,1.000000,84782988904937,5828691233697,10143281181221,2330246860,182,8
83,100,60000000000,1.000000,84828969171857,5782710966777,10143281181221,2330246860,182,8
83,105,60000000000,1.000000,84887922993529,5723757145105,10143281181221,2330246860,182,8
83,110,60000000000,1.000000,84932326059161,5679354079473,10143281181221,2330246860,182,8
83,115,60000000000,1.000000,84980225947313,5631454191321,10143281181221,2330246860,182,8
83,120,60000000000,1.000000,85029071674345,5582608464289,10143281181221,2330246860,182,8
83,125,60000000000,1.000000,85067474425713,5544205712921,10143281181221,2330246860,182,8
83,130,60000000000,1.000000,85124866683969,5486813454665,10143281181221,2330246860,182,8
83,135,60000000000,1.000000,85161343421881,5450336716753,10143281181221,2330246860,182,8
83,140,60000000000,1.000000,85204338997753,5407341140881,10143281181221,2330246860,182,8
83,145,60000000000,1.000000,85259465983409,5352214155225,10143281181221,2330246860,182,8
83,150,60000000000,1.000000,85300986738017,5310693400617,10143281181221,2330246860,182,8
83,155,60000000000,1.000000,85345777327881,5265902810753,10143281181221,2330246860,182,8
83,160,60000000000,1.000000,85391452359617,5220227779017,10143281181221,2330246860,182,8
83,165,60000000000,1.000000,85427362294969,5184317843665,10143281181221,2330246860,182,8
83,170,60000000000,1.000000,85481029082137,5130651056497,10143281181221,2330246860,182,8
83,175,60000000000,1.000000,85515138026177,5096542112457,10143281181221,2330246860,182,8
83,180,60000000000,1.000000,85555342654521,5056337484113,10143281181221,2330246860,182,8
83,185,60000000000,1.000000,85606891213233,5004788925401,10143281181221,2330246860,182,8
83,190,60000000000,1.000000,85645716754553,4965963384081,10143281181221,2330246860,182,8
83,195,60000000000,1.000000,85687599878225,4924080260409,10143281181221,2330246860,182,8
84,0,60000000000,1.000000,95542334481024,2905469884483,10075717634493,2896953764,0,0
84,5,60000000000,1.000000,95551741344326,2890067125917,10081713529757,2896953764,0,0
84,10,60000000000,1.000000,95571507750805,2869129812586,10082884436609,2896953764,0,0
84,15,60000000000,1.000000,95597170484645,2843284656002,10083066859353,2896953764,0,0
84,20,60000000000,1.000000,95620178723029,2820276417618,10083066859353,2896953764,0,0
84,25,60000000000,1.000000,95644282193621,2796172947026,10083066859353,2896953764,0,0
84,30,72000000000,0.857192,94592463616896,4484493923499,10086985147953,2804035439,32,0
84,35,60000000000,0.670510,88686043872056,14434735965352,10158841669259,2443447475,164,11
84,40,60000000000,1.000000,86204951613741,7723961408200,10158841669259,2443447475,164,11
84,45,60000000000,1.000000,83637597827573,9566913981784,10158841669259,2443447475,164,11
84,50,60000000000,1.000000,83758197430815,9446314378542,10158841669259,2443447475,164,11
84,55,60000000000,1.000000,83792431984405,9412079824952,10158841669259,2443447475,164,11
84,60,60000000000,1.000000,83892720863105,9311790946252,10158841669259,2443447475,164,11
84,65,60000000000,1.000000,83998516832954,9205994976403,10158841669259,2443447475,164,11
84,70,60000000000,1.000000,84034369999482,9170141809875,10158841669259,2443447475,164,11
84,75,60000000000,1.000000,84134624587922,9069887221435,10158841669259,2443447475,164,11
84,80,60000000000,1.000000,84189652546562,9014859262795,10158841669259,2443447475,164,11
84,85,60000000000,1.000000,84266828577562,8937683231795,10158841669259,2443447475,164,11
84,90,60000000000,1.000000,84370662900722,8833848908635,10158841669259,2443447475,164,11
84,95,60000000000,1.000000,84403315730994,8801196078363,10158841669259,2443447475,164,11
84,100,60000000000,1.000000,84497169332842,8707342476515,10158841669259,2443447475,164,11
84,105,60000000000,1.000000,84596100359402,8608411449955,10158841669259,2443447475,164,11
84,110,60000000000,1.000000,84629626209498,8574885599859,10158841669259,2443447475,164,11
84,115,60000000000,1.000000,84723373028498,8481138780859,10158841669259,2443447475,164,11
84,120,60000000000,1.000000,84774828988346,8429682821011,10158841669259,2443447475,164,11
84,125,60000000000,1.000000,84846995335322,8357516474035,10158841669259,2443447475,164,11
84,130,60000000000,1.000000,84944089519754,8260422289603,10158841669259,2443447475,164,11
84,135,60000000000,1.000000,84974622775306,8229889034051,10158841669259,2443447475,164,11
84,140,60000000000,1.000000,85062384111074,8142127698283,10158841669259,2443447475,164,11
84,145,60000000000,1.000000,85154893283586,8049618525771,10158841669259,2443447475,164,11
84,150,60000000000,1.000000,85186242889186,8018268920171,10158841669259,2443447475,164,11
84,155,60000000000,1.000000,85273904373914,7930607435443,10158841669259,2443447475,164,11
84,160,60000000000,1.000000,85322020202058,7882491607299,10158841669259,2443447475,164,11
84,165,60000000000,1.000000,85389502055546,7815009753811,10158841669259,2443447475,164,11
84,170,60000000000,1.000000,85480293619946,7724218189411,10158841669259,2443447475,164,11
84,175,60000000000,1.000000,85508844887450,7695666921907,10158841669259,2443447475,164,11
84,180,60000000000,1.000000,85590909421354,7613602388003,10158841669259,2443447475,164,11
84,185,60000000000,1.000000,85677413598306,7527098211051,10158841669259,2443447475,164,11
84,190,60000000000,1.000000,85706728224546,7497783584811,10158841669259,2443447475,164,11
84,195,60000000000,1.000000,85788699388842,7415812420515,10158841669259,2443447475,164,11
85,0,60000000000,1.000000,98369652788418,2950609597967,10086480613615,3047246358,0,0
85,5,60000000000,1.000000,98377706261937,2937437722482,10091599015581,3047246358,0,0
85,10,60000000000,1.000000,98400515745321,2912975662894,10093251591785,3047246358,0,0
85,15,60000000000,1.000000,98425080019809,2888411388406,10093251591785,3047246358,0,0
85,20,60000000000,1.000000,98449578410801,2863912997414,10093251591785,3047246358,0,0
85,25,60000000000,1.000000,98473471893457,2840019514758,10093251591785,3047246358,0,0
85,30,72000000000,0.762634,97907286910377,4460874470186,10097440463543,3001184638,45,1
85,35,60000000000,0.502445,93852264453107,14801840101963,10117362126711,2664315227,174,7
85,40,60000000000,1.000000,88576046296587,12111555765361,10117362126711,2664315227,174,7
85,45,60000000000,1.000000,87134730159313,9904133639345,10117362126711,2664315227,174,7
85,50,60000000000,1.000000,87205500143560,9833363655098,10117362126711,2664315227,174,7
85,55,60000000000,1.000000,87251054559863,9787809238795,10117362126711,2664315227,174,7
85,60,60000000000,1.000000,87344867588792,9693996209866,10117362126711,2664315227,174,7
85,65,60000000000,1.000000,87451849722114,9587014076544,10117362126711,2664315227,174,7
85,70,60000000000,1.000000,87503410571074,9535453227584,10117362126711,2664315227,174,7
85,75,60000000000,1.000000,87596246328170,9442617470488,10117362126711,2664315227,174,7
85,80,60000000000,1.000000,87688848662162,9350015136496,10117362126711,2664315227,174,7
85,85,60000000000,1.000000,87734983489778,9303880308880,10117362126711,2664315227,174,7
85,90,60000000000,1.000000,87842503836826,9196359961832,10117362126711,2664315227,174,7
85,95,60000000000,1.000000,87886232958666,9152630839992,10117362126711,2664315227,174,7
85,100,60000000000,1.000000,87974031274586,9064832524072,10117362126711,2664315227,174,7
85,105,60000000000,1.000000,88074166126298,8964697672360,10117362126711,2664315227,174,7
85,110,60000000000,1.000000,88122380034938,8916483763720,10117362126711,2664315227,174,7
85,115,60000000000,1.000000,88209189596906,8829674201752,10117362126711,2664315227,174,7
85,120,60000000000,1.000000,88295780887842,8743082910816,10117362126711,2664315227,174,7
85,125,60000000000,1.000000,88338920991386,8699942807272,10117362126711,2664315227,174,7
85,130,60000000000,1.000000,88439461930922,8599401867736,10117362126711,2664315227,174,7
85,135,60000000000,1.000000,88480352489082,8558511309576,10117362126711,2664315227,174,7
85,140,60000000000,1.000000,88562451602418,8476412196240,10117362126711,2664315227,174,7
85,145,60000000000,1.000000,88656086457074,8382777341584,10117362126711,2664315227,174,7
85,150,60000000000,1.000000,88701170683618,8337693115040,10117362126711,2664315227,174,7
85,155,60000000000,1.000000,88782345225586,8256518573072,10117362126711,2664315227,174,7
85,160,60000000000,1.000000,88863315664890,8175548133768,10117362126711,2664315227,174,7
85,165,60000000000,1.000000,88903655439378,8135208359280,10117362126711,2664315227,174,7
85,170,60000000000,1.000000,88997670021714,8041193776944,10117362126711,2664315227,174,7
85,175,60000000000,1.000000,89035906274058,8002957524600,10117362126711,2664315227,174,7
85,180,60000000000,1.000000,89112676134210,7926187664448,10117362126711,2664315227,174,7
85,185,60000000000,1.000000,89200232922482,7838630876176,10117362126711,2664315227,174,7
85,190,60000000000,1.000000,89242390622122,7796473176536,10117362126711,2664315227,174,7
85,195,60000000000,1.000000,89318295926946,7720567871712,10117362126711,2664315227,174,7
86,0,60000000000,1.000000,100460674620648,2931612031764,10083306347588,3245278608,0,0
86,5,60000000000,1.000000,100468318419109,2918702724388,10088571856503,3245278608,0,0
86,10,60000000000,1.000000,100491558098839,2894121508498,10089913392663,3245278608,0,0
86,15,60000000000,1.000000,100517268211935,2868411395402,10089913392663,3245278608,0,0
86,20,60000000000,1.000000,100539075910071,2846603697266,10089913392663,3245278608,0,0
86,25,60000000000,1.000000,100564360821511,2821318785826,10089913392663,3245278608,0,0
86,30,72000000000,0.691500,100316131760197,4434194135753,10093214770947,3226043300,29,3
86,35,60000000000,0.593780,97638659340562,9641437245558,10112044751735,3028606561,187,7
86,40,60000000000,0.946836,87047106343798,17232592813817,10112044751735,3028606561,187,7
86,45,60000000000,1.000000,85934030931315,15093959625241,10112044751735,3028606561,187,7
86,50,60000000000,1.000000,86010204623489,15017785933067,10112044751735,3028606561,187,7
86,55,60000000000,1.000000,86078013052645,14949977503911,10112044751735,3028606561,187,7
86,60,60000000000,1.000000,86216408642116,14811581914440,10112044751735,3028606561,187,7
86,65,60000000000,1.000000,86389571851771,14638418704785,10112044751735,3028606561,187,7
86,70,60000000000,1.000000,86464807921995,14563182634561,10112044751735,3028606561,187,7
86,75,60000000000,1.000000,86604071444603,14423919111953,10112044751735,3028606561,187,7
86,80,60000000000,1.000000,86763372420459,14264618136097,10112044751735,3028606561,187,7
86,85,60000000000,1.000000,86826583141843,14201407414713,10112044751735,3028606561,187,7
86,90,60000000000,1.000000,86982089819467,14045900737089,10112044751735,3028606561,187,7
86,95,60000000000,1.000000,87048364413931,13979626142625,10112044751735,3028606561,187,7
86,100,60000000000,1.000000,87177857754915,13850132801641,10112044751735,3028606561,187,7
86,105,60000000000,1.000000,87339787230827,13688203325729,10112044751735,3028606561,187,7
86,110,60000000000,1.000000,87410139544427,13617851012129,10112044751735,3028606561,187,7
86,115,60000000000,1.000000,87540363132651,13487627423905,10112044751735,3028606561,187,7
86,120,60000000000,1.000000,87689323494307,13338667062249,10112044751735,3028606561,187,7
86,125,60000000000,1.000000,87748431053915,13279559502641,10112044751735,3028606561,187,7
86,130,60000000000,1.000000,87893843414147,13134147142409,10112044751735,3028606561,187,7
86,135,60000000000,1.000000,87955815963355,13072174593201,10112044751735,3028606561,187,7
86,140,60000000000,1.000000,88076903576291,12951086980265,10112044751735,3028606561,187,7
86,145,60000000000,1.000000,88228321815659,12799668740897,10112044751735,3028606561,187,7
86,150,60000000000,1.000000,88294107389315,12733883167241,10112044751735,3028606561,187,7
86,155,60000000000,1.000000,88415877847331,12612112709225,10112044751735,3028606561,187,7
86,160,60000000000,1.000000,88555168829083,12472821727473,10112044751735,3028606561,187,7
86,165,60000000000,1.000000,88610439573107,12417550983449,10112044751735,3028606561,187,7
86,170,60000000000,1.000000,88746412863211,12281577693345,10112044751735,3028606561,187,7
86,175,60000000000,1.000000,88804362623299,12223627933257,10112044751735,3028606561,187,7
86,180,60000000000,1.000000,88917590144283,12110400412273,10112044751735,3028606561,187,7
86,185,60000000000,1.000000,89059179456859,11968811099697,10112044751735,3028606561,187,7
86,190,60000000000,1.000000,89120694728699,11907295827857,10112044751735,3028606561,187,7
86,195,60000000000,1.000000,89234560769795,11793429786761,10112044751735,3028606561,187,7
87,0,60000000000,1.000000,124627892852215,3293629191298,10138893956487,6668286738,0,0
87,5,60000000000,1.000000,124636356726126,3281263877349,10142795396525,6668286738,0,0
87,10,60000000000,1.000000,124668000590256,3247468232537,10144947177207,6668286738,0,0
87,15,60000000000,1.000000,124689170247208,3226298575585,10144947177207,6668286738,0,0
87,20,60000000000,1.000000,124717584529704,3197884293089,10144947177207,6668286738,0,0
87,25,60000000000,1.000000,124746813802840,3168655019953,10144947177207,6668286738,0,0
87,30,72000000000,0.492521,124444138594909,7038369372893,10149735110688,6644952205,39,2
87,35,60000000000,0.242761,121167516231106,27707341299962,10166630692742,6357314964,188,10
87,40,60000000000,0.760819,94144401314802,44359253093116,10166630692742,6357314964,188,10
87,45,60000000000,1.000000,90702337689098,33782246824956,10166630692742,6357314964,188,10
87,50,60000000000,1.000000,90831603056096,33652981457958,10166630692742,6357314964,188,10
87,55,60000000000,1.000000,90861759840435,33622824673619,10166630692742,6357314964,188,10
87,60,60000000000,1.000000,91285648157624,33198936356430,10166630692742,6357314964,188,10
87,65,60000000000,1.000000,91679359491712,32805225022342,10166630692742,6357314964,188,10
87,70,60000000000,1.000000,91747443076896,32737141437158,10166630692742,6357314964,188,10
87,75,60000000000,1.000000,92162097633632,32322486880422,10166630692742,6357314964,188,10
87,80,60000000000,1.000000,92535743969696,31948840544358,10166630692742,6357314964,188,10
87,85,60000000000,1.000000,92602170823096,31882413690958,10166630692742,6357314964,188,10
87,90,60000000000,1.000000,93015048394432,31469536119622,10166630692742,6357314964,188,10
87,95,60000000000,1.000000,93044273552624,31440310961430,10166630692742,6357314964,188,10
87,100,60000000000,1.000000,93440669260392,31043915253662,10166630692742,6357314964,188,10
87,105,60000000000,1.000000,93808826504192,30675758009862,10166630692742,6357314964,188,10
87,110,60000000000,1.000000,93872490618048,30612093896006,10166630692742,6357314964,188,10
87,115,60000000000,1.000000,94260228937856,30224355576198,10166630692742,6357314964,188,10
87,120,60000000000,1.000000,94609620980456,29874963533598,10166630692742,6357314964,188,10
87,125,60000000000,1.000000,94671735905080,29812848608974,10166630692742,6357314964,188,10
87,130,60000000000,1.000000,95057812587856,29426771926198,10166630692742,6357314964,188,10
87,135,60000000000,1.000000,95085140670024,29399443844030,10166630692742,6357314964,188,10
87,140,60000000000,1.000000,95455805367152,29028779146902,10166630692742,6357314964,188,10
87,145,60000000000,1.000000,95800064628000,28684519886054,10166630692742,6357314964,188,10
87,150,60000000000,1.000000,95859596149136,28624988364918,10166630692742,6357314964,188,10
87,155,60000000000,1.000000,96222165430472,28262419083582,10166630692742,6357314964,188,10
87,160,60000000000,1.000000,96548877584896,27935706929158,10166630692742,6357314964,188,10
87,165,60000000000,1.000000,96606960478656,27877624035398,10166630692742,6357314964,188,10
87,170,60000000000,1.000000,96967975983848,27516608530206,10166630692742,6357314964,188,10
87,175,60000000000,1.000000,96993530133736,27491054380318,10166630692742,6357314964,188,10
87,180,60000000000,1.000000,97340134082880,27144450431174,10166630692742,6357314964,188,10
87,185,60000000000,1.000000,97662046636760,26822537877294,10166630692742,6357314964,188,10
87,190,60000000000,1.000000,97717713821960,26766870692094,10166630692742,6357314964,188,10
87,195,60000000000,1.000000,98056747848400,26427836665654,10166630692742,6357314964,188,10
88,0,60000000000,1.000000,92730551632100,2879116726320,10074772641580,2527502188,0,0
88,5,60000000000,1.000000,92739430045310,2864322971080,10080687983610,2527502188,0,0
88,10,60000000000,1.000000,92760334728624,2842640510596,10081465760780,2527502188,0,0
88,15,60000000000,1.000000,92783179978960,2819795260260,10081465760780,2527502188,0,0
88,20,60000000000,1.000000,92809059906632,2793915332588,10081465760780,2527502188,0,0
88,25,60000000000,1.000000,92831075343168,2771899896052,10081465760780,2527502188,0,0
88,30,72000000000,0.741252,92396724200307,4320842162273,10084882174820,2502056180,29,0
88,35,60000000000,0.868162,86736797326599,10136921157148,10147151650140,2026469918,171,5
88,40,60000000000,1.000000,85019702260663,7541741247113,10147151650140,2026469918,171,5
88,45,60000000000,1.000000,83843393540863,6180303060553,10147151650140,2026469918,171,5
88,50,60000000000,1.000000,83930738802624,6092957798792,10147151650140,2026469918,171,5
88,55,60000000000,1.000000,83968890133832,6054806467584,10147151650140,2026469918,171,5
88,60,60000000000,1.000000,84023178301525,6000518299891,10147151650140,2026469918,171,5
88,65,60000000000,1.000000,84082192576440,5941504024976,10147151650140,2026469918,171,5
88,70,60000000000,1.000000,84122552958392,5901143643024,10147151650140,2026469918,171,5
88,75,60000000000,1.000000,84176895316920,5846801284496,10147151650140,2026469918,171,5
88,80,60000000000,1.000000,84223363743664,5800332857752,10147151650140,2026469918,171,5
88,85,60000000000,1.000000,84264295636776,5759400964640,10147151650140,2026469918,171,5
88,90,60000000000,1.000000,84325770932672,5697925668744,10147151650140,2026469918,171,5
88,95,60000000000,1.000000,84361917643256,5661778958160,10147151650140,2026469918,171,5
88,100,60000000000,1.000000,84412686079952,5611010521464,10147151650140,2026469918,171,5
88,105,60000000000,1.000000,84467870046104,5555826555312,10147151650140,2026469918,171,5
88,110,60000000000,1.000000,84505610537392,5518086064024,10147151650140,2026469918,171,5
88,115,60000000000,1.000000,84556425401160,5467271200256,10147151650140,2026469918,171,5
88,120,60000000000,1.000000,84599877449144,5423819152272,10147151650140,2026469918,171,5
88,125,60000000000,1.000000,84638152353184,5385544248232,10147151650140,2026469918,171,5
88,130,60000000000,1.000000,84695637137872,5328059463544,10147151650140,2026469918,171,5
88,135,60000000000,1.000000,84729437477400,5294259124016,10147151650140,2026469918,171,5
88,140,60000000000,1.000000,84776910411160,5246786190256,10147151650140,2026469918,171,5
88,145,60000000000,1.000000,84828512251800,5195184349616,10147151650140,2026469918,171,5
88,150,60000000000,1.000000,84863802915904,5159893685512,10147151650140,2026469918,171,5
88,155,60000000000,1.000000,84911319263088,5112377338328,10147151650140,2026469918,171,5
88,160,60000000000,1.000000,84951950732888,5071745868528,10147151650140,2026469918,171,5
88,165,60000000000,1.000000,84987741119840,5035955481576,10147151650140,2026469918,171,5
88,170,60000000000,1.000000,85041494427208,4982202174208,10147151650140,2026469918,171,5
88,175,60000000000,1.000000,85073100704408,4950595897008,10147151650140,2026469918,171,5
88,180,60000000000,1.000000,85117492054456,4906204546960,10147151650140,2026469918,171,5
88,185,60000000000,1.000000,85165744293808,4857952307608,10147151650140,2026469918,171,5
88,190,60000000000,1.000000,85198744154952,4824952446464,10147151650140,2026469918,171,5
88,195,60000000000,1.000000,85243176100272,4780520501144,10147151650140,2026469918,171,5
89,0,60000000000,1.000000,98002461049779,2963717107307,10076123842914,2856368638,0,0
89,5,60000000000,1.000000,98010829614792,2950558462843,10080913922365,2856368638,0,0
89,10,60000000000,1.000000,98036460835606,2923755871769,10082085292625,2856368638,0,0
89,15,60000000000,1.000000,98056581464534,2903635242841,10082085292625,2856368638,0,0
89,20,60000000000,1.000000,98085103706126,2875113001249,10082085292625,2856368638,0,0
89,25,60000000000,1.000000,98107765885062,2852450822313,10082085292625,2856368638,0,0
89,30,72000000000,1.000000,97417138944126,3399352216942,10085658370179,2802899314,44,4
89,35,60000000000,0.480185,95415476537515,11500011861144,10104686579200,2642307310,165,9
89,40,60000000000,0.891381,88672732564751,13759424581496,10104686579200,2642307310,165,9
89,45,60000000000,1.000000,87333280099603,11230899480040,10104686579200,2642307310,165,9
89,50,60000000000,1.000000,87443078846533,11121100733110,10104686579200,2642307310,165,9
89,55,60000000000,1.000000,87478096501729,11086083077914,10104686579200,2642307310,165,9
89,60,60000000000,1.000000,87599042884443,10965136695200,10104686579200,2642307310,165,9
89,65,60000000000,1.000000,87723057921399,10841121658244,10104686579200,2642307310,165,9
89,70,60000000000,1.000000,87760870432735,10803309146908,10104686579200,2642307310,165,9
89,75,60000000000,1.000000,87884653918823,10679525660820,10104686579200,2642307310,165,9
89,80,60000000000,1.000000,87993009159543,10571170420100,10104686579200,2642307310,165,9
89,85,60000000000,1.000000,88034616176511,10529563403132,10104686579200,2642307310,165,9
89,90,60000000000,1.000000,88164272227471,10399907352172,10104686579200,2642307310,165,9
89,95,60000000000,1.000000,88197699363199,10366480216444,10104686579200,2642307310,165,9
89,100,60000000000,1.000000,88310797737367,10253381842276,10104686579200,2642307310,165,9
89,105,60000000000,1.000000,88426781502319,10137398077324,10104686579200,2642307310,165,9
89,110,60000000000,1.000000,88462139511335,10102040068308,10104686579200,2642307310,165,9
89,115,60000000000,1.000000,88577887910071,9986291669572,10104686579200,2642307310,165,9
89,120,60000000000,1.000000,88679209548287,9884970031356,10104686579200,2642307310,165,9
89,125,60000000000,1.000000,88718115752503,9846063827140,10104686579200,2642307310,165,9
89,130,60000000000,1.000000,88839355513439,9724824066204,10104686579200,2642307310,165,9
89,135,60000000000,1.000000,88870612812375,9693566767268,10104686579200,2642307310,165,9
89,140,60000000000,1.000000,88976369695823,9587809883820,10104686579200,2642307310,165,9
89,145,60000000000,1.000000,89084824672143,9479354907500,10104686579200,2642307310,165,9
89,150,60000000000,1.000000,89117887506671,9446292072972,10104686579200,2642307310,165,9
89,155,60000000000,1.000000,89226122394815,9338057184828,10104686579200,2642307310,165,9
89,160,60000000000,1.000000,89320866998703,9243312580940,10104686579200,2642307310,165,9
89,165,60000000000,1.000000,89357247706407,9206931873236,10104686579200,2642307310,165,9
89,170,60000000000,1.000000,89470617499231,9093562080412,10104686579200,2642307310,165,9
89,175,60000000000,1.000000,89499845810783,9064333768860,10104686579200,2642307310,165,9
89,180,60000000000,1.000000,89598737757351,8965441822292,10104686579200,2642307310,165,9
89,185,60000000000,1.000000,89700152657015,8864026922628,10104686579200,2642307310,165,9
89,190,60000000000,1.000000,89731069302575,8833110277068,10104686579200,2642307310,165,9
89,195,60000000000,1.000000,89832278400759,8731901178884,10104686579200,2642307310,165,9
90,0,60000000000,1.000000,88690260048688,2869173656510,10072909294802,2650723208,0,0
90,5,60000000000,1.000000,88698640864223,2855390307471,10078311828306,2650723208,0,0
90,10,60000000000,1.000000,88719458543016,2833689732206,10079194724778,2650723208,0,0
90,15,60000000000,1.000000,88743130189232,2810018085990,10079194724778,2650723208,0,0
90,20,60000000000,1.000000,88765389698104,2787758577118,10079194724778,2650723208,0,0
90,25,60000000000,1.000000,88791851368464,2761296906758,10079194724778,2650723208,0,0
90,30,72000000000,0.617011,88319658377187,5227676532800,10087151654436,2623599310,38,1
90,35,60000000000,0.464684,85542252292094,12853494252215,10117273055481,2430673896,168,8
90,40,60000000000,0.903979,79826807329967,12929787303771,10117273055481,2430673896,168,8
90,45,60000000000,1.000000,78630135991002,10478080360219,10117273055481,2430673896,168,8
90,50,60000000000,1.000000,78725400319022,10382816032199,10117273055481,2430673896,168,8
90,55,60000000000,1.000000,78768040764382,10340175586839,10117273055481,2430673896,168,8
90,60,60000000000,1.000000,78870706009162,10237510342059,10117273055481,2430673896,168,8
90,65,60000000000,1.000000,78984237047484,10123979303737,10117273055481,2430673896,168,8
90,70,60000000000,1.000000,79035867445924,10072348905297,10117273055481,2430673896,168,8
90,75,60000000000,1.000000,79138285099996,9969931251225,10117273055481,2430673896,168,8
90,80,60000000000,1.000000,79239692700252,9868523650969,10117273055481,2430673896,168,8
90,85,60000000000,1.000000,79283953842356,9824262508865,10117273055481,2430673896,168,8
90,90,60000000000,1.000000,79398540640132,9709675711089,10117273055481,2430673896,168,8
90,95,60000000000,1.000000,79439100185884,9669116165337,10117273055481,2430673896,168,8
90,100,60000000000,1.000000,79535109389428,9573106961793,10117273055481,2430673896,168,8
90,105,60000000000,1.000000,79641409171700,9466807179521,10117273055481,2430673896,168,8
90,110,60000000000,1.000000,79689688115236,9418528235985,10117273055481,2430673896,168,8
90,115,60000000000,1.000000,79785457590052,9322758761169,10117273055481,2430673896,168,8
90,120,60000000000,1.000000,79880282576036,9227933775185,10117273055481,2430673896,168,8
90,125,60000000000,1.000000,79921670619468,9186545731753,10117273055481,2430673896,168,8
90,130,60000000000,1.000000,80028819308964,9079397042257,10117273055481,2430673896,168,8
90,135,60000000000,1.000000,80066746035692,9041470315529,10117273055481,2430673896,168,8
90,140,60000000000,1.000000,80156523048116,8951693303105,10117273055481,2430673896,168,8
90,145,60000000000,1.000000,80255922652692,8852293698529,10117273055481,2430673896,168,8
90,150,60000000000,1.000000,80301067692492,8807148658729,10117273055481,2430673896,168,8
90,155,60000000000,1.000000,80390620537452,8717595813769,10117273055481,2430673896,168,8
90,160,60000000000,1.000000,80479290202652,8628926148569,10117273055481,2430673896,168,8
90,165,60000000000,1.000000,80517991647548,8590224703673,10117273055481,2430673896,168,8
90,170,60000000000,1.000000,80618185054892,8490031296329,10117273055481,2430673896,168,8
90,175,60000000000,1.000000,80653649865444,8454566485777,10117273055481,2430673896,168,8
90,180,60000000000,1.000000,80737599233364,8370617117857,10117273055481,2430673896,168,8
90,185,60000000000,1.000000,80830546567636,8277669783585,10117273055481,2430673896,168,8
90,190,60000000000,1.000000,80872761132828,8235455218393,10117273055481,2430673896,168,8
90,195,60000000000,1.000000,80956500884604,8151715466617,10117273055481,2430673896,168,8
91,0,60000000000,1.000000,93668276315570,2868913022734,10073649661696,2433389764,0,0
91,5,60000000000,1.000000,93676261597142,2855375131789,10079202271069,2433389764,0,0
91,10,60000000000,1.000000,93698476207578,2832369794842,10079992997580,2433389764,0,0
91,15,60000000000,1.000000,93719788863274,2811057139146,10079992997580,2433389764,0,0
91,20,60000000000,1.000000,93744965976634,2785880025786,10079992997580,2433389764,0,0
91,25,60000000000,1.000000,93769284961178,2761561041242,10079992997580,2433389764,0,0
91,30,72000000000,0.545573,93601377828426,5366479135453,10081656072663,2420363844,41,1
91,35,60000000000,0.385161,91503073818755,13020114921388,10092930317772,2250617536,180,8
91,40,60000000000,0.862447,88549846342116,9238896816503,10092930317772,2250617536,180,8
91,45,60000000000,1.000000,86861881639063,7719843467911,10092930317772,2250617536,180,8
91,50,60000000000,1.000000,86959213902165,7622511204809,10092930317772,2250617536,180,8
91,55,60000000000,1.000000,87002534559821,7579190547153,10092930317772,2250617536,180,8
91,60,60000000000,1.000000,87069298162690,7512426944284,10092930317772,2250617536,180,8
91,65,60000000000,1.000000,87143642215957,7438082891017,10092930317772,2250617536,180,8
91,70,60000000000,1.000000,87189114648717,7392610458257,10092930317772,2250617536,180,8
91,75,60000000000,1.000000,87262441502277,7319283604697,10092930317772,2250617536,180,8
91,80,60000000000,1.000000,87324436812669,7257288294305,10092930317772,2250617536,180,8
91,85,60000000000,1.000000,87371962990045,7209762116929,10092930317772,2250617536,180,8
91,90,60000000000,1.000000,87452928543269,7128796563705,10092930317772,2250617536,180,8
91,95,60000000000,1.000000,87494486085469,7087239021505,10092930317772,2250617536,180,8
91,100,60000000000,1.000000,87556945184061,7024779922913,10092930317772,2250617536,180,8
91,105,60000000000,1.000000,87626466264373,6955258842601,10092930317772,2250617536,180,8
91,110,60000000000,1.000000,87668986970845,6912738136129,10092930317772,2250617536,180,8
91,115,60000000000,1.000000,87737553999749,6844171107225,10092930317772,2250617536,180,8
91,120,60000000000,1.000000,87795525043645,6786200063329,10092930317772,2250617536,180,8
91,125,60000000000,1.000000,87839966181077,6741758925897,10092930317772,2250617536,180,8
91,130,60000000000,1.000000,87915676063037,6666049043937,10092930317772,2250617536,180,8
91,135,60000000000,1.000000,87954536003813,6627189103161,10092930317772,2250617536,180,8
91,140,60000000000,1.000000,88012940730213,6568784376761,10092930317772,2250617536,180,8
91,145,60000000000,1.000000,88077949027813,6503776079161,10092930317772,2250617536,180,8
91,150,60000000000,1.000000,88117709611765,6464015495209,10092930317772,2250617536,180,8
91,155,60000000000,1.000000,88181825787789,6399899319185,10092930317772,2250617536,180,8
91,160,60000000000,1.000000,88236033789949,6345691317025,10092930317772,2250617536,180,8
91,165,60000000000,1.000000,88277590144981,6304134961993,10092930317772,2250617536,180,8
91,170,60000000000,1.000000,88348385514117,6233339592857,10092930317772,2250617536,180,8
91,175,60000000000,1.000000,88384722961565,6197002145409,10092930317772,2250617536,180,8
91,180,60000000000,1.000000,88439336494973,6142388612001,10092930317772,2250617536,180,8
91,185,60000000000,1.000000,88500124945717,6081600161257,10092930317772,2250617536,180,8
91,190,60000000000,1.000000,88537304573317,6044420533657,10092930317772,2250617536,180,8
91,195,60000000000,1.000000,88597258812381,5984466294593,10092930317772,2250617536,180,8
92,0,60000000000,1.000000,101545252859259,2994878864995,10086968275746,2919660588,0,0
92,5,60000000000,1.000000,101551795919571,2982597976203,10092706104226,2919660588,0,0
92,10,60000000000,1.000000,101577361535399,2956245143661,10093493320940,2919660588,0,0
92,15,60000000000,1.000000,101599629916391,2933976762669,10093493320940,2919660588,0,0
92,20,60000000000,1.000000,101624405647951,2909201031109,10093493320940,2919660588,0,0
92,25,60000000000,1.000000,101649526681999,2884079997061,10093493320940,2919660588,0,0
92,30,72000000000,1.000000,98564716457385,3658733531855,10151724013917,2710743461,41,1
92,35,60000000000,0.521200,96553018480734,15154999455819,10175295005048,2564862515,179,9
92,40,60000000000,1.000000,93752107219372,10535947606019,10175295005048,2564862515,179,9
92,45,60000000000,1.000000,92597332078922,7735485914603,10175295005048,2564862515,179,9
92,50,60000000000,1.000000,92702969640604,7629848352921,10175295005048,2564862515,179,9
92,55,60000000000,1.000000,92758524753817,7574293239708,10175295005048,2564862515,179,9
92,60,60000000000,1.000000,92810663300647,7522154692878,10175295005048,2564862515,179,9
92,65,60000000000,1.000000,92891627797277,7441190196248,10175295005048,2564862515,179,9
92,70,60000000000,1.000000,92949945816717,7382872176808,10175295005048,2564862515,179,9
92,75,60000000000,1.000000,93006577646021,7326240347504,10175295005048,2564862515,179,9
92,80,60000000000,1.000000,93075257459045,7257560534480,10175295005048,2564862515,179,9
92,85,60000000000,1.000000,93112112183301,7220705810224,10175295005048,2564862515,179,9
92,90,60000000000,1.000000,93197682135277,7135135858248,10175295005048,2564862515,179,9
92,95,60000000000,1.000000,93250108186325,7082709807200,10175295005048,2564862515,179,9
92,100,60000000000,1.000000,93298940191941,7033877801584,10175295005048,2564862515,179,9
92,105,60000000000,1.000000,93374653548165,6958164445360,10175295005048,2564862515,179,9
92,110,60000000000,1.000000,93429186002949,6903631990576,10175295005048,2564862515,179,9
92,115,60000000000,1.000000,93482141722213,6850676271312,10175295005048,2564862515,179,9
92,120,60000000000,1.000000,93546363361189,6786454632336,10175295005048,2564862515,179,9
92,125,60000000000,1.000000,93580825755509,6751992238016,10175295005048,2564862515,179,9
92,130,60000000000,1.000000,93660841153541,6671976839984,10175295005048,2564862515,179,9
92,135,60000000000,1.000000,93709864102013,6622953891512,10175295005048,2564862515,179,9
92,140,60000000000,1.000000,93755526303309,6577291690216,10175295005048,2564862515,179,9
92,145,60000000000,1.000000,93826324921013,6506493072512,10175295005048,2564862515,179,9
92,150,60000000000,1.000000,93877317541437,6455500452088,10175295005048,2564862515,179,9
92,155,60000000000,1.000000,93926835776045,6405982217480,10175295005048,2564862515,179,9
92,160,60000000000,1.000000,93986888632085,6345929361440,10175295005048,2564862515,179,9
92,165,60000000000,1.000000,94019113988421,6313704005104,10175295005048,2564862515,179,9
92,170,60000000000,1.000000,94093935392181,6238882601344,10175295005048,2564862515,179,9
92,175,60000000000,1.000000,94139776141653,6193041851872,10175295005048,2564862515,179,9
92,180,60000000000,1.000000,94182474298213,6150343695312,10175295005048,2564862515,179,9
92,185,60000000000,1.000000,94248677205493,6084140788032,10175295005048,2564862515,179,9
92,190,60000000000,1.000000,94296359770709,6036458222816,10175295005048,2564862515,179,9
92,195,60000000000,1.000000,94342663656181,5990154337344,10175295005048,2564862515,179,9
93,0,60000000000,1.000000,105537824971807,3148596585045,10101241443148,3451188160,0,0
93,5,60000000000,1.000000,105545399481217,3135244717799,10107018800984,3451188160,0,0
93,10,60000000000,1.000000,105572870366646,3107187796441,10107604836913,3451188160,0,0
93,15,60000000000,1.000000,105594527829382,3085530333705,10107604836913,3451188160,0,0
93,20,60000000000,1.000000,105622482384102,3057575778985,10107604836913,3451188160,0,0
93,25,60000000000,1.000000,105649644847462,3030413315625,10107604836913,3451188160,0,0
93,30,72000000000,0.975119,102387182695565,6398161829088,10161509064226,3256102207,40,6
93,35,60000000000,0.725133,98026025005471,14579617988363,10189472466340,2942244730,155,15
93,40,60000000000,1.000000,93480461130554,11683292779088,10189472466340,2942244730,155,15
93,45,60000000000,1.000000,91460059486199,11603265747032,10189472466340,2942244730,155,15
93,50,60000000000,1.000000,91602666045865,11460659187366,10189472466340,2942244730,155,15
93,55,60000000000,1.000000,91658187734295,11405137498936,10189472466340,2942244730,155,15
93,60,60000000000,1.000000,91761211412288,11302113820943,10189472466340,2942244730,155,15
93,65,60000000000,1.000000,91891913789978,11171411443253,10189472466340,2942244730,155,15
93,70,60000000000,1.000000,91952251223050,11111074010181,10189472466340,2942244730,155,15
93,75,60000000000,1.000000,92057909051714,11005416181517,10189472466340,2942244730,155,15
93,80,60000000000,1.000000,92162811399378,10900513833853,10189472466340,2942244730,155,15
93,85,60000000000,1.000000,92216724185410,10846601047821,10189472466340,2942244730,155,15
93,90,60000000000,1.000000,92344799272962,10718525960269,10189472466340,2942244730,155,15
93,95,60000000000,1.000000,92398417259082,10664907974149,10189472466340,2942244730,155,15
93,100,60000000000,1.000000,92494854566154,10568470667077,10189472466340,2942244730,155,15
93,105,60000000000,1.000000,92617077284274,10446247948957,10189472466340,2942244730,155,15
93,110,60000000000,1.000000,92673498067514,10389827165717,10189472466340,2942244730,155,15
93,115,60000000000,1.000000,92772297389418,10291027843813,10189472466340,2942244730,155,15
93,120,60000000000,1.000000,92870390270322,10192934962909,10189472466340,2942244730,155,15
93,125,60000000000,1.000000,92920803446194,10142521787037,10189472466340,2942244730,155,15
93,130,60000000000,1.000000,93040564868058,10022760365173,10189472466340,2942244730,155,15
93,135,60000000000,1.000000,93090702380282,9972622852949,10189472466340,2942244730,155,15
93,140,60000000000,1.000000,93180879707034,9882445526197,10189472466340,2942244730,155,15
93,145,60000000000,1.000000,93295168650930,9768156582301,10189472466340,2942244730,155,15
93,150,60000000000,1.000000,93347927023778,9715398209453,10189472466340,2942244730,155,15
93,155,60000000000,1.000000,93440313041162,9623012192069,10189472466340,2942244730,155,15
93,160,60000000000,1.000000,93532038474282,9531286758949,10189472466340,2942244730,155,15
93,165,60000000000,1.000000,93579179208170,9484146025061,10189472466340,2942244730,155,15
93,170,60000000000,1.000000,93691166624498,9372158608733,10189472466340,2942244730,155,15
93,175,60000000000,1.000000,93738049588522,9325275644709,10189472466340,2942244730,155,15
93,180,60000000000,1.000000,93822373285362,9240951947869,10189472466340,2942244730,155,15
93,185,60000000000,1.000000,93929243455698,9134081777533,10189472466340,2942244730,155,15
93,190,60000000000,1.000000,93978577154058,9084748079173,10189472466340,2942244730,155,15
93,195,60000000000,1.000000,94064966170018,8998359063213,10189472466340,2942244730,155,15
94,0,60000000000,1.000000,100925502799668,2945316150111,10082198050221,3601028806,0,0
94,5,60000000000,1.000000,100930880135355,2933846350216,10088290514429,3601028806,0,0
94,10,60000000000,1.000000,100957293082134,2906907078056,10088816839810,3601028806,0,0
94,15,60000000000,1.000000,100980531266038,2883664074024,10088821659938,3601028806,0,0
94,20,60000000000,1.000000,101004101928702,2860093411360,10088821659938,3601028806,0,0
94,25,60000000000,1.000000,101029939893350,2834255446712,10088821659938,3601028806,0,0
94,30,72000000000,0.384388,100267778947625,9339037716513,10095422590778,3552623934,30,0
94,35,60000000000,0.256424,98795937745853,19709539038913,10103078042406,3439733473,158,8
94,40,60000000000,0.758300,84312667749192,25764561027334,10103078042406,3439733473,158,8
94,45,60000000000,1.000000,83135437606939,19006090077974,10103078042406,3439733473,158,8
94,50,60000000000,1.000000,83297773807007,18843753877906,10103078042406,3439733473,158,8
94,55,60000000000,1.000000,83354641722522,18786885962391,10103078042406,3439733473,158,8
94,60,60000000000,1.000000,83555237718462,18586289966451,10103078042406,3439733473,158,8
94,65,60000000000,1.000000,83783770442270,18357757242643,10103078042406,3439733473,158,8
94,70,60000000000,1.000000,83831530097054,18309997587859,10103078042406,3439733473,158,8
94,75,60000000000,1.000000,84043607691758,18097919993155,10103078042406,3439733473,158,8
94,80,60000000000,1.000000,84257546472462,17883981212451,10103078042406,3439733473,158,8
94,85,60000000000,1.000000,84294595802606,17846931882307,10103078042406,3439733473,158,8
94,90,60000000000,1.000000,84520347491646,17621180193267,10103078042406,3439733473,158,8
94,95,60000000000,1.000000,84574103048630,17567424636283,10103078042406,3439733473,158,8
94,100,60000000000,1.000000,84761701012462,17379826672451,10103078042406,3439733473,158,8
94,105,60000000000,1.000000,84975417142142,17166110542771,10103078042406,3439733473,158,8
94,110,60000000000,1.000000,85020076601478,17121451083435,10103078042406,3439733473,158,8
94,115,60000000000,1.000000,85218387723126,16923139961787,10103078042406,3439733473,158,8
94,120,60000000000,1.000000,85418439216638,16723088468275,10103078042406,3439733473,158,8
94,125,60000000000,1.000000,85453083584526,16688444100387,10103078042406,3439733473,158,8
94,130,60000000000,1.000000,85664181181846,16477346503067,10103078042406,3439733473,158,8
94,135,60000000000,1.000000,85714447334646,16427080350267,10103078042406,3439733473,158,8
94,140,60000000000,1.000000,85889867857518,16251659827395,10103078042406,3439733473,158,8
94,145,60000000000,1.000000,86089711152798,16051816532115,10103078042406,3439733473,158,8
94,150,60000000000,1.000000,86131471657926,16010056026987,10103078042406,3439733473,158,8
94,155,60000000000,1.000000,86316909921814,15824617763099,10103078042406,3439733473,158,8
94,160,60000000000,1.000000,86503975585766,15637552099147,10103078042406,3439733473,158,8
94,165,60000000000,1.000000,86536371103230,15605156581683,10103078042406,3439733473,158,8
94,170,60000000000,1.000000,86733765841374,15407761843539,10103078042406,3439733473,158,8
94,175,60000000000,1.000000,86780769095822,15360758589091,10103078042406,3439733473,158,8
94,180,60000000000,1.000000,86944802645518,15196725039395,10103078042406,3439733473,158,8
94,185,60000000000,1.000000,87131673625782,15009854059131,10103078042406,3439733473,158,8
94,190,60000000000,1.000000,87170723354838,14970804330075,10103078042406,3439733473,158,8
94,195,60000000000,1.000000,87344124369478,14797403315435,10103078042406,3439733473,158,8
95,0,60000000000,1.000000,115003751242774,3092263924753,10104679832473,3592081404,0,0
95,5,60000000000,1.000000,115011584585106,3079871128307,10109239286587,3592081404,0,0
95,10,60000000000,1.000000,115038557223967,3052048811274,10110088964759,3592081404,0,0
95,15,60000000000,1.000000,115062150065647,3028455969594,10110088964759,3592081404,0,0
95,20,60000000000,1.000000,115087595748495,3003010286746,10110088964759,3592081404,0,0
95,25,60000000000,1.000000,115114325734327,2976280300914,10110088964759,3592081404,0,0
95,30,72000000000,0.675315,114404019030731,5445805761268,10119040100292,3536410074,27,1
95,35,60000000000,0.514658,108476211132099,18579378157039,10162458140869,3098248465,177,3
95,40,60000000000,0.929492,104005233671216,15097495402076,10162458140869,3098248465,177,3
95,45,60000000000,1.000000,101704352100374,11235920415836,10162458140869,3098248465,177,3
95,50,60000000000,1.000000,101803220112101,11137052404109,10162458140869,3098248465,177,3
95,55,60000000000,1.000000,101860009735475,11080262780735,10162458140869,3098248465,177,3
95,60,60000000000,1.000000,101957100963861,10983171552349,10162458140869,3098248465,177,3
95,65,60000000000,1.000000,102071699873570,10868572642640,10162458140869,3098248465,177,3
95,70,60000000000,1.000000,102132528883626,10807743632584,10162458140869,3098248465,177,3
95,75,60000000000,1.000000,102245112108978,10695160407232,10162458140869,3098248465,177,3
95,80,60000000000,1.000000,102341989809746,10598282706464,10162458140869,3098248465,177,3
95,85,60000000000,1.000000,102399310848610,10540961667600,10162458140869,3098248465,177,3
95,90,60000000000,1.000000,102524757093114,10415515423096,10162458140869,3098248465,177,3
95,95,60000000000,1.000000,102579246100482,10361026415728,10162458140869,3098248465,177,3
95,100,60000000000,1.000000,102670042328410,10270230187800,10162458140869,3098248465,177,3
95,105,60000000000,1.000000,102777205364594,10163067151616,10162458140869,3098248465,177,3
95,110,60000000000,1.000000,102834085815570,10106186700640,10162458140869,3098248465,177,3
95,115,60000000000,1.000000,102939360989650,10000911526560,10162458140869,3098248465,177,3
95,120,60000000000,1.000000,103029950122962,9910322393248,10162458140869,3098248465,177,3
95,125,60000000000,1.000000,103083550313650,9856722202560,10162458140869,3098248465,177,3
95,130,60000000000,1.000000,103200853537050,9739418979160,10162458140869,3098248465,177,3
95,135,60000000000,1.000000,103251805530154,9688466986056,10162458140869,3098248465,177,3
95,140,60000000000,1.000000,103336707953730,9603564562480,10162458140869,3098248465,177,3
95,145,60000000000,1.000000,103436914776266,9503357739944,10162458140869,3098248465,177,3
95,150,60000000000,1.000000,103490102978594,9450169537616,10162458140869,3098248465,177,3
95,155,60000000000,1.000000,103588544484778,9351728031432,10162458140869,3098248465,177,3
95,160,60000000000,1.000000,103673253256778,9267019259432,10162458140869,3098248465,177,3
95,165,60000000000,1.000000,103723374128554,9216898387656,10162458140869,3098248465,177,3
95,170,60000000000,1.000000,103833062914050,9107209602160,10162458140869,3098248465,177,3
95,175,60000000000,1.000000,103880707489250,9059565026960,10162458140869,3098248465,177,3
95,180,60000000000,1.000000,103960098689786,8980173826424,10162458140869,3098248465,177,3
95,185,60000000000,1.000000,104053800843426,8886471672784,10162458140869,3098248465,177,3
95,190,60000000000,1.000000,104103536469962,8836736046248,10162458140869,3098248465,177,3
95,195,60000000000,1.000000,104195587898306,8744684617904,10162458140869,3098248465,177,3
96,0,60000000000,1.000000,94827984407411,2979752367283,10082020225306,3402922464,0,0
96,5,60000000000,1.000000,94832710467424,2969578570659,10087467961917,3402922464,0,0
96,10,60000000000,1.000000,94860695588472,2940812169756,10088249241772,3402922464,0,0
96,15,60000000000,1.000000,94882379933042,2919043921252,10088333145706,3402922464,0,0
96,20,60000000000,1.000000,94905061609890,2896362244404,10088333145706,3402922464,0,0
96,25,60000000000,1.000000,94933679713538,2867744140756,10088333145706,3402922464,0,0
96,30,72000000000,0.766869,94336649783559,4511368184745,10093478237751,3363630209,44,4
96,35,60000000000,0.545523,88014451306594,17780586307244,10175585373092,2876089790,187,9
96,40,60000000000,1.000000,82549729883728,10993441811074,10175585373092,2876089790,187,9
96,45,60000000000,1.000000,81289846782471,10275945767834,10175585373092,2876089790,187,9
96,50,60000000000,1.000000,81453822131450,10111970418855,10175585373092,2876089790,187,9
96,55,60000000000,1.000000,81512763534775,10053029015530,10175585373092,2876089790,187,9
96,60,60000000000,1.000000,81593911666284,9971880884021,10175585373092,2876089790,187,9
96,65,60000000000,1.000000,81706981761450,9858810788855,10175585373092,2876089790,187,9
96,70,60000000000,1.000000,81751332332034,9814460218271,10175585373092,2876089790,187,9
96,75,60000000000,1.000000,81854631662234,9711160888071,10175585373092,2876089790,187,9
96,80,60000000000,1.000000,81955364198370,9610428351935,10175585373092,2876089790,187,9
96,85,60000000000,1.000000,81992346544466,9573446005839,10175585373092,2876089790,187,9
96,90,60000000000,1.000000,82109173452482,9456619097823,10175585373092,2876089790,187,9
96,95,60000000000,1.000000,82165116947082,9400675603223,10175585373092,2876089790,187,9
96,100,60000000000,1.000000,82241003314842,9324789235463,10175585373092,2876089790,187,9
96,105,60000000000,1.000000,82346941151602,9218851398703,10175585373092,2876089790,187,9
96,110,60000000000,1.000000,82388412818538,9177379731767,10175585373092,2876089790,187,9
96,115,60000000000,1.000000,82485006737698,9080785812607,10175585373092,2876089790,187,9
96,120,60000000000,1.000000,82579200479682,8986592070623,10175585373092,2876089790,187,9
96,125,60000000000,1.000000,82613782211794,8952010338511,10175585373092,2876089790,187,9
96,130,60000000000,1.000000,82723025600730,8842766949575,10175585373092,2876089790,187,9
96,135,60000000000,1.000000,82775337666938,8790454883367,10175585373092,2876089790,187,9
96,140,60000000000,1.000000,82846298065690,8719494484615,10175585373092,2876089790,187,9
96,145,60000000000,1.000000,82945359219578,8620433330727,10175585373092,2876089790,187,9
96,150,60000000000,1.000000,82984138859762,8581653690543,10175585373092,2876089790,187,9
96,155,60000000000,1.000000,83074462632450,8491329917855,10175585373092,2876089790,187,9
96,160,60000000000,1.000000,83162542029322,8403250520983,10175585373092,2876089790,187,9
96,165,60000000000,1.000000,83194878976794,8370913573511,10175585373092,2876089790,187,9
96,170,60000000000,1.000000,83297031111426,8268761438879,10175585373092,2876089790,187,9
96,175,60000000000,1.000000,83345947474026,8219845076279,10175585373092,2876089790,187,9
96,180,60000000000,1.000000,83412301660602,8153490889703,10175585373092,2876089790,187,9
96,185,60000000000,1.000000,83504932513762,8060860036543,10175585373092,2876089790,187,9
96,190,60000000000,1.000000,83541194873066,8024597677239,10175585373092,2876089790,187,9
96,195,60000000000,1.000000,83625655509714,7940137040591,10175585373092,2876089790,187,9
97,0,60000000000,1.000000,111420671633237,3016597788868,10098281577895,3308881094,0,0
97,5,60000000000,1.000000,111430404898298,3001055888296,10104090213406,3308881094,0,0
97,10,60000000000,1.000000,111453400676942,2976704121789,10105446201269,3308881094,0,0
97,15,60000000000,1.000000,111478850995350,2951253803381,10105446201269,3308881094,0,0
97,20,60000000000,1.000000,111502343627614,2927761171117,10105446201269,3308881094,0,0
97,25,60000000000,1.000000,111527221876502,2902882922229,10105446201269,3308881094,0,0
97,30,72000000000,0.617150,111157578531791,5297083642601,10108878556256,3281956318,28,2
97,35,60000000000,0.464596,108670577695287,12346751626857,10128723630575,3117684946,165,8
97,40,60000000000,0.919989,104455266153902,10817038066840,10128723630575,3117684946,165,8
97,45,60000000000,1.000000,102583971775306,9714742529168,10128723630575,3117684946,165,8
97,50,60000000000,1.000000,102672037094726,9626677209748,10128723630575,3117684946,165,8
97,55,60000000000,1.000000,102729077516520,9569636787954,10128723630575,3117684946,165,8
97,60,60000000000,1.000000,102809410356573,9489303947901,10128723630575,3117684946,165,8
97,65,60000000000,1.000000,102904964195178,9393750109296,10128723630575,3117684946,165,8
97,70,60000000000,1.000000,102970694725250,9328019579224,10128723630575,3117684946,165,8
97,75,60000000000,1.000000,103054291952130,9244422352344,10128723630575,3117684946,165,8
97,80,60000000000,1.000000,103133032525490,9165681778984,10128723630575,3117684946,165,8
97,85,60000000000,1.000000,103195163274162,9103551030312,10128723630575,3117684946,165,8
97,90,60000000000,1.000000,103293652798034,9005061506440,10128723630575,3117684946,165,8
97,95,60000000000,1.000000,103348378658770,8950335645704,10128723630575,3117684946,165,8
97,100,60000000000,1.000000,103423504049154,8875210255320,10128723630575,3117684946,165,8
97,105,60000000000,1.000000,103514735364234,8783978940240,10128723630575,3117684946,165,8
97,110,60000000000,1.000000,103576199165370,8722515139104,10128723630575,3117684946,165,8
97,115,60000000000,1.000000,103654369892850,8644344411624,10128723630575,3117684946,165,8
97,120,60000000000,1.000000,103727999223690,8570715080784,10128723630575,3117684946,165,8
97,125,60000000000,1.000000,103786096914122,8512617390352,10128723630575,3117684946,165,8
97,130,60000000000,1.000000,103878193243162,8420521061312,10128723630575,3117684946,165,8
97,135,60000000000,1.000000,103929366715050,8369347589424,10128723630575,3117684946,165,8
97,140,60000000000,1.000000,103999615533322,8299098771152,10128723630575,3117684946,165,8
97,145,60000000000,1.000000,104084924801706,8213789502768,10128723630575,3117684946,165,8
97,150,60000000000,1.000000,104142398837898,8156315466576,10128723630575,3117684946,165,8
97,155,60000000000,1.000000,104215495313114,8083218991360,10128723630575,3117684946,165,8
97,160,60000000000,1.000000,104284345184850,8014369119624,10128723630575,3117684946,165,8
97,165,60000000000,1.000000,104338671612762,7960042691712,10128723630575,3117684946,165,8
97,170,60000000000,1.000000,104424789744930,7873924559544,10128723630575,3117684946,165,8
97,175,60000000000,1.000000,104472641422186,7826072882288,10128723630575,3117684946,165,8
97,180,60000000000,1.000000,104538330218514,7760384085960,10128723630575,3117684946,165,8
97,185,60000000000,1.000000,104618101854458,7680612450016,10128723630575,3117684946,165,8
97,190,60000000000,1.000000,104671845111034,7626869193440,10128723630575,3117684946,165,8
97,195,60000000000,1.000000,104740196716018,7558517588456,10128723630575,3117684946,165,8
98,0,60000000000,1.000000,99555901485294,2928157568728,10082773945978,2960180880,0,0
98,5,60000000000,1.000000,99563070136882,2915931059677,10087831803441,2960180880,0,0
98,10,60000000000,1.000000,99586567522720,2891267287940,10088998189340,2960180880,0,0
98,15,60000000000,1.000000,99609947002840,2867887807820,10088998189340,2960180880,0,0
98,20,60000000000,1.000000,99633987150472,2843847660188,10088998189340,2960180880,0,0
98,25,60000000000,1.000000,99658922896320,2818911914340,10088998189340,2960180880,0,0
98,30,72000000000,0.506625,99400497669786,6070507388869,10090863521060,2942500221,30,0
98,35,60000000000,0.449794,95601661714174,15194092838624,10130966942531,2688733416,161,6
98,40,60000000000,1.000000,91696213884962,9882483944012,10130966942531,2688733416,161,6
98,45,60000000000,1.000000,90271375135419,9478031610652,10130966942531,2688733416,161,6
98,50,60000000000,1.000000,90360382961990,9389023784081,10130966942531,2688733416,161,6
98,55,60000000000,1.000000,90410833909041,9338572837030,10130966942531,2688733416,161,6
98,60,60000000000,1.000000,90492199885901,9257206860170,10130966942531,2688733416,161,6
98,65,60000000000,1.000000,90590433979968,9158972766103,10130966942531,2688733416,161,6
98,70,60000000000,1.000000,90652087075816,9097319670255,10130966942531,2688733416,161,6
98,75,60000000000,1.000000,90733158931552,9016247814519,10130966942531,2688733416,161,6
98,80,60000000000,1.000000,90822202298600,8927204447471,10130966942531,2688733416,161,6
98,85,60000000000,1.000000,90866114118896,8883292627175,10130966942531,2688733416,161,6
98,90,60000000000,1.000000,90968743997784,8780662748287,10130966942531,2688733416,161,6
98,95,60000000000,1.000000,91016951632560,8732455113511,10130966942531,2688733416,161,6
98,100,60000000000,1.000000,91093037932720,8656368813351,10130966942531,2688733416,161,6
98,105,60000000000,1.000000,91184965180384,8564441565687,10130966942531,2688733416,161,6
98,110,60000000000,1.000000,91242616223536,8506790522535,10130966942531,2688733416,161,6
98,115,60000000000,1.000000,91318425507552,8430981238519,10130966942531,2688733416,161,6
98,120,60000000000,1.000000,91401688852760,8347717893311,10130966942531,2688733416,161,6
98,125,60000000000,1.000000,91442750249832,8306656496239,10130966942531,2688733416,161,6
98,130,60000000000,1.000000,91538718173592,8210688572479,10130966942531,2688733416,161,6
98,135,60000000000,1.000000,91583796533376,8165610212695,10130966942531,2688733416,161,6
98,140,60000000000,1.000000,91654943886552,8094462859519,10130966942531,2688733416,161,6
98,145,60000000000,1.000000,91740903912688,8008502833383,10130966942531,2688733416,161,6
98,150,60000000000,1.000000,91794812686464,7954594059607,10130966942531,2688733416,161,6
98,155,60000000000,1.000000,91865701005352,7883705740719,10130966942531,2688733416,161,6
98,160,60000000000,1.000000,91943559524136,7805847221935,10130966942531,2688733416,161,6
98,165,60000000000,1.000000,91981955525944,7767451220127,10130966942531,2688733416,161,6
98,170,60000000000,1.000000,92071693937960,7677712808111,10130966942531,2688733416,161,6
98,175,60000000000,1.000000,92113846151712,7635560594359,10130966942531,2688733416,161,6
98,180,60000000000,1.000000,92180375156824,7569031589247,10130966942531,2688733416,161,6
98,185,60000000000,1.000000,92260755308248,7488651437823,10130966942531,2688733416,161,6
98,190,60000000000,1.000000,92311164732136,7438242013935,10130966942531,2688733416,161,6
98,195,60000000000,1.000000,92377451517736,7371955228335,10130966942531,2688733416,161,6
99,0,60000000000,1.000000,96485993531361,2935295274301,10082935194338,2693975948,0,0
99,5,60000000000,1.000000,96494715126454,2921399580146,10088109293400,2693975948,0,0
99,10,60000000000,1.000000,96519230230616,2895922461488,10089071307896,2693975948,0,0
99,15,60000000000,1.000000,96539438776896,2875713915208,10089071307896,2693975948,0,0
99,20,60000000000,1.000000,96565360215552,2849792476552,10089071307896,2693975948,0,0
99,25,60000000000,1.000000,96591186390400,2823966301704,10089071307896,2693975948,0,0
99,30,72000000000,0.660991,96196967627264,4864219450949,10092051797576,2660465378,36,0
99,35,60000000000,0.423083,93104579786043,14886046674622,10101604688622,2394113197,172,4
99,40,60000000000,0.858764,87777255742482,13537315920224,10101604688622,2394113197,172,4
99,45,60000000000,1.000000,84723114260172,11540825057832,10101604688622,2394113197,172,4
99,50,60000000000,1.000000,84805025514004,11458913804000,10101604688622,2394113197,172,4
99,55,60000000000,1.000000,84852780092910,11411159225094,10101604688622,2394113197,172,4
99,60,60000000000,1.000000,84965080637675,11298858680329,10101604688622,2394113197,172,4
99,65,60000000000,1.000000,85077585565429,11186353752575,10101604688622,2394113197,172,4
99,70,60000000000,1.000000,85134709409301,11129229908703,10101604688622,2394113197,172,4
99,75,60000000000,1.000000,85259154994837,11004784323167,10101604688622,2394113197,172,4
99,80,60000000000,1.000000,85349273364213,10914665953791,10101604688622,2394113197,172,4
99,85,60000000000,1.000000,85415082564581,10848856753423,10101604688622,2394113197,172,4
99,90,60000000000,1.000000,85547945274253,10715994043751,10101604688622,2394113197,172,4
99,95,60000000000,1.000000,85593480356757,10670458961247,10101604688622,2394113197,172,4
99,100,60000000000,1.000000,85698502120589,10565437197415,10101604688622,2394113197,172,4
99,105,60000000000,1.000000,85803719001885,10460220316119,10101604688622,2394113197,172,4
99,110,60000000000,1.000000,85857134798133,10406804519871,10101604688622,2394113197,172,4
99,115,60000000000,1.000000,85973502317661,10290437000343,10101604688622,2394113197,172,4
99,120,60000000000,1.000000,86057770884269,10206168433735,10101604688622,2394113197,172,4
99,125,60000000000,1.000000,86119308249229,10144631068775,10101604688622,2394113197,172,4
99,130,60000000000,1.000000,86243546516877,10020392801127,10101604688622,2394113197,172,4
99,135,60000000000,1.000000,86286125806277,9977813511727,10101604688622,2394113197,172,4
99,140,60000000000,1.000000,86384330351869,9879608966135,10101604688622,2394113197,172,4
99,145,60000000000,1.000000,86482717349285,9781221968719,10101604688622,2394113197,172,4
99,150,60000000000,1.000000,86532665796029,9731273521975,10101604688622,2394113197,172,4
99,155,60000000000,1.000000,86641479616589,9622459701415,10101604688622,2394113197,172,4
99,160,60000000000,1.000000,86720278105221,9543661212783,10101604688622,2394113197,172,4
99,165,60000000000,1.000000,86777820929893,9486118388111,10101604688622,2394113197,172,4
99,170,60000000000,1.000000,86893994589133,9369944728871,10101604688622,2394113197,172,4
99,175,60000000000,1.000000,86933809953157,9330129364847,10101604688622,2394113197,172,4
99,180,60000000000,1.000000,87025639802549,9238299515455,10101604688622,2394113197,172,4
99,185,60000000000,1.000000,87117640260397,9146299057607,10101604688622,2394113197,172,4
99,190,60000000000,1.000000,87164346431941,9099592886063,10101604688622,2394113197,172,4
99,195,60000000000,1.000000,87266096882453,8997842435551,10101604688622,2394113197,172,4
100,0,60000000000,1.000000,111544413285747,3032171235838,10107557478415,4075164524,0,0
100,5,60000000000,1.000000,111554058364284,3018297680025,10111785955691,4075164524,0,0
100,10,60000000000,1.000000,111579826841415,2990953979097,10113361179488,4075164524,0,0
100,15,60000000000,1.000000,111600501423407,2970279397105,10113361179488,4075164524,0,0
100,20,60000000000,1.000000,111629502021431,2941278799081,10113361179488,4075164524,0,0
100,25,60000000000,1.000000,111653736142671,2917044677841,10113361179488,4075164524,0,0
100,30,72000000000,0.761464,111367344993157,4205636749631,10114357234176,4050805293,28,3
100,35,60000000000,0.316746,108644644877852,18630261585121,10138444433938,3856012122,153,8
100,40,60000000000,0.836579,99448199867563,18046718259764,10138444433938,3856012122,153,8
100,45,60000000000,1.000000,96474404044919,15545097264908,10138444433938,3856012122,153,8
100,50,60000000000,1.000000,96578733351124,15440767958703,10138444433938,3856012122,153,8
100,55,60000000000,1.000000,96616704114295,15402797195532,10138444433938,3856012122,153,8
100,60,60000000000,1.000000,96792320975536,15227180334291,10138444433938,3856012122,153,8
100,65,60000000000,1.000000,96971134900921,15048366408906,10138444433938,3856012122,153,8
100,70,60000000000,1.000000,97011924822145,15007576487682,10138444433938,3856012122,153,8
100,75,60000000000,1.000000,97189858243705,14829643066122,10138444433938,3856012122,153,8
100,80,60000000000,1.000000,97344743557417,14674757752410,10138444433938,3856012122,153,8
100,85,60000000000,1.000000,97395803217921,14623698091906,10138444433938,3856012122,153,8
100,90,60000000000,1.000000,97578977216561,14440524093266,10138444433938,3856012122,153,8
100,95,60000000000,1.000000,97615173453881,14404327855946,10138444433938,3856012122,153,8
100,100,60000000000,1.000000,97780739777905,14238761531922,10138444433938,3856012122,153,8
100,105,60000000000,1.000000,97947960982593,14071540327234,10138444433938,3856012122,153,8
100,110,60000000000,1.000000,97986103130785,14033398179042,10138444433938,3856012122,153,8
100,115,60000000000,1.000000,98152486460705,13867014849122,10138444433938,3856012122,153,8
100,120,60000000000,1.000000,98297317791721,13722183518106,10138444433938,3856012122,153,8
100,125,60000000000,1.000000,98345063045401,13674438264426,10138444433938,3856012122,153,8
100,130,60000000000,1.000000,98516346773937,13503154535890,10138444433938,3856012122,153,8
100,135,60000000000,1.000000,98550193425361,13469307884466,10138444433938,3856012122,153,8
100,140,60000000000,1.000000,98705012436169,13314488873658,10138444433938,3856012122,153,8
100,145,60000000000,1.000000,98861378905201,13158122404626,10138444433938,3856012122,153,8
100,150,60000000000,1.000000,98897045153721,13122456156106,10138444433938,3856012122,153,8
100,155,60000000000,1.000000,99052628136593,12966873173234,10138444433938,3856012122,153,8
100,160,60000000000,1.000000,99188058113105,12831443196722,10138444433938,3856012122,153,8
100,165,60000000000,1.000000,99232704106041,12786797203786,10138444433938,3856012122,153,8
100,170,60000000000,1.000000,99392869390609,12626631919218,10138444433938,3856012122,153,8
100,175,60000000000,1.000000,99424518973377,12594982336450,10138444433938,3856012122,153,8
100,180,60000000000,1.000000,99569288305273,12450213004554,10138444433938,3856012122,153,8
100,185,60000000000,1.000000,99715504646129,12303996663698,10138444433938,3856012122,153,8
100,190,60000000000,1.000000,99748855711713,12270645598114,10138444433938,3856012122,153,8
100,195,60000000000,1.000000,99894339424305,12125161885522,10138444433938,3856012122,153,8
101,0,60000000000,1.000000,112705428034583,3012602722580,10090477242837,3608076276,0,0
101,5,60000000000,1.000000,112714626302151,2999128762230,10094752935619,3608076276,0,0
101,10,60000000000,1.000000,112738991018113,2973195966317,10096321015570,3608076276,0,0
101,15,60000000000,1.000000,112761094381497,2951092602933,10096321015570,3608076276,0,0
101,20,60000000000,1.000000,112788691138561,2923495845869,10096321015570,3608076276,0,0
101,25,60000000000,1.000000,112812715897137,2899471087293,10096321015570,3608076276,0,0
101,30,72000000000,0.681881,112495352263627,4711823804697,10100251724981,3584359363,46,1
101,35,60000000000,0.258394,110808238346820,18891236310953,10118890763739,3487857638,186,8
101,40,60000000000,0.903248,108030877627854,8479108270251,10118890763739,3487857638,186,8
101,45,60000000000,1.000000,105869298972414,8436542629315,10118890763739,3487857638,186,8
101,50,60000000000,1.000000,105982303985955,8323537615774,10118890763739,3487857638,186,8
101,55,60000000000,1.000000,106030780944475,8275060657254,10118890763739,3487857638,186,8
101,60,60000000000,1.000000,106099780791236,8206060810493,10118890763739,3487857638,186,8
101,65,60000000000,1.000000,106185337099445,8120504502284,10118890763739,3487857638,186,8
101,70,60000000000,1.000000,106243445377141,8062396224588,10118890763739,3487857638,186,8
101,75,60000000000,1.000000,106313280829069,7992560772660,10118890763739,3487857638,186,8
101,80,60000000000,1.000000,106377736846581,7928104755148,10118890763739,3487857638,186,8
101,85,60000000000,1.000000,106429339384349,7876502217380,10118890763739,3487857638,186,8
101,90,60000000000,1.000000,106521569532805,7784272068924,10118890763739,3487857638,186,8
101,95,60000000000,1.000000,106567928986341,7737912615388,10118890763739,3487857638,186,8
101,100,60000000000,1.000000,106632453277717,7673388324012,10118890763739,3487857638,186,8
101,105,60000000000,1.000000,106712458796373,7593382805356,10118890763739,3487857638,186,8
101,110,60000000000,1.000000,106766795124181,7539046477548,10118890763739,3487857638,186,8
101,115,60000000000,1.000000,106832097386877,7473744214852,10118890763739,3487857638,186,8
101,120,60000000000,1.000000,106892369407397,7413472194332,10118890763739,3487857638,186,8
101,125,60000000000,1.000000,106940622298869,7365219302860,10118890763739,3487857638,186,8
101,130,60000000000,1.000000,107026865563805,7278976037924,10118890763739,3487857638,186,8
101,135,60000000000,1.000000,107070215712253,7235625889476,10118890763739,3487857638,186,8
101,140,60000000000,1.000000,107130551574693,7175290027036,10118890763739,3487857638,186,8
101,145,60000000000,1.000000,107205363740269,7100477861460,10118890763739,3487857638,186,8
101,150,60000000000,1.000000,107256172964821,7049668636908,10118890763739,3487857638,186,8
101,155,60000000000,1.000000,107317236298533,6988605303196,10118890763739,3487857638,186,8
101,160,60000000000,1.000000,107373595915341,6932245686388,10118890763739,3487857638,186,8
101,165,60000000000,1.000000,107418716594229,6887125007500,10118890763739,3487857638,186,8
101,170,60000000000,1.000000,107499361598677,6806480003052,10118890763739,3487857638,186,8
101,175,60000000000,1.000000,107539897783493,6765943818236,10118890763739,3487857638,186,8
101,180,60000000000,1.000000,107596317098205,6709524503524,10118890763739,3487857638,186,8
101,185,60000000000,1.000000,107666273023997,6639568577732,10118890763739,3487857638,186,8
101,190,60000000000,1.000000,107713784097989,6592057503740,10118890763739,3487857638,186,8
101,195,60000000000,1.000000,107770883662069,6534957939660,10118890763739,3487857638,186,8
102,0,60000000000,1.000000,105533692307927,2986736844120,10090365847953,3267530802,0,0
102,5,60000000000,1.000000,105543668731437,2971600474298,10095525794265,3267530802,0,0
102,10,60000000000,1.000000,105565442895670,2948947611994,10096404492336,3267530802,0,0
102,15,60000000000,1.000000,105589878583230,2924511924434,10096404492336,3267530802,0,0
102,20,60000000000,1.000000,105614372105350,2900018402314,10096404492336,3267530802,0,0
102,25,60000000000,1.000000,105638739356334,2875651151330,10096404492336,3267530802,0,0
102,30,72000000000,0.696113,104458626477660,5824949834437,10097347745976,3140013199,34,0
102,35,60000000000,0.479057,100517247712340,16553085664443,10163677932274,2858492116,193,12
102,40,60000000000,1.000000,95915320216865,11280469881658,10163677932274,2858492116,193,12
102,45,60000000000,1.000000,93002169628735,11012469870418,10163677932274,2858492116,193,12
102,50,60000000000,1.000000,93138601202856,10876038296297,10163677932274,2858492116,193,12
102,55,60000000000,1.000000,93198978397454,10815661101699,10163677932274,2858492116,193,12
102,60,60000000000,1.000000,93291841709111,10722797790042,10163677932274,2858492116,193,12
102,65,60000000000,1.000000,93415230497229,10599409001924,10163677932274,2858492116,193,12
102,70,60000000000,1.000000,93457273646909,10557365852244,10163677932274,2858492116,193,12
102,75,60000000000,1.000000,93571411981797,10443227517356,10163677932274,2858492116,193,12
102,80,60000000000,1.000000,93661223190525,10353416308628,10163677932274,2858492116,193,12
102,85,60000000000,1.000000,93721350429485,10293289069668,10163677932274,2858492116,193,12
102,90,60000000000,1.000000,93843021420781,10171618078372,10163677932274,2858492116,193,12
102,95,60000000000,1.000000,93900916154813,10113723344340,10163677932274,2858492116,193,12
102,100,60000000000,1.000000,93987833453789,10026806045364,10163677932274,2858492116,193,12
102,105,60000000000,1.000000,94103263920501,9911375578652,10163677932274,2858492116,193,12
102,110,60000000000,1.000000,94142577947005,9872061552148,10163677932274,2858492116,193,12
102,115,60000000000,1.000000,94249307284677,9765332214476,10163677932274,2858492116,193,12
102,120,60000000000,1.000000,94333288629253,9681350869900,10163677932274,2858492116,193,12
102,125,60000000000,1.000000,94389512862885,9625126636268,10163677932274,2858492116,193,12
102,130,60000000000,1.000000,94503285893629,9511353605524,10163677932274,2858492116,193,12
102,135,60000000000,1.000000,94557422539581,9457216959572,10163677932274,2858492116,193,12
102,140,60000000000,1.000000,94638697824877,9375941674276,10163677932274,2858492116,193,12
102,145,60000000000,1.000000,94746635419061,9268004080092,10163677932274,2858492116,193,12
102,150,60000000000,1.000000,94783397476429,9231242022724,10163677932274,2858492116,193,12
102,155,60000000000,1.000000,94883198752949,9131440746204,10163677932274,2858492116,193,12
102,160,60000000000,1.000000,94961728663829,9052910835324,10163677932274,2858492116,193,12
102,165,60000000000,1.000000,95014303245325,9000336253828,10163677932274,2858492116,193,12
102,170,60000000000,1.000000,95120690991709,8893948507444,10163677932274,2858492116,193,12
102,175,60000000000,1.000000,95171313496125,8843326003028,10163677932274,2858492116,193,12
102,180,60000000000,1.000000,95247313004901,8767326494252,10163677932274,2858492116,193,12
102,185,60000000000,1.000000,95348244106981,8666395392172,10163677932274,2858492116,193,12
102,190,60000000000,1.000000,95382619849605,8632019649548,10163677932274,2858492116,193,12
102,195,60000000000,1.000000,95475942782229,8538696716924,10163677932274,2858492116,193,12
103,0,60000000000,1.000000,109592997724159,3165083313575,10108614962266,3888180922,0,0
103,5,60000000000,1.000000,109603747326708,3149008393724,10113940279568,3888180922,0,0
103,10,60000000000,1.000000,109631853955718,3120505970998,10114336073284,3888180922,0,0
103,15,60000000000,1.000000,109649640995334,3102718931382,10114336073284,3888180922,0,0
103,20,60000000000,1.000000,109684246500438,3068113426278,10114336073284,3888180922,0,0
103,25,60000000000,1.000000,109706733789750,3045626136966,10114336073284,3888180922,0,0
103,30,72000000000,1.000000,106806103535402,5887450824512,10141674511624,3690565486,42,2
103,35,60000000000,0.596800,101727080931974,18285428239475,10226878633103,3312862946,197,9
103,40,60000000000,0.979098,95298493901913,17711527450404,10226878633103,3312862946,197,9
103,45,60000000000,1.000000,92858166660750,13419856297196,10226878633103,3312862946,197,9
103,50,60000000000,1.000000,93016737182547,13261285775399,10226878633103,3312862946,197,9
103,55,60000000000,1.000000,93063104597763,13214918360183,10226878633103,3312862946,197,9
103,60,60000000000,1.000000,93202534994747,13075487963199,10226878633103,3312862946,197,9
103,65,60000000000,1.000000,93351744245115,12926278712831,10226878633103,3312862946,197,9
103,70,60000000000,1.000000,93405726040619,12872296917327,10226878633103,3312862946,197,9
103,75,60000000000,1.000000,93543563960363,12734458997583,10226878633103,3312862946,197,9
103,80,60000000000,1.000000,93657246791579,12620776166367,10226878633103,3312862946,197,9
103,85,60000000000,1.000000,93721929602347,12556093355599,10226878633103,3312862946,197,9
103,90,60000000000,1.000000,93876991466083,12401031491863,10226878633103,3312862946,197,9
103,95,60000000000,1.000000,93920612268275,12357410689671,10226878633103,3312862946,197,9
103,100,60000000000,1.000000,94051219994643,12226802963303,10226878633103,3312862946,197,9
103,105,60000000000,1.000000,94190820448187,12087202509759,10226878633103,3312862946,197,9
103,110,60000000000,1.000000,94241298153827,12036724804119,10226878633103,3312862946,197,9
103,115,60000000000,1.000000,94370188678555,11907834279391,10226878633103,3312862946,197,9
103,120,60000000000,1.000000,94476492080427,11801530877519,10226878633103,3312862946,197,9
103,125,60000000000,1.000000,94536976172459,11741046785487,10226878633103,3312862946,197,9
103,130,60000000000,1.000000,94681972593019,11596050364927,10226878633103,3312862946,197,9
103,135,60000000000,1.000000,94722761862699,11555261095247,10226878633103,3312862946,197,9
103,140,60000000000,1.000000,94844891523523,11433131434423,10226878633103,3312862946,197,9
103,145,60000000000,1.000000,94975430171699,11302592786247,10226878633103,3312862946,197,9
103,150,60000000000,1.000000,95022631246587,11255391711359,10226878633103,3312862946,197,9
103,155,60000000000,1.000000,95143155173459,11134867784487,10226878633103,3312862946,197,9
103,160,60000000000,1.000000,95242558162603,11035464795343,10226878633103,3312862946,197,9
103,165,60000000000,1.000000,95299116084987,10978906872959,10226878633103,3312862946,197,9
103,170,60000000000,1.000000,95434700434779,10843322523167,10226878633103,3312862946,197,9
103,175,60000000000,1.000000,95472841973739,10805180984207,10226878633103,3312862946,197,9
103,180,60000000000,1.000000,95587043900939,10690979057007,10226878633103,3312862946,197,9
103,185,60000000000,1.000000,95709108967523,10568913990423,10226878633103,3312862946,197,9
103,190,60000000000,1.000000,95753246105731,10524776852215,10226878633103,3312862946,197,9
103,195,60000000000,1.000000,95865946531091,10412076426855,10226878633103,3312862946,197,9
104,0,60000000000,1.000000,121278094703882,3125355375812,10113236920306,4245470512,0,0
104,5,60000000000,1.000000,121287597184435,3109788318709,10119301496856,4245470512,0,0
104,10,60000000000,1.000000,121312660929560,3083944526640,10120081543800,4245470512,0,0
104,15,60000000000,1.000000,121337833402616,3058772053584,10120081543800,4245470512,0,0
104,20,60000000000,1.000000,121362687335168,3033918121032,10120081543800,4245470512,0,0
104,25,60000000000,1.000000,121388829590336,3007775865864,10120081543800,4245470512,0,0
104,30,72000000000,0.950456,120386215822475,4201276279237,10137342057419,4172298123,46,4
104,35,60000000000,0.343830,117936187823865,18680358801269,10157629098583,3990532196,181,13
104,40,60000000000,0.885994,111087284824432,14979523012510,10157629098583,3990532196,181,13
104,45,60000000000,1.000000,108722276786415,12838346461110,10157629098583,3990532196,181,13
104,50,60000000000,1.000000,108868075377053,12692547870472,10157629098583,3990532196,181,13
104,55,60000000000,1.000000,108945634777704,12614988469821,10157629098583,3990532196,181,13
104,60,60000000000,1.000000,109043082437111,12517540810414,10157629098583,3990532196,181,13
104,65,60000000000,1.000000,109181148269179,12379474978346,10157629098583,3990532196,181,13
104,70,60000000000,1.000000,109261588300643,12299034946882,10157629098583,3990532196,181,13
104,75,60000000000,1.000000,109371258511395,12189364736130,10157629098583,3990532196,181,13
104,80,60000000000,1.000000,109485854654435,12074768593090,10157629098583,3990532196,181,13
104,85,60000000000,1.000000,109554395895707,12006227351818,10157629098583,3990532196,181,13
104,90,60000000000,1.000000,109690072150219,11870551097306,10157629098583,3990532196,181,13
104,95,60000000000,1.000000,109764408185555,11796215061970,10157629098583,3990532196,181,13
104,100,60000000000,1.000000,109855595347243,11705027900282,10157629098583,3990532196,181,13
104,105,60000000000,1.000000,109984730109947,11575893137578,10157629098583,3990532196,181,13
104,110,60000000000,1.000000,110059948583011,11500674664514,10157629098583,3990532196,181,13
104,115,60000000000,1.000000,110162499833299,11398123414226,10157629098583,3990532196,181,13
104,120,60000000000,1.000000,110269657261643,11290965985882,10157629098583,3990532196,181,13
104,125,60000000000,1.000000,110333749323891,11226873923634,10157629098583,3990532196,181,13
104,130,60000000000,1.000000,110460618502203,11100004745322,10157629098583,3990532196,181,13
104,135,60000000000,1.000000,110530129204459,11030494043066,10157629098583,3990532196,181,13
104,140,60000000000,1.000000,110615397185411,10945226062114,10157629098583,3990532196,181,13
104,145,60000000000,1.000000,110736149496323,10824473751202,10157629098583,3990532196,181,13
104,150,60000000000,1.000000,110806485355107,10754137892418,10157629098583,3990532196,181,13
104,155,60000000000,1.000000,110902379753955,10658243493570,10157629098583,3990532196,181,13
104,160,60000000000,1.000000,111002581332571,10558041914954,10157629098583,3990532196,181,13
104,165,60000000000,1.000000,111062513023179,10498110224346,10157629098583,3990532196,181,13
104,170,60000000000,1.000000,111181146814155,10379476433370,10157629098583,3990532196,181,13
104,175,60000000000,1.000000,111246145407467,10314477840058,10157629098583,3990532196,181,13
104,180,60000000000,1.000000,111325878436267,10234744811258,10157629098583,3990532196,181,13
104,185,60000000000,1.000000,111438792420723,10121830826802,10157629098583,3990532196,181,13
104,190,60000000000,1.000000,111504562607763,10056060639762,10157629098583,3990532196,181,13
104,195,60000000000,1.000000,111594232267891,9966390979634,10157629098583,3990532196,181,13
105,0,60000000000,1.000000,115984768308653,3107388064812,10109641626535,4478180228,0,0
105,5,60000000000,1.000000,115993837390779,3092347732782,10115612876439,4478180228,0,0
105,10,60000000000,1.000000,116017083504967,3068523580180,10116190914853,4478180228,0,0
105,15,60000000000,1.000000,116043664792195,3041871373332,10116261834473,4478180228,0,0
105,20,60000000000,1.000000,116068259895515,3017276270012,10116261834473,4478180228,0,0
105,25,60000000000,1.000000,116094483134707,2991053030820,10116261834473,4478180228,0,0
105,30,72000000000,0.881115,115778831154064,3750543516140,10118308028572,4451656779,31,3
105,35,60000000000,0.384516,110194764746534,22986452673762,10168372816614,3930373371,150,11
105,40,60000000000,1.000000,105814497081577,11278437391080,10168372816614,3930373371,150,11
105,45,60000000000,1.000000,103449263281755,10530027121016,10168372816614,3930373371,150,11
105,50,60000000000,1.000000,103582038919702,10397251483069,10168372816614,3930373371,150,11
105,55,60000000000,1.000000,103653166627275,10326123775496,10168372816614,3930373371,150,11
105,60,60000000000,1.000000,103729703548981,10249586853790,10168372816614,3930373371,150,11
105,65,60000000000,1.000000,103834947082638,10144343320133,10168372816614,3930373371,150,11
105,70,60000000000,1.000000,103891361004142,10087929398629,10168372816614,3930373371,150,11
105,75,60000000000,1.000000,103997683357166,9981607045605,10168372816614,3930373371,150,11
105,80,60000000000,1.000000,104084247559182,9895042843589,10168372816614,3930373371,150,11
105,85,60000000000,1.000000,104141981116214,9837309286557,10168372816614,3930373371,150,11
105,90,60000000000,1.000000,104255771419102,9723518983669,10168372816614,3930373371,150,11
105,95,60000000000,1.000000,104323378333726,9655912069045,10168372816614,3930373371,150,11
105,100,60000000000,1.000000,104395023472374,9584266930397,10168372816614,3930373371,150,11
105,105,60000000000,1.000000,104493441084862,9485849317909,10168372816614,3930373371,150,11
105,110,60000000000,1.000000,104546193041342,9433097361429,10168372816614,3930373371,150,11
105,115,60000000000,1.000000,104645613751662,9333676651109,10168372816614,3930373371,150,11
105,120,60000000000,1.000000,104726558860694,9252731542077,10168372816614,3930373371,150,11
105,125,60000000000,1.000000,104780544791950,9198745610821,10168372816614,3930373371,150,11
105,130,60000000000,1.000000,104886948689166,9092341713605,10168372816614,3930373371,150,11
105,135,60000000000,1.000000,104950167074278,9029123328493,10168372816614,3930373371,150,11
105,140,60000000000,1.000000,105017161552526,8962128850245,10168372816614,3930373371,150,11
105,145,60000000000,1.000000,105109190638006,8870099764765,10168372816614,3930373371,150,11
105,150,60000000000,1.000000,105158518336510,8820772066261,10168372816614,3930373371,150,11
105,155,60000000000,1.000000,105251485406358,8727804996413,10168372816614,3930373371,150,11
105,160,60000000000,1.000000,105327176171230,8652114231541,10168372816614,3930373371,150,11
105,165,60000000000,1.000000,105377657744366,8601632658405,10168372816614,3930373371,150,11
105,170,60000000000,1.000000,105477154705478,8502135697293,10168372816614,3930373371,150,11
105,175,60000000000,1.000000,105536269431374,8443020971397,10168372816614,3930373371,150,11
105,180,60000000000,1.000000,105598915134870,8380375267901,10168372816614,3930373371,150,11
105,185,60000000000,1.000000,105684970388342,8294320014429,10168372816614,3930373371,150,11
105,190,60000000000,1.000000,105731096105758,8248194297013,10168372816614,3930373371,150,11
105,195,60000000000,1.000000,105818028456750,8161261946021,10168372816614,3930373371,150,11
106,0,60000000000,1.000000,103466194667406,3059409126504,10093841206090,3601585452,0,0
106,5,60000000000,1.000000,103475668303106,3044699969764,10099076727130,3601585452,0,0
106,10,60000000000,1.000000,103498384992610,3021018665369,10100041342021,3601585452,0,0
106,15,60000000000,1.000000,103523085066514,2996318591465,10100041342021,3601585452,0,0
106,20,60000000000,1.000000,103552746774146,2966656883833,10100041342021,3601585452,0,0
106,25,60000000000,1.000000,103573405120714,2945998537265,10100041342021,3601585452,0,0
106,30,72000000000,0.979705,103052801030888,3534692465830,10103687540726,3557330732,40,1
106,35,60000000000,0.451764,99987977603021,14422900671071,10115721069416,3328192853,185,7
106,40,60000000000,0.798432,90632127212487,19878461736982,10115721069416,3328192853,185,7
106,45,60000000000,1.000000,89365269907874,14245296990094,10115721069416,3328192853,185,7
106,50,60000000000,1.000000,89509438589365,14101128308603,10115721069416,3328192853,185,7
106,55,60000000000,1.000000,89555656322675,14054910575293,10115721069416,3328192853,185,7
106,60,60000000000,1.000000,89709715301547,13900851596421,10115721069416,3328192853,185,7
106,65,60000000000,1.000000,89872555143080,13738011754888,10115721069416,3328192853,185,7
106,70,60000000000,1.000000,89913393913672,13697172984296,10115721069416,3328192853,185,7
106,75,60000000000,1.000000,90072162854528,13538404043440,10115721069416,3328192853,185,7
106,80,60000000000,1.000000,90220428346168,13390138551800,10115721069416,3328192853,185,7
106,85,60000000000,1.000000,90260671215656,13349895682312,10115721069416,3328192853,185,7
106,90,60000000000,1.000000,90423842934784,13186723963184,10115721069416,3328192853,185,7
106,95,60000000000,1.000000,90467807298432,13142759599536,10115721069416,3328192853,185,7
106,100,60000000000,1.000000,90611968728024,12998598169944,10115721069416,3328192853,185,7
106,105,60000000000,1.000000,90764322914184,12846243983784,10115721069416,3328192853,185,7
106,110,60000000000,1.000000,90802510740744,12808056157224,10115721069416,3328192853,185,7
106,115,60000000000,1.000000,90950973603184,12659593294784,10115721069416,3328192853,185,7
106,120,60000000000,1.000000,91089614820696,12520952077272,10115721069416,3328192853,185,7
106,125,60000000000,1.000000,91127245427504,12483321470464,10115721069416,3328192853,185,7
106,130,60000000000,1.000000,91279825273040,12330741624928,10115721069416,3328192853,185,7
106,135,60000000000,1.000000,91320935802784,12289631095184,10115721069416,3328192853,185,7
106,140,60000000000,1.000000,91455739362992,12154827534976,10115721069416,3328192853,185,7
106,145,60000000000,1.000000,91598203867848,12012363030120,10115721069416,3328192853,185,7
106,150,60000000000,1.000000,91633912829592,11976654068376,10115721069416,3328192853,185,7
106,155,60000000000,1.000000,91772738606088,11837828291880,10115721069416,3328192853,185,7
106,160,60000000000,1.000000,91902380284576,11708186613392,10115721069416,3328192853,185,7
106,165,60000000000,1.000000,91937568196992,11672998700976,10115721069416,3328192853,185,7
106,170,60000000000,1.000000,92080243713184,11530323184784,10115721069416,3328192853,185,7
106,175,60000000000,1.000000,92118685658240,11491881239728,10115721069416,3328192853,185,7
106,180,60000000000,1.000000,92244738791120,11365828106848,10115721069416,3328192853,185,7
106,185,60000000000,1.000000,92377955578048,11232611319920,10115721069416,3328192853,185,7
106,190,60000000000,1.000000,92411346583976,11199220313992,10115721069416,3328192853,185,7
106,195,60000000000,1.000000,92541160841368,11069406056600,10115721069416,3328192853,185,7
107,0,60000000000,1.000000,107871899076843,3073267626636,10101336296521,3373910804,0,0
107,5,60000000000,1.000000,107880146672149,3058223841665,10108132486186,3373910804,0,0
107,10,60000000000,1.000000,107905905122681,3032266217907,10108331659412,3373910804,0,0
107,15,60000000000,1.000000,107926481314809,3011690025779,10108331659412,3373910804,0,0
107,20,60000000000,1.000000,107955453602657,2982717737931,10108331659412,3373910804,0,0
107,25,60000000000,1.000000,107977779700641,2960391639947,10108331659412,3373910804,0,0
107,30,72000000000,0.838590,106777492775146,4944397194858,10122690268917,3305935302,41,2
107,35,60000000000,0.700485,100361501871071,14981008880502,10191034710782,2758834606,183,11
107,40,60000000000,1.000000,96829990659899,12073971229869,10191034710782,2758834606,183,11
107,45,60000000000,1.000000,94968113511157,9390493804845,10191034710782,2758834606,183,11
107,50,60000000000,1.000000,95079371560473,9279235755529,10191034710782,2758834606,183,11
107,55,60000000000,1.000000,95134297702195,9224309613807,10191034710782,2758834606,183,11
107,60,60000000000,1.000000,95211509493179,9147097822823,10191034710782,2758834606,183,11
107,65,60000000000,1.000000,95299821257976,9058786058026,10191034710782,2758834606,183,11
107,70,60000000000,1.000000,95376423339712,8982183976290,10191034710782,2758834606,183,11
107,75,60000000000,1.000000,95447963263576,8910644052426,10191034710782,2758834606,183,11
107,80,60000000000,1.000000,95523040831440,8835566484562,10191034710782,2758834606,183,11
107,85,60000000000,1.000000,95579290829448,8779316486554,10191034710782,2758834606,183,11
107,90,60000000000,1.000000,95680439145752,8678168170250,10191034710782,2758834606,183,11
107,95,60000000000,1.000000,95733067152264,8625540163738,10191034710782,2758834606,183,11
107,100,60000000000,1.000000,95805267695032,8553339620970,10191034710782,2758834606,183,11
107,105,60000000000,1.000000,95887849095088,8470758220914,10191034710782,2758834606,183,11
107,110,60000000000,1.000000,95959478749240,8399128566762,10191034710782,2758834606,183,11
107,115,60000000000,1.000000,96026374842568,8332232473434,10191034710782,2758834606,183,11
107,120,60000000000,1.000000,96096578942584,8262028373418,10191034710782,2758834606,183,11
107,125,60000000000,1.000000,96149177616192,8209429699810,10191034710782,2758834606,183,11
107,130,60000000000,1.000000,96243760148904,8114847167098,10191034710782,2758834606,183,11
107,135,60000000000,1.000000,96292971943240,8065635372762,10191034710782,2758834606,183,11
107,140,60000000000,1.000000,96360485772776,7998121543226,10191034710782,2758834606,183,11
107,145,60000000000,1.000000,96437706613144,7920900702858,10191034710782,2758834606,183,11
107,150,60000000000,1.000000,96504686612096,7853920703906,10191034710782,2758834606,183,11
107,155,60000000000,1.000000,96567240317096,7791366998906,10191034710782,2758834606,183,11
107,160,60000000000,1.000000,96632887298024,7725720017978,10191034710782,2758834606,183,11
107,165,60000000000,1.000000,96682071663656,7676535652346,10191034710782,2758834606,183,11
107,170,60000000000,1.000000,96770514613920,7588092702082,10191034710782,2758834606,183,11
107,175,60000000000,1.000000,96816531951040,7542075364962,10191034710782,2758834606,183,11
107,180,60000000000,1.000000,96879663293624,7478944022378,10191034710782,2758834606,183,11
107,185,60000000000,1.000000,96951871541288,7406735774714,10191034710782,2758834606,183,11
107,190,60000000000,1.000000,97014503705392,7344103610610,10191034710782,2758834606,183,11
107,195,60000000000,1.000000,97072996897072,7285610418930,10191034710782,2758834606,183,11
108,0,60000000000,1.000000,98178935374374,2879612875097,10074671750529,2609053720,0,0
108,5,60000000000,1.000000,98187952334211,2866202972019,10079064693770,2609053720,0,0
108,10,60000000000,1.000000,98213660993552,2840296415880,10079262590568,2609053720,0,0
108,15,60000000000,1.000000,98230700886640,2823256522792,10079262590568,2609053720,0,0
108,20,60000000000,1.000000,98260856434248,2793100975184,10079262590568,2609053720,0,0
108,25,60000000000,1.000000,98283958788384,2769998621048,10079262590568,2609053720,0,0
108,30,72000000000,0.907262,97411342929147,4008270173447,10085326405748,2542948509,44,1
108,35,60000000000,0.470429,95257625427037,12270385479873,10103251700106,2409557567,174,4
108,40,60000000000,0.911172,92015701487111,9893050043272,10103251700106,2409557567,174,4
108,45,60000000000,1.000000,87649429433581,11181667400440,10103251700106,2409557567,174,4
108,50,60000000000,1.000000,87745262157019,11085834677002,10103251700106,2409557567,174,4
108,55,60000000000,1.000000,87793864161172,11037232672849,10103251700106,2409557567,174,4
108,60,60000000000,1.000000,87899399653011,10931697181010,10103251700106,2409557567,174,4
108,65,60000000000,1.000000,88008006413373,10823090420648,10103251700106,2409557567,174,4
108,70,60000000000,1.000000,88076308799037,10754788034984,10103251700106,2409557567,174,4
108,75,60000000000,1.000000,88184449383013,10646647451008,10103251700106,2409557567,174,4
108,80,60000000000,1.000000,88248642204165,10582454629856,10103251700106,2409557567,174,4
108,85,60000000000,1.000000,88346466065709,10484630768312,10103251700106,2409557567,174,4
108,90,60000000000,1.000000,88462643011469,10368453822552,10103251700106,2409557567,174,4
108,95,60000000000,1.000000,88510239987237,10320856846784,10103251700106,2409557567,174,4
108,100,60000000000,1.000000,88608999461125,10222097372896,10103251700106,2409557567,174,4
108,105,60000000000,1.000000,88710559542733,10120537291288,10103251700106,2409557567,174,4
108,110,60000000000,1.000000,88774428254309,10056668579712,10103251700106,2409557567,174,4
108,115,60000000000,1.000000,88875549169613,9955547664408,10103251700106,2409557567,174,4
108,120,60000000000,1.000000,88935575078517,9895521755504,10103251700106,2409557567,174,4
108,125,60000000000,1.000000,89027048954901,9804047879120,10103251700106,2409557567,174,4
108,130,60000000000,1.000000,89135684572309,9695412261712,10103251700106,2409557567,174,4
108,135,60000000000,1.000000,89180191912477,9650904921544,10103251700106,2409557567,174,4
108,140,60000000000,1.000000,89272540668501,9558556165520,10103251700106,2409557567,174,4
108,145,60000000000,1.000000,89367508237877,9463588596144,10103251700106,2409557567,174,4
108,150,60000000000,1.000000,89427231075781,9403865758240,10103251700106,2409557567,174,4
108,155,60000000000,1.000000,89521787986261,9309308847760,10103251700106,2409557567,174,4
108,160,60000000000,1.000000,89577917467181,9253179366840,10103251700106,2409557567,174,4
108,165,60000000000,1.000000,89663453551541,9167643282480,10103251700106,2409557567,174,4
108,170,60000000000,1.000000,89765037366349,9066059467672,10103251700106,2409557567,174,4
108,175,60000000000,1.000000,89806655626693,9024441207328,10103251700106,2409557567,174,4
108,180,60000000000,1.000000,89893009800157,8938087033864,10103251700106,2409557567,174,4
108,185,60000000000,1.000000,89981812793269,8849284040752,10103251700106,2409557567,174,4
108,190,60000000000,1.000000,90037658876317,8793437957704,10103251700106,2409557567,174,4
108,195,60000000000,1.000000,90126077867469,8705018966552,10103251700106,2409557567,174,4
109,0,60000000000,1.000000,103084907456091,2973421115565,10087008428344,3055950858,0,0
109,5,60000000000,1.000000,103094627208568,2957958095365,10092751696067,3055950858,0,0
109,10,60000000000,1.000000,103116243981731,2935184739118,10093908279151,3055950858,0,0
109,15,60000000000,1.000000,103139490565131,2911938155718,10093908279151,3055950858,0,0
109,20,60000000000,1.000000,103165113598771,2886315122078,10093908279151,3055950858,0,0
109,25,60000000000,1.000000,103187385441003,2864043279846,10093908279151,3055950858,0,0
109,30,72000000000,0.789098,102810849661479,4099723378311,10099404726031,3029031121,31,0
109,35,60000000000,0.508434,99216936102713,13360692040210,10135373374600,2757906333,164,5
109,40,60000000000,0.910004,95076822333409,12014393253778,10135373374600,2757906333,164,5
109,45,60000000000,1.000000,89209258403927,13559065040193,10135373374600,2757906333,164,5
109,50,60000000000,1.000000,89318343631032,13449979813088,10135373374600,2757906333,164,5
109,55,60000000000,1.000000,89373018705666,13395304738454,10135373374600,2757906333,164,5
109,60,60000000000,1.000000,89505968592707,13262354851413,10135373374600,2757906333,164,5
109,65,60000000000,1.000000,89648855116465,13119468327655,10135373374600,2757906333,164,5
109,70,60000000000,1.000000,89706263859297,13062059584823,10135373374600,2757906333,164,5
109,75,60000000000,1.000000,89850762245553,12917561198567,10135373374600,2757906333,164,5
109,80,60000000000,1.000000,89931063668001,12837259776119,10135373374600,2757906333,164,5
109,85,60000000000,1.000000,90038076228281,12730247215839,10135373374600,2757906333,164,5
109,90,60000000000,1.000000,90189808746041,12578514698079,10135373374600,2757906333,164,5
109,95,60000000000,1.000000,90242327161129,12525996282991,10135373374600,2757906333,164,5
109,100,60000000000,1.000000,90366656580737,12401666863383,10135373374600,2757906333,164,5
109,105,60000000000,1.000000,90500471727737,12267851716383,10135373374600,2757906333,164,5
109,110,60000000000,1.000000,90554153929257,12214169514863,10135373374600,2757906333,164,5
109,115,60000000000,1.000000,90689272573425,12079050870695,10135373374600,2757906333,164,5
109,120,60000000000,1.000000,90764361435105,12003962009015,10135373374600,2757906333,164,5
109,125,60000000000,1.000000,90864427549561,11903895894559,10135373374600,2757906333,164,5
109,130,60000000000,1.000000,91006310740097,11762012704023,10135373374600,2757906333,164,5
109,135,60000000000,1.000000,91055420056849,11712903387271,10135373374600,2757906333,164,5
109,140,60000000000,1.000000,91171678950993,11596644493127,10135373374600,2757906333,164,5
109,145,60000000000,1.000000,91296807830777,11471515613343,10135373374600,2757906333,164,5
109,150,60000000000,1.000000,91347005389817,11421318054303,10135373374600,2757906333,164,5
109,155,60000000000,1.000000,91473353153745,11294970290375,10135373374600,2757906333,164,5
109,160,60000000000,1.000000,91543567814545,11224755629575,10135373374600,2757906333,164,5
109,165,60000000000,1.000000,91637138393849,11131185050271,10135373374600,2757906333,164,5
109,170,60000000000,1.000000,91769811601057,10998511843063,10135373374600,2757906333,164,5
109,175,60000000000,1.000000,91815733112593,10952590331527,10135373374600,2757906333,164,5
109,180,60000000000,1.000000,91924445359009,10843878085111,10135373374600,2757906333,164,5
109,185,60000000000,1.000000,92041451818473,10726871625647,10135373374600,2757906333,164,5
109,190,60000000000,1.000000,92088390931697,10679932512423,10135373374600,2757906333,164,5
109,195,60000000000,1.000000,92206537154641,10561786289479,10135373374600,2757906333,164,5
110,0,60000000000,1.000000,106281357442464,2993369294478,10093751263058,3296446054,0,0
110,5,60000000000,1.000000,106289773552133,2979520010563,10099184437304,3296446054,0,0
110,10,60000000000,1.000000,106314131216071,2953978302639,10100368481290,3296446054,0,0
110,15,60000000000,1.000000,106339116673343,2928992845367,10100368481290,3296446054,0,0
110,20,60000000000,1.000000,106362303091055,2905806427655,10100368481290,3296446054,0,0
110,25,60000000000,1.000000,106387152510375,2880957008335,10100368481290,3296446054,0,0
110,30,72000000000,0.491717,105840371971976,6963273800066,10104145195163,3260801064,29,3
110,35,60000000000,0.464562,102015722277848,15537345157255,10134702322227,3026621706,171,7
110,40,60000000000,0.990421,97636767723881,11709165227080,10134702322227,3026621706,171,7
110,45,60000000000,1.000000,94491011265735,11833376767752,10134702322227,3026621706,171,7
110,50,60000000000,1.000000,94612129712550,11712258320937,10134702322227,3026621706,171,7
110,55,60000000000,1.000000,94690525480968,11633862552519,10134702322227,3026621706,171,7
110,60,60000000000,1.000000,94776528603379,11547859430108,10134702322227,3026621706,171,7
110,65,60000000000,1.000000,94907432867209,11416955166278,10134702322227,3026621706,171,7
110,70,60000000000,1.000000,94990533685785,11333854347702,10134702322227,3026621706,171,7
110,75,60000000000,1.000000,95076597461769,11247790571718,10134702322227,3026621706,171,7
110,80,60000000000,1.000000,95172325633193,11152062400294,10134702322227,3026621706,171,7
110,85,60000000000,1.000000,95238468156401,11085919877086,10134702322227,3026621706,171,7
110,90,60000000000,1.000000,95371036488073,10953351545414,10134702322227,3026621706,171,7
110,95,60000000000,1.000000,95445308022169,10879080011318,10134702322227,3026621706,171,7
110,100,60000000000,1.000000,95526015319073,10798372714414,10134702322227,3026621706,171,7
110,105,60000000000,1.000000,95648535203105,10675852830382,10134702322227,3026621706,171,7
110,110,60000000000,1.000000,95726241745193,10598146288294,10134702322227,3026621706,171,7
110,115,60000000000,1.000000,95806718911865,10517669121622,10134702322227,3026621706,171,7
110,120,60000000000,1.000000,95896233134593,10428154898894,10134702322227,3026621706,171,7
110,125,60000000000,1.000000,95958082185705,10366305847782,10134702322227,3026621706,171,7
110,130,60000000000,1.000000,96082045184313,10242342849174,10134702322227,3026621706,171,7
110,135,60000000000,1.000000,96151495572265,10172892461222,10134702322227,3026621706,171,7
110,140,60000000000,1.000000,96226963961969,10097424071518,10134702322227,3026621706,171,7
110,145,60000000000,1.000000,96341530782065,9982857251422,10134702322227,3026621706,171,7
110,150,60000000000,1.000000,96414193203441,9910194830046,10134702322227,3026621706,171,7
110,155,60000000000,1.000000,96489446401481,9834941632006,10134702322227,3026621706,171,7
110,160,60000000000,1.000000,96573150038025,9751237995462,10134702322227,3026621706,171,7
110,165,60000000000,1.000000,96630984316569,9693403716918,10134702322227,3026621706,171,7
110,170,60000000000,1.000000,96746900575209,9577487458278,10134702322227,3026621706,171,7
110,175,60000000000,1.000000,96811842769369,9512545264118,10134702322227,3026621706,171,7
110,180,60000000000,1.000000,96882412322065,9441975711422,10134702322227,3026621706,171,7
110,185,60000000000,1.000000,96989542330761,9334845702726,10134702322227,3026621706,171,7
110,190,60000000000,1.000000,97057488057225,9266899976262,10134702322227,3026621706,171,7
110,195,60000000000,1.000000,97127856386689,9196531646798,10134702322227,3026621706,171,7
111,0,60000000000,1.000000,97882862905556,2935082743870,10077623350574,2653744792,0,0
111,5,60000000000,1.000000,97890078175938,2922454756250,10083036067812,2653744792,0,0
111,10,60000000000,1.000000,97915750145681,2895481130929,10084337723390,2653744792,0,0
111,15,60000000000,1.000000,97940838597785,2870392678825,10084337723390,2653744792,0,0
111,20,60000000000,1.000000,97960022744745,2851208531865,10084337723390,2653744792,0,0
111,25,60000000000,1.000000,97987426029473,2823805247137,10084337723390,2653744792,0,0
111,30,72000000000,0.859100,97184141654977,4216117478657,10089358799354,2600189452,31,1
111,35,60000000000,0.451732,95217522708523,12324867335876,10110511408186,2451878315,170,7
111,40,60000000000,0.831440,91643279227578,10995108610341,10110511408186,2451878315,170,7
111,45,60000000000,1.000000,89320739742829,9198171812741,10110511408186,2451878315,170,7
111,50,60000000000,1.000000,89425963384749,9092948170821,10110511408186,2451878315,170,7
111,55,60000000000,1.000000,89468385923545,9050525632025,10110511408186,2451878315,170,7
111,60,60000000000,1.000000,89551305908568,8967605647002,10110511408186,2451878315,170,7
111,65,60000000000,1.000000,89655566722132,8863344833438,10110511408186,2451878315,170,7
111,70,60000000000,1.000000,89703305776684,8815605778886,10110511408186,2451878315,170,7
111,75,60000000000,1.000000,89784560999580,8734350555990,10110511408186,2451878315,170,7
111,80,60000000000,1.000000,89859165568860,8659745986710,10110511408186,2451878315,170,7
111,85,60000000000,1.000000,89913518825420,8605392730150,10110511408186,2451878315,170,7
111,90,60000000000,1.000000,90014280628764,8504630926806,10110511408186,2451878315,170,7
111,95,60000000000,1.000000,90055703016668,8463208538902,10110511408186,2451878315,170,7
111,100,60000000000,1.000000,90133412869844,8385498685726,10110511408186,2451878315,170,7
111,105,60000000000,1.000000,90230907993724,8288003561846,10110511408186,2451878315,170,7
111,110,60000000000,1.000000,90275548189900,8243363365670,10110511408186,2451878315,170,7
111,115,60000000000,1.000000,90351528938452,8167382617118,10110511408186,2451878315,170,7
111,120,60000000000,1.000000,90421290743468,8097620812102,10110511408186,2451878315,170,7
111,125,60000000000,1.000000,90472115797844,8046795757726,10110511408186,2451878315,170,7
111,130,60000000000,1.000000,90566336907164,7952574648406,10110511408186,2451878315,170,7
111,135,60000000000,1.000000,90605070466892,7913841088678,10110511408186,2451878315,170,7
111,140,60000000000,1.000000,90677735984292,7841175571278,10110511408186,2451878315,170,7
111,145,60000000000,1.000000,90768902462324,7750009093246,10110511408186,2451878315,170,7
111,150,60000000000,1.000000,90810644954796,7708266600774,10110511408186,2451878315,170,7
111,155,60000000000,1.000000,90881693607940,7637217947630,10110511408186,2451878315,170,7
111,160,60000000000,1.000000,90946927004324,7571984551246,10110511408186,2451878315,170,7
111,165,60000000000,1.000000,90994452880580,7524458674990,10110511408186,2451878315,170,7
111,170,60000000000,1.000000,91082557868324,7436353687246,10110511408186,2451878315,170,7
111,175,60000000000,1.000000,91118777138332,7400134417238,10110511408186,2451878315,170,7
111,180,60000000000,1.000000,91186725760020,7332185795550,10110511408186,2451878315,170,7
111,185,60000000000,1.000000,91271974399940,7246937155630,10110511408186,2451878315,170,7
111,190,60000000000,1.000000,91311007285564,7207904270006,10110511408186,2451878315,170,7
111,195,60000000000,1.000000,91377443997700,7141467557870,10110511408186,2451878315,170,7
112,0,60000000000,1.000000,98497063715654,2941286142740,10085362141606,3107638812,0,0
112,5,60000000000,1.000000,98505858892463,2926522947635,10091330159902,3107638812,0,0
112,10,60000000000,1.000000,98526597212250,2904998753796,10092116033954,3107638812,0,0
112,15,60000000000,1.000000,98552016918466,2879579047580,10092116033954,3107638812,0,0
112,20,60000000000,1.000000,98575993337106,2855602628940,10092116033954,3107638812,0,0
112,25,60000000000,1.000000,98599823525658,2831772440388,10092116033954,3107638812,0,0
112,30,72000000000,0.797546,97992383892890,4301936553878,10100336111710,3077930343,33,2
112,35,60000000000,0.357684,95808673045963,15667297341736,10111101810117,2919725575,160,10
112,40,60000000000,0.819537,88038789408593,16318754811761,10111101810117,2919725575,160,10
112,45,60000000000,1.000000,86838078845955,12500108242529,10111101810117,2919725575,160,10
112,50,60000000000,1.000000,86922479196302,12415707892182,10111101810117,2919725575,160,10
112,55,60000000000,1.000000,86992878829742,12345308258742,10111101810117,2919725575,160,10
112,60,60000000000,1.000000,87098384821489,12239802266995,10111101810117,2919725575,160,10
112,65,60000000000,1.000000,87234539479158,12103647609326,10111101810117,2919725575,160,10
112,70,60000000000,1.000000,87308615699726,12029571388758,10111101810117,2919725575,160,10
112,75,60000000000,1.000000,87416013239374,11922173849110,10111101810117,2919725575,160,10
112,80,60000000000,1.000000,87544523938326,11793663150158,10111101810117,2919725575,160,10
112,85,60000000000,1.000000,87588320646214,11749866442270,10111101810117,2919725575,160,10
112,90,60000000000,1.000000,87727048364510,11611138723974,10111101810117,2919725575,160,10
112,95,60000000000,1.000000,87793866982614,11544320105870,10111101810117,2919725575,160,10
112,100,60000000000,1.000000,87892702161014,11445484927470,10111101810117,2919725575,160,10
112,105,60000000000,1.000000,88020216693750,11317970394734,10111101810117,2919725575,160,10
112,110,60000000000,1.000000,88089484446366,11248702642118,10111101810117,2919725575,160,10
112,115,60000000000,1.000000,88189910550142,11148276538342,10111101810117,2919725575,160,10
112,120,60000000000,1.000000,88310079306718,11028107781766,10111101810117,2919725575,160,10
112,125,60000000000,1.000000,88351033063542,10987154024942,10111101810117,2919725575,160,10
112,130,60000000000,1.000000,88480755627886,10857431460598,10111101810117,2919725575,160,10
112,135,60000000000,1.000000,88543236886822,10794950201662,10111101810117,2919725575,160,10
112,140,60000000000,1.000000,88635656433134,10702530655350,10111101810117,2919725575,160,10
112,145,60000000000,1.000000,88754893687054,10583293401430,10111101810117,2919725575,160,10
112,150,60000000000,1.000000,88819665101302,10518521987182,10111101810117,2919725575,160,10
112,155,60000000000,1.000000,88913572302102,10424614786382,10111101810117,2919725575,160,10
112,160,60000000000,1.000000,89025940612150,10312246476334,10111101810117,2919725575,160,10
112,165,60000000000,1.000000,89064235961078,10273951127406,10111101810117,2919725575,160,10
112,170,60000000000,1.000000,89185537917902,10152649170582,10111101810117,2919725575,160,10
112,175,60000000000,1.000000,89243963366166,10094223722318,10111101810117,2919725575,160,10
112,180,60000000000,1.000000,89330383734590,10007803353894,10111101810117,2919725575,160,10
112,185,60000000000,1.000000,89441881007990,9896306080494,10111101810117,2919725575,160,10
112,190,60000000000,1.000000,89502447952070,9835739136414,10111101810117,2919725575,160,10
112,195,60000000000,1.000000,89590259407878,9747927680606,10111101810117,2919725575,160,10
113,0,60000000000,1.000000,115259646919662,3274144567884,10119426512454,5052577568,0,0
113,5,60000000000,1.000000,115268799037762,3259173535091,10125245427147,5052577568,0,0
113,10,60000000000,1.000000,115293758315376,3233155399466,10126304285158,5052577568,0,0
113,15,60000000000,1.000000,115318837468669,3208029243306,10126351288025,5052577568,0,0
113,20,60000000000,1.000000,115348978380029,3177888331946,10126351288025,5052577568,0,0
113,25,60000000000,1.000000,115376747205901,3150119506074,10126351288025,5052577568,0,0
113,30,72000000000,0.882250,115033086418524,3955243612143,10130616145353,5032575556,42,1
113,35,60000000000,0.284370,112144609602917,22330896569696,10158362227172,4817657619,174,6
113,40,60000000000,0.781459,95267420164415,29723180240452,10158362227172,4817657619,174,6
113,45,60000000000,1.000000,91608775266478,24250931931692,10158362227172,4817657619,174,6
113,50,60000000000,1.000000,91748807409238,24110899788932,10158362227172,4817657619,174,6
113,55,60000000000,1.000000,91803267900541,24056439297629,10158362227172,4817657619,174,6
113,60,60000000000,1.000000,92079400527472,23780306670698,10158362227172,4817657619,174,6
113,65,60000000000,1.000000,92340059022328,23519648175842,10158362227172,4817657619,174,6
113,70,60000000000,1.000000,92435268430952,23424438767218,10158362227172,4817657619,174,6
113,75,60000000000,1.000000,92702616465080,23157090733090,10158362227172,4817657619,174,6
113,80,60000000000,1.000000,92951720964304,22907986233866,10158362227172,4817657619,174,6
113,85,60000000000,1.000000,93029465450136,22830241748034,10158362227172,4817657619,174,6
113,90,60000000000,1.000000,93312265207832,22547441990338,10158362227172,4817657619,174,6
113,95,60000000000,1.000000,93364114636072,22495592562098,10158362227172,4817657619,174,6
113,100,60000000000,1.000000,93622343943256,22237363254914,10158362227172,4817657619,174,6
113,105,60000000000,1.000000,93866776631456,21992930566714,10158362227172,4817657619,174,6
113,110,60000000000,1.000000,93955805765424,21903901432746,10158362227172,4817657619,174,6
113,115,60000000000,1.000000,94205799587656,21653907610514,10158362227172,4817657619,174,6
113,120,60000000000,1.000000,94438734107160,21420973091010,10158362227172,4817657619,174,6
113,125,60000000000,1.000000,94511432009120,21348275189050,10158362227172,4817657619,174,6
113,130,60000000000,1.000000,94775874545856,21083832652314,10158362227172,4817657619,174,6
113,135,60000000000,1.000000,94824358301424,21035348896746,10158362227172,4817657619,174,6
113,140,60000000000,1.000000,95065825315648,20793881882522,10158362227172,4817657619,174,6
113,145,60000000000,1.000000,95294391283016,20565315915154,10158362227172,4817657619,174,6
113,150,60000000000,1.000000,95377641319224,20482065878946,10158362227172,4817657619,174,6
113,155,60000000000,1.000000,95611407433592,20248299764578,10158362227172,4817657619,174,6
113,160,60000000000,1.000000,95829221606208,20030485591962,10158362227172,4817657619,174,6
113,165,60000000000,1.000000,95897200510336,19962506687834,10158362227172,4817657619,174,6
113,170,60000000000,1.000000,96144477438136,19715229760034,10158362227172,4817657619,174,6
113,175,60000000000,1.000000,96189813995088,19669893203082,10158362227172,4817657619,174,6
113,180,60000000000,1.000000,96415606797392,19444100400778,10158362227172,4817657619,174,6
113,185,60000000000,1.000000,96629335991184,19230371206986,10158362227172,4817657619,174,6
113,190,60000000000,1.000000,96707182064752,19152525133418,10158362227172,4817657619,174,6
113,195,60000000000,1.000000,96925773851472,18933933346698,10158362227172,4817657619,174,6
114,0,60000000000,1.000000,111786533655517,3015338308512,10095897035971,3532076008,0,0
114,5,60000000000,1.000000,111795548615443,3000316739999,10101903644558,3532076008,0,0
114,10,60000000000,1.000000,111820198124661,2975471810747,10102099064592,3532076008,0,0
114,15,60000000000,1.000000,111839207652733,2956462282675,10102099064592,3532076008,0,0
114,20,60000000000,1.000000,111870439830661,2925230104747,10102099064592,3532076008,0,0
114,25,60000000000,1.000000,111890595093229,2905074842179,10102099064592,3532076008,0,0
114,30,72000000000,0.810189,111391584924800,4194234345987,10108062803746,3501147706,42,5
114,35,60000000000,0.380919,108092925808259,17541471745158,10122955374966,3234477137,162,14
114,40,60000000000,0.852176,105566523002371,10805615528179,10122955374966,3234477137,162,14
114,45,60000000000,1.000000,102195746747234,9335315484027,10122955374966,3234477137,162,14
114,50,60000000000,1.000000,102339048895183,9192013336078,10122955374966,3234477137,162,14
114,55,60000000000,1.000000,102380194421891,9150867809370,10122955374966,3234477137,162,14
114,60,60000000000,1.000000,102471701282524,9059360948737,10122955374966,3234477137,162,14
114,65,60000000000,1.000000,102543316073151,8987746158110,10122955374966,3234477137,162,14
114,70,60000000000,1.000000,102616693502823,8914368728438,10122955374966,3234477137,162,14
114,75,60000000000,1.000000,102705511896151,8825550335110,10122955374966,3234477137,162,14
114,80,60000000000,1.000000,102761006229935,8770056001326,10122955374966,3234477137,162,14
114,85,60000000000,1.000000,102833799194423,8697263036838,10122955374966,3234477137,162,14
114,90,60000000000,1.000000,102934674334295,8596387896966,10122955374966,3234477137,162,14
114,95,60000000000,1.000000,102974193888007,8556868343254,10122955374966,3234477137,162,14
114,100,60000000000,1.000000,103059763181375,8471299049886,10122955374966,3234477137,162,14
114,105,60000000000,1.000000,103126732537607,8404329693654,10122955374966,3234477137,162,14
114,110,60000000000,1.000000,103195346859719,8335715371542,10122955374966,3234477137,162,14
114,115,60000000000,1.000000,103278399834799,8252662396462,10122955374966,3234477137,162,14
114,120,60000000000,1.000000,103330291896215,8200770335046,10122955374966,3234477137,162,14
114,125,60000000000,1.000000,103398359691999,8132702539262,10122955374966,3234477137,162,14
114,130,60000000000,1.000000,103492686780839,8038375450422,10122955374966,3234477137,162,14
114,135,60000000000,1.000000,103529641024087,8001421207174,10122955374966,3234477137,162,14
114,140,60000000000,1.000000,103609655806279,7921406424982,10122955374966,3234477137,162,14
114,145,60000000000,1.000000,103672278018535,7858784212726,10122955374966,3234477137,162,14
114,150,60000000000,1.000000,103736438417863,7794623813398,10122955374966,3234477137,162,14
114,155,60000000000,1.000000,103814100222215,7716962009046,10122955374966,3234477137,162,14
114,160,60000000000,1.000000,103862623843615,7668438387646,10122955374966,3234477137,162,14
114,165,60000000000,1.000000,103926273193199,7604789038062,10122955374966,3234477137,162,14
114,170,60000000000,1.000000,104014477281103,7516584950158,10122955374966,3234477137,162,14
114,175,60000000000,1.000000,104049032734431,7482029496830,10122955374966,3234477137,162,14
114,180,60000000000,1.000000,104123853562287,7407208668974,10122955374966,3234477137,162,14
114,185,60000000000,1.000000,104182410814271,7348651416990,10122955374966,3234477137,162,14
114,190,60000000000,1.000000,104242406405831,7288655825430,10122955374966,3234477137,162,14
114,195,60000000000,1.000000,104315026993447,7216035237814,10122955374966,3234477137,162,14
115,0,60000000000,1.000000,92125694168551,2871525673289,10070338158160,2303687506,0,0
115,5,60000000000,1.000000,92133491422182,2857306937503,10076759640315,2303687506,0,0
115,10,60000000000,1.000000,92155675194665,2834139995504,10077742809831,2303687506,0,0
115,15,60000000000,1.000000,92179191726097,2810533623544,10077832650359,2303687506,0,0
115,20,60000000000,1.000000,92203189844073,2786535505568,10077832650359,2303687506,0,0
115,25,60000000000,1.000000,92224450678185,2765274671456,10077832650359,2303687506,0,0
115,30,72000000000,0.807560,91642445030396,4140650989998,10081287320548,2258343337,37,1
115,35,60000000000,0.826174,87275492956731,9280674531380,10124610264902,1924138795,166,10
115,40,60000000000,1.000000,85289402829402,7505277605012,10124610264902,1924138795,166,10
115,45,60000000000,1.000000,83828314789946,6955699394148,10124610264902,1924138795,166,10
115,50,60000000000,1.000000,83903057016815,6880957167279,10124610264902,1924138795,166,10
115,55,60000000000,1.000000,83938436938598,6845577245496,10124610264902,1924138795,166,10
115,60,60000000000,1.000000,84003278418882,6780735765212,10124610264902,1924138795,166,10
115,65,60000000000,1.000000,84066831250126,6717182933968,10124610264902,1924138795,166,10
115,70,60000000000,1.000000,84112719763310,6671294420784,10124610264902,1924138795,166,10
115,75,60000000000,1.000000,84178343101622,6605671082472,10124610264902,1924138795,166,10
115,80,60000000000,1.000000,84228696991542,6555317192552,10124610264902,1924138795,166,10
115,85,60000000000,1.000000,84276527988870,6507486195224,10124610264902,1924138795,166,10
115,90,60000000000,1.000000,84349563389150,6434450794944,10124610264902,1924138795,166,10
115,95,60000000000,1.000000,84382557572542,6401456611552,10124610264902,1924138795,166,10
115,100,60000000000,1.000000,84443342844790,6340671339304,10124610264902,1924138795,166,10
115,105,60000000000,1.000000,84502859926622,6281154257472,10124610264902,1924138795,166,10
115,110,60000000000,1.000000,84545769704494,6238244479600,10124610264902,1924138795,166,10
115,115,60000000000,1.000000,84607133272102,6176880911992,10124610264902,1924138795,166,10
115,120,60000000000,1.000000,84654218568342,6129795615752,10124610264902,1924138795,166,10
115,125,60000000000,1.000000,84698944739086,6085069445008,10124610264902,1924138795,166,10
115,130,60000000000,1.000000,84767239233814,6016774950280,10124610264902,1924138795,166,10
115,135,60000000000,1.000000,84798091684446,5985922499648,10124610264902,1924138795,166,10
115,140,60000000000,1.000000,84854931236734,5929082947360,10124610264902,1924138795,166,10
115,145,60000000000,1.000000,84910584919790,5873429264304,10124610264902,1924138795,166,10
115,150,60000000000,1.000000,84950709319622,5833304864472,10124610264902,1924138795,166,10
115,155,60000000000,1.000000,85008089628590,5775924555504,10124610264902,1924138795,166,10
115,160,60000000000,1.000000,85052118503670,5731895680424,10124610264902,1924138795,166,10
115,165,60000000000,1.000000,85093941389782,5690072794312,10124610264902,1924138795,166,10
115,170,60000000000,1.000000,85157802722446,5626211461648,10124610264902,1924138795,166,10
115,175,60000000000,1.000000,85186652465350,5597361718744,10124610264902,1924138795,166,10
115,180,60000000000,1.000000,85239802423950,5544211760144,10124610264902,1924138795,166,10
115,185,60000000000,1.000000,85291843490902,5492170693192,10124610264902,1924138795,166,10
115,190,60000000000,1.000000,85329363318294,5454650865800,10124610264902,1924138795,166,10
115,195,60000000000,1.000000,85383018931798,5400995252296,10124610264902,1924138795,166,10
116,0,60000000000,1.000000,98058400402794,2965934090284,10081399506922,2868183124,0,0
116,5,60000000000,1.000000,98066135924609,2952490797755,10087107277636,2868183124,0,0
116,10,60000000000,1.000000,98088792097728,2928875070874,10088066831398,2868183124,0,0
116,15,60000000000,1.000000,98113708051048,2903959117554,10088066831398,2868183124,0,0
116,20,60000000000,1.000000,98136837093256,2880830075346,10088066831398,2868183124,0,0
116,25,60000000000,1.000000,98163966332072,2853700836530,10088066831398,2868183124,0,0
116,30,72000000000,0.696232,97923752102708,4442036299412,10089291866058,2846082331,36,2
116,35,60000000000,0.466133,95519358489385,11751560107601,10108586611017,2669243705,176,9
116,40,60000000000,0.918851,90689476340708,11217999926233,10108586611017,2669243705,176,9
116,45,60000000000,1.000000,88737986818504,10072690441041,10108586611017,2669243705,176,9
116,50,60000000000,1.000000,88837333000597,9973344258948,10108586611017,2669243705,176,9
116,55,60000000000,1.000000,88884422969924,9926254289621,10108586611017,2669243705,176,9
116,60,60000000000,1.000000,88976892057729,9833785201816,10108586611017,2669243705,176,9
116,65,60000000000,1.000000,89076814664991,9733862594554,10108586611017,2669243705,176,9
116,70,60000000000,1.000000,89142271507183,9668405752362,10108586611017,2669243705,176,9
116,75,60000000000,1.000000,89235665181103,9575012078442,10108586611017,2669243705,176,9
116,80,60000000000,1.000000,89320043265599,9490633993946,10108586611017,2669243705,176,9
116,85,60000000000,1.000000,89372498382647,9438178876898,10108586611017,2669243705,176,9
116,90,60000000000,1.000000,89484044050343,9326633209202,10108586611017,2669243705,176,9
116,95,60000000000,1.000000,89528670032039,9282007227506,10108586611017,2669243705,176,9
116,100,60000000000,1.000000,89615137744471,9195539515074,10108586611017,2669243705,176,9
116,105,60000000000,1.000000,89708663363959,9102013895586,10108586611017,2669243705,176,9
116,110,60000000000,1.000000,89769871243039,9040806016506,10108586611017,2669243705,176,9
116,115,60000000000,1.000000,89857202506175,8953474753370,10108586611017,2669243705,176,9
116,120,60000000000,1.000000,89936103403783,8874573855762,10108586611017,2669243705,176,9
116,125,60000000000,1.000000,89985153531399,8825523728146,10108586611017,2669243705,176,9
116,130,60000000000,1.000000,90089458498215,8721218761330,10108586611017,2669243705,176,9
116,135,60000000000,1.000000,90131187698759,8679489560786,10108586611017,2669243705,176,9
116,140,60000000000,1.000000,90212042581479,8598634678066,10108586611017,2669243705,176,9
116,145,60000000000,1.000000,90299497225287,8511180034258,10108586611017,2669243705,176,9
116,150,60000000000,1.000000,90356731952159,8453945307386,10108586611017,2669243705,176,9
116,155,60000000000,1.000000,90438394330359,8372282929186,10108586611017,2669243705,176,9
116,160,60000000000,1.000000,90512173578663,8298503680882,10108586611017,2669243705,176,9
116,165,60000000000,1.000000,90558039743175,8252637516370,10108586611017,2669243705,176,9
116,170,60000000000,1.000000,90655574020623,8155103238922,10108586611017,2669243705,176,9
116,175,60000000000,1.000000,90694594477239,8116082782306,10108586611017,2669243705,176,9
116,180,60000000000,1.000000,90770200872607,8040476386938,10108586611017,2669243705,176,9
116,185,60000000000,1.000000,90851978622503,7958698637042,10108586611017,2669243705,176,9
116,190,60000000000,1.000000,90905498103735,7905179155810,10108586611017,2669243705,176,9
116,195,60000000000,1.000000,90981859578111,7828817681434,10108586611017,2669243705,176,9
117,0,60000000000,1.000000,101622582917090,2963613888102,10087760194808,3252213070,0,0
117,5,60000000000,1.000000,101631156942593,2949397055350,10093403002057,3252213070,0,0
117,10,60000000000,1.000000,101655207781804,2925119249635,10093629968561,3252213070,0,0
117,15,60000000000,1.000000,101677802599980,2902524431459,10093629968561,3252213070,0,0
117,20,60000000000,1.000000,101705686241180,2874640790259,10093629968561,3252213070,0,0
117,25,60000000000,1.000000,101727227236868,2853099794571,10093629968561,3252213070,0,0
117,30,72000000000,0.367421,101285489616255,8957341029565,10097356425761,3223529695,43,0
117,35,60000000000,0.425347,97992369250546,15381176017930,10139252187964,3024504056,190,11
117,40,60000000000,0.974990,90382922686923,14514804164980,10139252187964,3024504056,190,11
117,45,60000000000,1.000000,88977753261383,12933645553876,10139252187964,3024504056,190,11
117,50,60000000000,1.000000,89129846224382,12781552590877,10139252187964,3024504056,190,11
117,55,60000000000,1.000000,89170877427781,12740521387478,10139252187964,3024504056,190,11
117,60,60000000000,1.000000,89309046713982,12602352101277,10139252187964,3024504056,190,11
117,65,60000000000,1.000000,89445205207501,12466193607758,10139252187964,3024504056,190,11
117,70,60000000000,1.000000,89500475593085,12410923222174,10139252187964,3024504056,190,11
117,75,60000000000,1.000000,89637599300973,12273799514286,10139252187964,3024504056,190,11
117,80,60000000000,1.000000,89758111370037,12153287445222,10139252187964,3024504056,190,11
117,85,60000000000,1.000000,89809998745125,12101400070134,10139252187964,3024504056,190,11
117,90,60000000000,1.000000,89958791421885,11952607393374,10139252187964,3024504056,190,11
117,95,60000000000,1.000000,89997788030997,11913610784262,10139252187964,3024504056,190,11
117,100,60000000000,1.000000,90126990422869,11784408392390,10139252187964,3024504056,190,11
117,105,60000000000,1.000000,90254416165533,11656982649726,10139252187964,3024504056,190,11
117,110,60000000000,1.000000,90306098815685,11605299999574,10139252187964,3024504056,190,11
117,115,60000000000,1.000000,90434321489853,11477077325406,10139252187964,3024504056,190,11
117,120,60000000000,1.000000,90547010827141,11364387988118,10139252187964,3024504056,190,11
117,125,60000000000,1.000000,90595530066293,11315868748966,10139252187964,3024504056,190,11
117,130,60000000000,1.000000,90734664248125,11176734567134,10139252187964,3024504056,190,11
117,135,60000000000,1.000000,90771129492445,11140269322814,10139252187964,3024504056,190,11
117,140,60000000000,1.000000,90891945042485,11019453772774,10139252187964,3024504056,190,11
117,145,60000000000,1.000000,91011099269741,10900299545518,10139252187964,3024504056,190,11
117,150,60000000000,1.000000,91059427073189,10851971742070,10139252187964,3024504056,190,11
117,155,60000000000,1.000000,91179326501349,10732072313910,10139252187964,3024504056,190,11
117,160,60000000000,1.000000,91284700899309,10626697915950,10139252187964,3024504056,190,11
117,165,60000000000,1.000000,91330070636485,10581328178774,10139252187964,3024504056,190,11
117,170,60000000000,1.000000,91460173279861,10451225535398,10139252187964,3024504056,190,11
117,175,60000000000,1.000000,91494271476269,10417127338990,10139252187964,3024504056,190,11
117,180,60000000000,1.000000,91607244594789,10304154220470,10139252187964,3024504056,190,11
117,185,60000000000,1.000000,91718664231269,10192734583990,10139252187964,3024504056,190,11
117,190,60000000000,1.000000,91763854959381,10147543855878,10139252187964,3024504056,190,11
117,195,60000000000,1.000000,91875971423709,10035427391550,10139252187964,3024504056,190,11
118,0,60000000000,1.000000,96638920685296,2991166387374,10089116927330,2906887226,0,0
118,5,60000000000,1.000000,96644459961660,2981021693866,10093722344474,2906887226,0,0
118,10,60000000000,1.000000,96674020414552,2951189903131,10093993682317,2906887226,0,0
118,15,60000000000,1.000000,96690283196638,2934831154171,10094089649191,2906887226,0,0
118,20,60000000000,1.000000,96720655306838,2904459043971,10094089649191,2906887226,0,0
118,25,60000000000,1.000000,96747792789174,2877321561635,10094089649191,2906887226,0,0
118,30,72000000000,0.633409,96083706623948,5582762149114,10099326462419,2849478532,36,2
118,35,60000000000,0.398209,93605728371956,15062507542707,10115452682073,2670438912,150,9
118,40,60000000000,0.705495,90455326435523,12967392566696,10115452682073,2670438912,150,9
118,45,60000000000,1.000000,88493955456679,8591979061504,10115452682073,2670438912,150,9
118,50,60000000000,1.000000,88602433854881,8483500663302,10115452682073,2670438912,150,9
118,55,60000000000,1.000000,88644931928298,8441002589885,10115452682073,2670438912,150,9
118,60,60000000000,1.000000,88720703445031,8365231073152,10115452682073,2670438912,150,9
118,65,60000000000,1.000000,88805654295996,8280280222187,10115452682073,2670438912,150,9
118,70,60000000000,1.000000,88854968938436,8230965579747,10115452682073,2670438912,150,9
118,75,60000000000,1.000000,88939961901276,8145972616907,10115452682073,2670438912,150,9
118,80,60000000000,1.000000,89008751563436,8077182954747,10115452682073,2670438912,150,9
118,85,60000000000,1.000000,89055377561348,8030556956835,10115452682073,2670438912,150,9
118,90,60000000000,1.000000,89151804560668,7934129957515,10115452682073,2670438912,150,9
118,95,60000000000,1.000000,89192781682228,7893152835955,10115452682073,2670438912,150,9
118,100,60000000000,1.000000,89263638104868,7822296413315,10115452682073,2670438912,150,9
118,105,60000000000,1.000000,89343147423788,7742787094395,10115452682073,2670438912,150,9
118,110,60000000000,1.000000,89389260932676,7696673585507,10115452682073,2670438912,150,9
118,115,60000000000,1.000000,89468736795316,7617197722867,10115452682073,2670438912,150,9
118,120,60000000000,1.000000,89533061153108,7552873365075,10115452682073,2670438912,150,9
118,125,60000000000,1.000000,89576660543932,7509273974251,10115452682073,2670438912,150,9
118,130,60000000000,1.000000,89666828231964,7419106286219,10115452682073,2670438912,150,9
118,135,60000000000,1.000000,89705145428812,7380789089371,10115452682073,2670438912,150,9
118,140,60000000000,1.000000,89771402388564,7314532129619,10115452682073,2670438912,150,9
118,145,60000000000,1.000000,89845750563940,7240183954243,10115452682073,2670438912,150,9
118,150,60000000000,1.000000,89888870732580,7197063785603,10115452682073,2670438912,150,9
118,155,60000000000,1.000000,89963187623564,7122746894619,10115452682073,2670438912,150,9
118,160,60000000000,1.000000,90023336530548,7062597987635,10115452682073,2670438912,150,9
118,165,60000000000,1.000000,90064105778628,7021828739555,10115452682073,2670438912,150,9
118,170,60000000000,1.000000,90148420462500,6937514055683,10115452682073,2670438912,150,9
118,175,60000000000,1.000000,90184250396748,6901684121435,10115452682073,2670438912,150,9
118,180,60000000000,1.000000,90246206455932,6839728062251,10115452682073,2670438912,150,9
118,185,60000000000,1.000000,90315728510188,6770206007995,10115452682073,2670438912,150,9
118,190,60000000000,1.000000,90356049643636,6729884874547,10115452682073,2670438912,150,9
118,195,60000000000,1.000000,90425542444348,6660392073835,10115452682073,2670438912,150,9
119,0,60000000000,1.000000,101845277279383,3017430684155,10088629036462,3489186158,0,0
119,5,60000000000,1.000000,101851966689306,3004843069022,10094527241672,3489186158,0,0
119,10,60000000000,1.000000,101878514620242,2977361962792,10095460416966,3489186158,0,0
119,15,60000000000,1.000000,101899321275570,2956555307464,10095460416966,3489186158,0,0
119,20,60000000000,1.000000,101925022815850,2930853767184,10095460416966,3489186158,0,0
119,25,60000000000,1.000000,101950536505490,2905340077544,10095460416966,3489186158,0,0
119,30,72000000000,0.587467,101295164753415,6057380576724,10097659399566,3436511119,37,0
119,35,60000000000,0.392408,98815286493904,15319258905767,10124655013967,3257206111,177,10
119,40,60000000000,0.872547,88046185486509,19231627649782,10124655013967,3257206111,177,10
119,45,60000000000,1.000000,85824239931785,16480898357198,10124655013967,3257206111,177,10
119,50,60000000000,1.000000,85945808481730,16359329807253,10124655013967,3257206111,177,10
119,55,60000000000,1.000000,85997994296676,16307143992307,10124655013967,3257206111,177,10
119,60,60000000000,1.000000,86169668889155,16135469399828,10124655013967,3257206111,177,10
119,65,60000000000,1.000000,86363831295293,15941306993690,10124655013967,3257206111,177,10
119,70,60000000000,1.000000,86415453905381,15889684383602,10124655013967,3257206111,177,10
119,75,60000000000,1.000000,86593080418173,15712057870810,10124655013967,3257206111,177,10
119,80,60000000000,1.000000,86761106685965,15544031603018,10124655013967,3257206111,177,10
119,85,60000000000,1.000000,86814552713701,15490585575282,10124655013967,3257206111,177,10
119,90,60000000000,1.000000,87006677336173,15298460952810,10124655013967,3257206111,177,10
119,95,60000000000,1.000000,87056455219517,15248683069466,10124655013967,3257206111,177,10
119,100,60000000000,1.000000,87216987967405,15088150321578,10124655013967,3257206111,177,10
119,105,60000000000,1.000000,87398620325445,14906517963538,10124655013967,3257206111,177,10
119,110,60000000000,1.000000,87446891986061,14858246302922,10124655013967,3257206111,177,10
119,115,60000000000,1.000000,87612988329381,14692149959602,10124655013967,3257206111,177,10
119,120,60000000000,1.000000,87770107602909,14535030686074,10124655013967,3257206111,177,10
119,125,60000000000,1.000000,87820084318709,14485053970274,10124655013967,3257206111,177,10
119,130,60000000000,1.000000,87999737664077,14305400624906,10124655013967,3257206111,177,10
119,135,60000000000,1.000000,88046284343765,14258853945218,10124655013967,3257206111,177,10
119,140,60000000000,1.000000,88196396520109,14108741768874,10124655013967,3257206111,177,10
119,145,60000000000,1.000000,88366238679493,13938899609490,10124655013967,3257206111,177,10
119,150,60000000000,1.000000,88411376909237,13893761379746,10124655013967,3257206111,177,10
119,155,60000000000,1.000000,88566691534453,13738446754530,10124655013967,3257206111,177,10
119,160,60000000000,1.000000,88713611813301,13591526475682,10124655013967,3257206111,177,10
119,165,60000000000,1.000000,88760344418845,13544793870138,10124655013967,3257206111,177,10
119,170,60000000000,1.000000,88928336028037,13376802260946,10124655013967,3257206111,177,10
119,175,60000000000,1.000000,88971861249421,13333277039562,10124655013967,3257206111,177,10
119,180,60000000000,1.000000,89112229278837,13192909010146,10124655013967,3257206111,177,10
119,185,60000000000,1.000000,89271046570157,13034091718826,10124655013967,3257206111,177,10
119,190,60000000000,1.000000,89313254767445,12991883521538,10124655013967,3257206111,177,10
119,195,60000000000,1.000000,89458487542197,12846650746786,10124655013967,3257206111,177,10
120,0,60000000000,1.000000,99312895880867,2967330114976,10081382004157,2726857378,0,0
120,5,60000000000,1.000000,99321726721921,2953539798669,10086341479410,2726857378,0,0
120,10,60000000000,1.000000,99345410672058,2929074736809,10087122591133,2726857378,0,0
120,15,60000000000,1.000000,99366997615546,2907487793321,10087122591133,2726857378,0,0
120,20,60000000000,1.000000,99393003124922,2881482283945,10087122591133,2726857378,0,0
120,25,60000000000,1.000000,99418684975250,2855800433617,10087122591133,2726857378,0,0
120,30,72000000000,0.881872,98874877940550,3847050143129,10094124481515,2685672187,39,1
120,35,60000000000,0.634763,94751446802075,11760503166680,10145030016529,2427461834,187,10
120,40,60000000000,0.935136,88318073660755,14862541177436,10145030016529,2427461834,187,10
120,45,60000000000,1.000000,86961914716346,11942390275828,10145030016529,2427461834,187,10
120,50,60000000000,1.000000,87030991929141,11873313063033,10145030016529,2427461834,187,10
120,55,60000000000,1.000000,87069895310006,11834409682168,10145030016529,2427461834,187,10
120,60,60000000000,1.000000,87195685292624,11708619699550,10145030016529,2427461834,187,10
120,65,60000000000,1.000000,87328910738547,11575394253627,10145030016529,2427461834,187,10
120,70,60000000000,1.000000,87378023128779,11526281863395,10145030016529,2427461834,187,10
120,75,60000000000,1.000000,87504746623723,11399558368451,10145030016529,2427461834,187,10
120,80,60000000000,1.000000,87610166379419,11294138612755,10145030016529,2427461834,187,10
120,85,60000000000,1.000000,87666218417531,11238086574643,10145030016529,2427461834,187,10
120,90,60000000000,1.000000,87800095136003,11104209856171,10145030016529,2427461834,187,10
120,95,60000000000,1.000000,87838013399035,11066291593139,10145030016529,2427461834,187,10
120,100,60000000000,1.000000,87955647014979,10948657977195,10145030016529,2427461834,187,10
120,105,60000000000,1.000000,88080297741067,10824007251107,10145030016529,2427461834,187,10
120,110,60000000000,1.000000,88126222126419,10778082865755,10145030016529,2427461834,187,10
120,115,60000000000,1.000000,88244719690971,10659585301203,10145030016529,2427461834,187,10
120,120,60000000000,1.000000,88343296393595,10561008598579,10145030016529,2427461834,187,10
120,125,60000000000,1.000000,88395709957515,10508595034659,10145030016529,2427461834,187,10
120,130,60000000000,1.000000,88520896412107,10383408580067,10145030016529,2427461834,187,10
120,135,60000000000,1.000000,88556353308403,10347951683771,10145030016529,2427461834,187,10
120,140,60000000000,1.000000,88666351039987,10237953952187,10145030016529,2427461834,187,10
120,145,60000000000,1.000000,88782910384051,10121394608123,10145030016529,2427461834,187,10
120,150,60000000000,1.000000,88825853705763,10078451286411,10145030016529,2427461834,187,10
120,155,60000000000,1.000000,88936659304683,9967645687491,10145030016529,2427461834,187,10
120,160,60000000000,1.000000,89028837153523,9875467838651,10145030016529,2427461834,187,10
120,165,60000000000,1.000000,89077848425379,9826456566795,10145030016529,2427461834,187,10
120,170,60000000000,1.000000,89194908722603,9709396269571,10145030016529,2427461834,187,10
120,175,60000000000,1.000000,89228064025395,9676240966779,10145030016529,2427461834,187,10
120,180,60000000000,1.000000,89330921536355,9573383455819,10145030016529,2427461834,187,10
120,185,60000000000,1.000000,89439914729483,9464390262691,10145030016529,2427461834,187,10
120,190,60000000000,1.000000,89480070495699,9424234496475,10145030016529,2427461834,187,10
120,195,60000000000,1.000000,89583683433579,9320621558595,10145030016529,2427461834,187,10
121,0,60000000000,1.000000,98789082847208,2949342216636,10074499936156,2810955978,0,0
121,5,60000000000,1.000000,98795947008012,2935156651572,10081821340416,2810955978,0,0
121,10,60000000000,1.000000,98818658152322,2910914976169,10083351871509,2810955978,0,0
121,15,60000000000,1.000000,98844138289338,2885434839153,10083351871509,2810955978,0,0
121,20,60000000000,1.000000,98865709451090,2863863677401,10083351871509,2810955978,0,0
121,25,60000000000,1.000000,98888294836146,2841278292345,10083351871509,2810955978,0,0
121,30,72000000000,0.924533,97212089468807,4851598140662,10115373666029,2701665671,42,1
121,35,60000000000,0.458919,95230316141417,14021337307793,10147955343321,2585491170,172,6
121,40,60000000000,1.000000,93526926616802,7791531361076,10147955343321,2585491170,172,6
121,45,60000000000,1.000000,89755855446665,9260397361892,10147955343321,2585491170,172,6
121,50,60000000000,1.000000,89882803114816,9133449693741,10147955343321,2585491170,172,6
121,55,60000000000,1.000000,89926868720322,9089384088235,10147955343321,2585491170,172,6
121,60,60000000000,1.000000,90012000439993,9004252368564,10147955343321,2585491170,172,6
121,65,60000000000,1.000000,90106268220536,8909984588021,10147955343321,2585491170,172,6
121,70,60000000000,1.000000,90162666366352,8853586442205,10147955343321,2585491170,172,6
121,75,60000000000,1.000000,90245780135992,8770472672565,10147955343321,2585491170,172,6
121,80,60000000000,1.000000,90297876340536,8718376468021,10147955343321,2585491170,172,6
121,85,60000000000,1.000000,90374998433536,8641254375021,10147955343321,2585491170,172,6
121,90,60000000000,1.000000,90474750217176,8541502591381,10147955343321,2585491170,172,6
121,95,60000000000,1.000000,90516806949928,8499445858629,10147955343321,2585491170,172,6
121,100,60000000000,1.000000,90596413501224,8419839307333,10147955343321,2585491170,172,6
121,105,60000000000,1.000000,90684636991272,8331615817285,10147955343321,2585491170,172,6
121,110,60000000000,1.000000,90737374196160,8278878612397,10147955343321,2585491170,172,6
121,115,60000000000,1.000000,90815092848600,8201159959957,10147955343321,2585491170,172,6
121,120,60000000000,1.000000,90863807361672,8152445446885,10147955343321,2585491170,172,6
121,125,60000000000,1.000000,90935923271816,8080329536741,10147955343321,2585491170,172,6
121,130,60000000000,1.000000,91029199924368,7987052884189,10147955343321,2585491170,172,6
121,135,60000000000,1.000000,91068526652248,7947726156309,10147955343321,2585491170,172,6
121,140,60000000000,1.000000,91142965748240,7873287060317,10147955343321,2585491170,172,6
121,145,60000000000,1.000000,91225462436696,7790790371861,10147955343321,2585491170,172,6
121,150,60000000000,1.000000,91274776341352,7741476467205,10147955343321,2585491170,172,6
121,155,60000000000,1.000000,91347450086928,7668802721629,10147955343321,2585491170,172,6
121,160,60000000000,1.000000,91393002422264,7623250386293,10147955343321,2585491170,172,6
121,165,60000000000,1.000000,91460437113176,7555815695381,10147955343321,2585491170,172,6
121,170,60000000000,1.000000,91547658951104,7468593857453,10147955343321,2585491170,172,6
121,175,60000000000,1.000000,91584432885160,7431819923397,10147955343321,2585491170,172,6
121,180,60000000000,1.000000,91654039958368,7362212850189,10147955343321,2585491170,172,6
121,185,60000000000,1.000000,91731181585960,7285071222597,10147955343321,2585491170,172,6
121,190,60000000000,1.000000,91777294404736,7238958403821,10147955343321,2585491170,172,6
121,195,60000000000,1.000000,91845250720608,7171002087949,10147955343321,2585491170,172,6
122,0,60000000000,1.000000,93128782913848,2919228697760,10078141388392,2535561230,0,0
122,5,60000000000,1.000000,93136121927343,2906916732471,10083114340186,2535561230,0,0
122,10,60000000000,1.000000,93160107774550,2882079934631,10083965290819,2535561230,0,0
122,15,60000000000,1.000000,93181933928638,2860253780543,10083965290819,2535561230,0,0
122,20,60000000000,1.000000,93208248786174,2833938923007,10083965290819,2535561230,0,0
122,25,60000000000,1.000000,93234768105614,2807419603567,10083965290819,2535561230,0,0
122,30,72000000000,0.828824,92744460005198,3971220425717,10090250883831,2494733957,31,1
122,35,60000000000,0.475445,90588398019354,11410312051872,10112773576000,2320904578,190,11
122,40,60000000000,0.770915,86911160396918,11807037293125,10112773576000,2320904578,190,11
122,45,60000000000,1.000000,85153997963130,8472798022205,10112773576000,2320904578,190,11
122,50,60000000000,1.000000,85232575727582,8394220257753,10112773576000,2320904578,190,11
122,55,60000000000,1.000000,85264816845571,8361979139764,10112773576000,2320904578,190,11
122,60,60000000000,1.000000,85351403693338,8275392291997,10112773576000,2320904578,190,11
122,65,60000000000,1.000000,85439433631877,8187362353458,10112773576000,2320904578,190,11
122,70,60000000000,1.000000,85480820996205,8145974989130,10112773576000,2320904578,190,11
122,75,60000000000,1.000000,85566551574349,8060244410986,10112773576000,2320904578,190,11
122,80,60000000000,1.000000,85637401021317,7989394964018,10112773576000,2320904578,190,11
122,85,60000000000,1.000000,85683453151293,7943342834042,10112773576000,2320904578,190,11
122,90,60000000000,1.000000,85776508731917,7850287253418,10112773576000,2320904578,190,11
122,95,60000000000,1.000000,85807609341229,7819186644106,10112773576000,2320904578,190,11
122,100,60000000000,1.000000,85888579512389,7738216472946,10112773576000,2320904578,190,11
122,105,60000000000,1.000000,85970895234837,7655900750498,10112773576000,2320904578,190,11
122,110,60000000000,1.000000,86009596044469,7617199940866,10112773576000,2320904578,190,11
122,115,60000000000,1.000000,86089761642141,7537034343194,10112773576000,2320904578,190,11
122,120,60000000000,1.000000,86156012079045,7470783906290,10112773576000,2320904578,190,11
122,125,60000000000,1.000000,86199074853069,7427721132266,10112773576000,2320904578,190,11
122,130,60000000000,1.000000,86286089969253,7340706016082,10112773576000,2320904578,190,11
122,135,60000000000,1.000000,86315171762197,7311624223138,10112773576000,2320904578,190,11
122,140,60000000000,1.000000,86390885962365,7235910022970,10112773576000,2320904578,190,11
122,145,60000000000,1.000000,86467858370821,7158937614514,10112773576000,2320904578,190,11
122,150,60000000000,1.000000,86504047016725,7122748968610,10112773576000,2320904578,190,11
122,155,60000000000,1.000000,86579008870317,7047787115018,10112773576000,2320904578,190,11
122,160,60000000000,1.000000,86640958829997,6985837155338,10112773576000,2320904578,190,11
122,165,60000000000,1.000000,86681226294541,6945569690794,10112773576000,2320904578,190,11
122,170,60000000000,1.000000,86762593047621,6864202937714,10112773576000,2320904578,190,11
122,175,60000000000,1.000000,86789787070477,6837008914858,10112773576000,2320904578,190,11
122,180,60000000000,1.000000,86860586477557,6766209507778,10112773576000,2320904578,190,11
122,185,60000000000,1.000000,86932562419653,6694233565682,10112773576000,2320904578,190,11
122,190,60000000000,1.000000,86966401972469,6660394012866,10112773576000,2320904578,190,11
122,195,60000000000,1.000000,87036497869421,6590298115914,10112773576000,2320904578,190,11
123,0,60000000000,1.000000,105682656805827,3120691299131,10097654895042,3961431728,0,0
123,5,60000000000,1.000000,105692109033046,3105259123079,10103634843875,3961431728,0,0
123,10,60000000000,1.000000,105714052249579,3082338830446,10104611919975,3961431728,0,0
123,15,60000000000,1.000000,105739215807811,3057171357918,10104615834271,3961431728,0,0
123,20,60000000000,1.000000,105767834891675,3028552274054,10104615834271,3961431728,0,0
123,25,60000000000,1.000000,105792783188851,3003603976878,10104615834271,3961431728,0,0
123,30,72000000000,1.000000,103593411910541,4480837770402,10105414776861,3764160481,44,1
123,35,60000000000,0.691512,101875548162169,9984786553562,10120854524196,3626554043,173,14
123,40,60000000000,1.000000,89818212132558,17402164700261,10120854524196,3626554043,173,14
123,45,60000000000,1.000000,87568823404365,17513469510429,10120854524196,3626554043,173,14
123,50,60000000000,1.000000,87645664773762,17436628141032,10120854524196,3626554043,173,14
123,55,60000000000,1.000000,87695563015607,17386729899187,10120854524196,3626554043,173,14
123,60,60000000000,1.000000,87887997227583,17194295687211,10120854524196,3626554043,173,14
123,65,60000000000,1.000000,88092031714223,16990261200571,10120854524196,3626554043,173,14
123,70,60000000000,1.000000,88149934146703,16932358768091,10120854524196,3626554043,173,14
123,75,60000000000,1.000000,88336641229959,16745651684835,10120854524196,3626554043,173,14
123,80,60000000000,1.000000,88517366922303,16564925992491,10120854524196,3626554043,173,14
123,85,60000000000,1.000000,88581500871887,16500792042907,10120854524196,3626554043,173,14
123,90,60000000000,1.000000,88775258345391,16307034569403,10120854524196,3626554043,173,14
123,95,60000000000,1.000000,88824177966719,16258114948075,10120854524196,3626554043,173,14
123,100,60000000000,1.000000,89004120804775,16078172110019,10120854524196,3626554043,173,14
123,105,60000000000,1.000000,89194910916023,15887381998771,10120854524196,3626554043,173,14
123,110,60000000000,1.000000,89249054760527,15833238154267,10120854524196,3626554043,173,14
123,115,60000000000,1.000000,89423642232407,15658650682387,10120854524196,3626554043,173,14
123,120,60000000000,1.000000,89592636580167,15489656334627,10120854524196,3626554043,173,14
123,125,60000000000,1.000000,89652607438895,15429685475899,10120854524196,3626554043,173,14
123,130,60000000000,1.000000,89833787642943,15248505271851,10120854524196,3626554043,173,14
123,135,60000000000,1.000000,89879531772503,15202761142291,10120854524196,3626554043,173,14
123,140,60000000000,1.000000,90047794082847,15034498831947,10120854524196,3626554043,173,14
123,145,60000000000,1.000000,90226199543471,14856093371323,10120854524196,3626554043,173,14
123,150,60000000000,1.000000,90276828779215,14805464135579,10120854524196,3626554043,173,14
123,155,60000000000,1.000000,90440083353119,14642209561675,10120854524196,3626554043,173,14
123,160,60000000000,1.000000,90598107866071,14484185048723,10120854524196,3626554043,173,14
123,165,60000000000,1.000000,90654185870423,14428107044371,10120854524196,3626554043,173,14
123,170,60000000000,1.000000,90823605226319,14258687688475,10120854524196,3626554043,173,14
123,175,60000000000,1.000000,90866379993103,14215912921691,10120854524196,3626554043,173,14
123,180,60000000000,1.000000,91023719987247,14058572927547,10120854524196,3626554043,173,14
123,185,60000000000,1.000000,91190544715031,13891748199763,10120854524196,3626554043,173,14
123,190,60000000000,1.000000,91237887483775,13844405431019,10120854524196,3626554043,173,14
123,195,60000000000,1.000000,91390544805855,13691748108939,10120854524196,3626554043,173,14
124,0,60000000000,1.000000,106019564744611,3065657263341,10097618992048,3267050690,0,0
124,5,60000000000,1.000000,106028080126349,3051042929036,10103717944615,3267050690,0,0
124,10,60000000000,1.000000,106051732795964,3026636024148,10104472179888,3267050690,0,0
124,15,60000000000,1.000000,106077466236900,3000902583212,10104472179888,3267050690,0,0
124,20,60000000000,1.000000,106101354329036,2977014491076,10104472179888,3267050690,0,0
124,25,60000000000,1.000000,106127967705124,2950401114988,10104472179888,3267050690,0,0
124,30,72000000000,0.880887,105628940977398,3907882998298,10111498068496,3235500947,42,1
124,35,60000000000,0.539317,100406433913154,16000654602978,10146979714965,2819072972,182,7
124,40,60000000000,1.000000,98180478291036,10228589066232,10146979714965,2819072972,182,7
124,45,60000000000,1.000000,94608315835460,9424464198192,10146979714965,2819072972,182,7
124,50,60000000000,1.000000,94722081792952,9310698240700,10146979714965,2819072972,182,7
124,55,60000000000,1.000000,94766980802441,9265799231211,10146979714965,2819072972,182,7
124,60,60000000000,1.000000,94850560455895,9182219577757,10146979714965,2819072972,182,7
124,65,60000000000,1.000000,94948217598715,9084562434937,10146979714965,2819072972,182,7
124,70,60000000000,1.000000,95003535612059,9029244421593,10146979714965,2819072972,182,7
124,75,60000000000,1.000000,95088444111803,8944335921849,10146979714965,2819072972,182,7
124,80,60000000000,1.000000,95141753677203,8891026356449,10146979714965,2819072972,182,7
124,85,60000000000,1.000000,95219868336579,8812911697073,10146979714965,2819072972,182,7
124,90,60000000000,1.000000,95320265697795,8712514335857,10146979714965,2819072972,182,7
124,95,60000000000,1.000000,95364443356707,8668336676945,10146979714965,2819072972,182,7
124,100,60000000000,1.000000,95446589930451,8586190103201,10146979714965,2819072972,182,7
124,105,60000000000,1.000000,95537918642963,8494861390689,10146979714965,2819072972,182,7
124,110,60000000000,1.000000,95589645829363,8443134204289,10146979714965,2819072972,182,7
124,115,60000000000,1.000000,95669042711675,8363737321977,10146979714965,2819072972,182,7
124,120,60000000000,1.000000,95718891823571,8313888210081,10146979714965,2819072972,182,7
124,125,60000000000,1.000000,95791935870131,8240844163521,10146979714965,2819072972,182,7
124,130,60000000000,1.000000,95885816194163,8146963839489,10146979714965,2819072972,182,7
124,135,60000000000,1.000000,95927126173563,8105653860089,10146979714965,2819072972,182,7
124,140,60000000000,1.000000,96003940413131,8028839620521,10146979714965,2819072972,182,7
124,145,60000000000,1.000000,96089340756499,7943439277153,10146979714965,2819072972,182,7
124,150,60000000000,1.000000,96137710205339,7895069828313,10146979714965,2819072972,182,7
124,155,60000000000,1.000000,96211953242731,7820826790921,10146979714965,2819072972,182,7
124,160,60000000000,1.000000,96258566527251,7774213506401,10146979714965,2819072972,182,7
124,165,60000000000,1.000000,96326869107011,7705910926641,10146979714965,2819072972,182,7
124,170,60000000000,1.000000,96414655430563,7618124603089,10146979714965,2819072972,182,7
124,175,60000000000,1.000000,96453283878811,7579496154841,10146979714965,2819072972,182,7
124,180,60000000000,1.000000,96525111919067,7507668114585,10146979714965,2819072972,182,7
124,185,60000000000,1.000000,96604968718115,7427811315537,10146979714965,2819072972,182,7
124,190,60000000000,1.000000,96650198388251,7382581645401,10146979714965,2819072972,182,7
124,195,60000000000,1.000000,96719622129307,7313157904345,10146979714965,2819072972,182,7
125,0,60000000000,1.000000,99273435407158,2934026537257,10077107055585,2713130922,0,0
125,5,60000000000,1.000000,99281609978581,2919712045341,10083246976078,2713130922,0,0
125,10,60000000000,1.000000,99302215627158,2898141120338,10084212252504,2713130922,0,0
125,15,60000000000,1.000000,99328825291070,2871531456426,10084212252504,2713130922,0,0
125,20,60000000000,1.000000,99352224674750,2848132072746,10084212252504,2713130922,0,0
125,25,60000000000,1.000000,99374936041310,2825420706186,10084212252504,2713130922,0,0
125,30,72000000000,0.776417,99024453667668,4088233651931,10085940995814,2679413829,49,4
125,35,60000000000,0.581078,96313452844267,10089278886101,10108455971012,2458783243,194,12
125,40,60000000000,1.000000,92353779151363,9666018205154,10108455971012,2458783243,194,12
125,45,60000000000,1.000000,90250563304977,9200474890450,10108455971012,2458783243,194,12
125,50,60000000000,1.000000,90326349965077,9124688230350,10108455971012,2458783243,194,12
125,55,60000000000,1.000000,90362953792284,9088084403143,10108455971012,2458783243,194,12
125,60,60000000000,1.000000,90457558138061,8993480057366,10108455971012,2458783243,194,12
125,65,60000000000,1.000000,90546633324125,8904404871302,10108455971012,2458783243,194,12
125,70,60000000000,1.000000,90599427323525,8851610871902,10108455971012,2458783243,194,12
125,75,60000000000,1.000000,90692248869093,8758789326334,10108455971012,2458783243,194,12
125,80,60000000000,1.000000,90766126507157,8684911688270,10108455971012,2458783243,194,12
125,85,60000000000,1.000000,90818778451013,8632259744414,10108455971012,2458783243,194,12
125,90,60000000000,1.000000,90917528172773,8533510022654,10108455971012,2458783243,194,12
125,95,60000000000,1.000000,90952808391357,8498229804070,10108455971012,2458783243,194,12
125,100,60000000000,1.000000,91041346214413,8409691981014,10108455971012,2458783243,194,12
125,105,60000000000,1.000000,91124639902621,8326398292806,10108455971012,2458783243,194,12
125,110,60000000000,1.000000,91174006914997,8277031280430,10108455971012,2458783243,194,12
125,115,60000000000,1.000000,91260803187869,8190235007558,10108455971012,2458783243,194,12
125,120,60000000000,1.000000,91329885248485,8121152946942,10108455971012,2458783243,194,12
125,125,60000000000,1.000000,91379119426501,8071918768926,10108455971012,2458783243,194,12
125,130,60000000000,1.000000,91471459063365,7979579132062,10108455971012,2458783243,194,12
125,135,60000000000,1.000000,91504449157085,7946589038342,10108455971012,2458783243,194,12
125,140,60000000000,1.000000,91587239774445,7863798420982,10108455971012,2458783243,194,12
125,145,60000000000,1.000000,91665126666397,7785911529030,10108455971012,2458783243,194,12
125,150,60000000000,1.000000,91711289145869,7739749049558,10108455971012,2458783243,194,12
125,155,60000000000,1.000000,91792451261517,7658586933910,10108455971012,2458783243,194,12
125,160,60000000000,1.000000,91857049037525,7593989157902,10108455971012,2458783243,194,12
125,165,60000000000,1.000000,91903087305093,7547950890334,10108455971012,2458783243,194,12
125,170,60000000000,1.000000,91989432951093,7461605244334,10108455971012,2458783243,194,12
125,175,60000000000,1.000000,92020281577461,7430756617966,10108455971012,2458783243,194,12
125,180,60000000000,1.000000,92097698054261,7353340141166,10108455971012,2458783243,194,12
125,185,60000000000,1.000000,92170529118477,7280509076950,10108455971012,2458783243,194,12
125,190,60000000000,1.000000,92213695078957,7237343116470,10108455971012,2458783243,194,12
125,195,60000000000,1.000000,92289588763997,7161449431430,10108455971012,2458783243,194,12
126,0,60000000000,1.000000,104157248162467,2983100117504,10090350720029,3336718496,0,0
126,5,60000000000,1.000000,104167623986493,2967383464730,10095691548777,3336718496,0,0
126,10,60000000000,1.000000,104188216316212,2945998038880,10096484644908,3336718496,0,0
126,15,60000000000,1.000000,104211919627532,2922294727560,10096484644908,3336718496,0,0
126,20,60000000000,1.000000,104238382130108,2895832224984,10096484644908,3336718496,0,0
126,25,60000000000,1.000000,104263112429828,2871101925264,10096484644908,3336718496,0,0
126,30,72000000000,1.000000,101083443089133,3847392939684,10100207295080,3019444195,39,2
126,35,60000000000,0.493340,98692726947024,17078250627419,10112588571384,2838662586,167,8
126,40,60000000000,1.000000,94663421440948,9932697515506,10112588571384,2838662586,167,8
126,45,60000000000,1.000000,93408124893495,8563559646626,10112588571384,2838662586,167,8
126,50,60000000000,1.000000,93489899895041,8481784645080,10112588571384,2838662586,167,8
126,55,60000000000,1.000000,93553839552445,8417844987676,10112588571384,2838662586,167,8
126,60,60000000000,1.000000,93612063589395,8359620950726,10112588571384,2838662586,167,8
126,65,60000000000,1.000000,93702783802609,8268900737512,10112588571384,2838662586,167,8
126,70,60000000000,1.000000,93745774161145,8225910378976,10112588571384,2838662586,167,8
126,75,60000000000,1.000000,93828856364473,8142828175648,10112588571384,2838662586,167,8
126,80,60000000000,1.000000,93903397736529,8068286803592,10112588571384,2838662586,167,8
126,85,60000000000,1.000000,93951859344857,8019825195264,10112588571384,2838662586,167,8
126,90,60000000000,1.000000,94039071386913,7932613153208,10112588571384,2838662586,167,8
126,95,60000000000,1.000000,94100249888153,7871434651968,10112588571384,2838662586,167,8
126,100,60000000000,1.000000,94154701039441,7816983500680,10112588571384,2838662586,167,8
126,105,60000000000,1.000000,94239538260137,7732146279984,10112588571384,2838662586,167,8
126,110,60000000000,1.000000,94279738009841,7691946530280,10112588571384,2838662586,167,8
126,115,60000000000,1.000000,94357427144993,7614257395128,10112588571384,2838662586,167,8
126,120,60000000000,1.000000,94427129854897,7544554685224,10112588571384,2838662586,167,8
126,125,60000000000,1.000000,94472445702297,7499238837824,10112588571384,2838662586,167,8
126,130,60000000000,1.000000,94553996598241,7417687941880,10112588571384,2838662586,167,8
126,135,60000000000,1.000000,94611203854081,7360480686040,10112588571384,2838662586,167,8
126,140,60000000000,1.000000,94662120448721,7309564091400,10112588571384,2838662586,167,8
126,145,60000000000,1.000000,94741450678817,7230233861304,10112588571384,2838662586,167,8
126,150,60000000000,1.000000,94779040964777,7192643575344,10112588571384,2838662586,167,8
126,155,60000000000,1.000000,94851687109201,7119997430920,10112588571384,2838662586,167,8
126,160,60000000000,1.000000,94916865246425,7054819293696,10112588571384,2838662586,167,8
126,165,60000000000,1.000000,94959239531873,7012445008248,10112588571384,2838662586,167,8
126,170,60000000000,1.000000,95035496760657,6936187779464,10112588571384,2838662586,167,8
126,175,60000000000,1.000000,95088990554361,6882693985760,10112588571384,2838662586,167,8
126,180,60000000000,1.000000,95136602028785,6835082511336,10112588571384,2838662586,167,8
126,185,60000000000,1.000000,95210782740393,6760901799728,10112588571384,2838662586,167,8
126,190,60000000000,1.000000,95245932949385,6725751590736,10112588571384,2838662586,167,8
126,195,60000000000,1.000000,95313863455481,6657821084640,10112588571384,2838662586,167,8
127,0,60000000000,1.000000,94019557700202,2990671936469,10079701363329,2821213134,0,0
127,5,60000000000,1.000000,94029403731626,2973196850435,10087330417939,2821213134,0,0
127,10,60000000000,1.000000,94045123353142,2956689089890,10088118556968,2821213134,0,0
127,15,60000000000,1.000000,94076967880694,2924844562338,10088118556968,2821213134,0,0
127,20,60000000000,1.000000,94100011276110,2901801166922,10088118556968,2821213134,0,0
127,25,60000000000,1.000000,94121242831614,2880569611418,10088118556968,2821213134,0,0
127,30,72000000000,0.542996,93770258187962,5941239947813,10093600967448,2796059659,32,0
127,35,60000000000,0.665057,89558651534585,11160953347359,10108613860838,2440891867,173,10
127,40,60000000000,1.000000,85113946482658,10753421711743,10108613860838,2440891867,173,10
127,45,60000000000,1.000000,83299152340803,9489882002567,10108613860838,2440891867,173,10
127,50,60000000000,1.000000,83352185997667,9436848345703,10108613860838,2440891867,173,10
127,55,60000000000,1.000000,83402677779868,9386356563502,10108613860838,2440891867,173,10
127,60,60000000000,1.000000,83490871580968,9298162762402,10108613860838,2440891867,173,10
127,65,60000000000,1.000000,83588521862640,9200512480730,10108613860838,2440891867,173,10
127,70,60000000000,1.000000,83645447540024,9143586803346,10108613860838,2440891867,173,10
127,75,60000000000,1.000000,83730929251632,9058105091738,10108613860838,2440891867,173,10
127,80,60000000000,1.000000,83814073018496,8974961324874,10108613860838,2440891867,173,10
127,85,60000000000,1.000000,83866930584304,8922103759066,10108613860838,2440891867,173,10
127,90,60000000000,1.000000,83963221881768,8825812461602,10108613860838,2440891867,173,10
127,95,60000000000,1.000000,84011891919984,8777142423386,10108613860838,2440891867,173,10
127,100,60000000000,1.000000,84094433341368,8694601002002,10108613860838,2440891867,173,10
127,105,60000000000,1.000000,84185749506944,8603284836426,10108613860838,2440891867,173,10
127,110,60000000000,1.000000,84238980000064,8550054343306,10108613860838,2440891867,173,10
127,115,60000000000,1.000000,84318912885544,8470121457826,10108613860838,2440891867,173,10
127,120,60000000000,1.000000,84396659588160,8392374755210,10108613860838,2440891867,173,10
127,125,60000000000,1.000000,84446086040576,8342948302794,10108613860838,2440891867,173,10
127,130,60000000000,1.000000,84536126835504,8252907507866,10108613860838,2440891867,173,10
127,135,60000000000,1.000000,84581637582912,8207396760458,10108613860838,2440891867,173,10
127,140,60000000000,1.000000,84658821039648,8130213303722,10108613860838,2440891867,173,10
127,145,60000000000,1.000000,84744209650728,8044824692642,10108613860838,2440891867,173,10
127,150,60000000000,1.000000,84793984822936,7995049520434,10108613860838,2440891867,173,10
127,155,60000000000,1.000000,84868729070392,7920305272978,10108613860838,2440891867,173,10
127,160,60000000000,1.000000,84941429045152,7847605298218,10108613860838,2440891867,173,10
127,165,60000000000,1.000000,84987647106336,7801387237034,10108613860838,2440891867,173,10
127,170,60000000000,1.000000,85071843134040,7717191209330,10108613860838,2440891867,173,10
127,175,60000000000,1.000000,85114399668200,7674634675170,10108613860838,2440891867,173,10
127,180,60000000000,1.000000,85186572958728,7602461384642,10108613860838,2440891867,173,10
127,185,60000000000,1.000000,85266418786864,7522615556506,10108613860838,2440891867,173,10
127,190,60000000000,1.000000,85312962931416,7476071411954,10108613860838,2440891867,173,10
127,195,60000000000,1.000000,85382855347680,7406178995690,10108613860838,2440891867,173,10
128,0,60000000000,1.000000,92809832797679,2872928052356,10073800149965,2796982532,0,0
128,5,60000000000,1.000000,92817835128192,2859125945183,10079599926625,2796982532,0,0
128,10,60000000000,1.000000,92842049063395,2833726447043,10080785489562,2796982532,0,0
128,15,60000000000,1.000000,92862175014707,2813600495731,10080785489562,2796982532,0,0
128,20,60000000000,1.000000,92888176079851,2787599430587,10080785489562,2796982532,0,0
128,25,60000000000,1.000000,92910046537859,2765728972579,10080785489562,2796982532,0,0
128,30,72000000000,0.685397,92334274453362,4867301311172,10086255072588,2754234534,35,2
128,35,60000000000,0.422243,89053311670114,15611478666275,10111418487336,2501088792,181,16
128,40,60000000000,1.000000,86727455952816,8505875190205,10111418487336,2501088792,181,16
128,45,60000000000,1.000000,82578951586773,9818660658061,10111418487336,2501088792,181,16
128,50,60000000000,1.000000,82667495462174,9730116782660,10111418487336,2501088792,181,16
128,55,60000000000,1.000000,82706825493712,9690786751122,10111418487336,2501088792,181,16
128,60,60000000000,1.000000,82803387620267,9594224624567,10111418487336,2501088792,181,16
128,65,60000000000,1.000000,82904834522198,9492777722636,10111418487336,2501088792,181,16
128,70,60000000000,1.000000,82958614595094,9438997649740,10111418487336,2501088792,181,16
128,75,60000000000,1.000000,83052987280454,9344624964380,10111418487336,2501088792,181,16
128,80,60000000000,1.000000,83106557146438,9291055098396,10111418487336,2501088792,181,16
128,85,60000000000,1.000000,83186374911750,9211237333084,10111418487336,2501088792,181,16
128,90,60000000000,1.000000,83297683553726,9099928691108,10111418487336,2501088792,181,16
128,95,60000000000,1.000000,83335582437422,9062029807412,10111418487336,2501088792,181,16
128,100,60000000000,1.000000,83425885381302,8971726863532,10111418487336,2501088792,181,16
128,105,60000000000,1.000000,83521033815318,8876578429516,10111418487336,2501088792,181,16
128,110,60000000000,1.000000,83571322892790,8826289352044,10111418487336,2501088792,181,16
128,115,60000000000,1.000000,83659569617222,8738042627612,10111418487336,2501088792,181,16
128,120,60000000000,1.000000,83709662132822,8687950112012,10111418487336,2501088792,181,16
128,125,60000000000,1.000000,83784298732526,8613313512308,10111418487336,2501088792,181,16
128,130,60000000000,1.000000,83888382059518,8509230185316,10111418487336,2501088792,181,16
128,135,60000000000,1.000000,83923820834286,8473791410548,10111418487336,2501088792,181,16
128,140,60000000000,1.000000,84008261994134,8389350250700,10111418487336,2501088792,181,16
128,145,60000000000,1.000000,84097234111790,8300378133044,10111418487336,2501088792,181,16
128,150,60000000000,1.000000,84144258802846,8253353441988,10111418487336,2501088792,181,16
128,155,60000000000,1.000000,84226777217502,8170835027332,10111418487336,2501088792,181,16
128,160,60000000000,1.000000,84273618105862,8123994138972,10111418487336,2501088792,181,16
128,165,60000000000,1.000000,84343409862134,8054202382700,10111418487336,2501088792,181,16
128,170,60000000000,1.000000,84440736886758,7956875358076,10111418487336,2501088792,181,16
128,175,60000000000,1.000000,84473875244358,7923737000476,10111418487336,2501088792,181,16
128,180,60000000000,1.000000,84552835122966,7844777121868,10111418487336,2501088792,181,16
128,185,60000000000,1.000000,84636031843638,7761580401196,10111418487336,2501088792,181,16
128,190,60000000000,1.000000,84680004047414,7717608197420,10111418487336,2501088792,181,16
128,195,60000000000,1.000000,84757165990734,7640446254100,10111418487336,2501088792,181,16
129,0,60000000000,1.000000,106079291493544,2995729135331,10088857371125,3487292872,0,0
129,5,60000000000,1.000000,106088911268440,2979864128682,10095102602878,3487292872,0,0
129,10,60000000000,1.000000,106110733258683,2957449124124,10095695617193,3487292872,0,0
129,15,60000000000,1.000000,106135563690531,2932618692276,10095695617193,3487292872,0,0
129,20,60000000000,1.000000,106162610338699,2905572044108,10095695617193,3487292872,0,0
129,25,60000000000,1.000000,106184616329731,2883566053076,10095695617193,3487292872,0,0
129,30,72000000000,0.806546,105815365024966,4028044045792,10099709551091,3457281385,34,2
129,35,60000000000,0.356638,103729623183247,14909341126716,10117011934956,3314641442,179,9
129,40,60000000000,0.781664,95198805486369,17716129011133,10117011934956,3314641442,179,9
129,45,60000000000,1.000000,92957896547374,14183367873821,10117011934956,3314641442,179,9
129,50,60000000000,1.000000,93084535666318,14056728754877,10117011934956,3314641442,179,9
129,55,60000000000,1.000000,93119478338903,14021786082292,10117011934956,3314641442,179,9
129,60,60000000000,1.000000,93282613697698,13858650723497,10117011934956,3314641442,179,9
129,65,60000000000,1.000000,93441083600767,13700180820428,10117011934956,3314641442,179,9
129,70,60000000000,1.000000,93487872371327,13653392049868,10117011934956,3314641442,179,9
129,75,60000000000,1.000000,93645657593079,13495606828116,10117011934956,3314641442,179,9
129,80,60000000000,1.000000,93777724678343,13363539742852,10117011934956,3314641442,179,9
129,85,60000000000,1.000000,93835830145007,13305434276188,10117011934956,3314641442,179,9
129,90,60000000000,1.000000,93995996510383,13145267910812,10117011934956,3314641442,179,9
129,95,60000000000,1.000000,94029654537591,13111609883604,10117011934956,3314641442,179,9
129,100,60000000000,1.000000,94182209108711,12959055312484,10117011934956,3314641442,179,9
129,105,60000000000,1.000000,94330395673943,12810868747252,10117011934956,3314641442,179,9
129,110,60000000000,1.000000,94374147271431,12767117149764,10117011934956,3314641442,179,9
129,115,60000000000,1.000000,94521690270287,12619574150908,10117011934956,3314641442,179,9
129,120,60000000000,1.000000,94645184559511,12496079861684,10117011934956,3314641442,179,9
129,125,60000000000,1.000000,94699518258879,12441746162316,10117011934956,3314641442,179,9
129,130,60000000000,1.000000,94849287835367,12291976585828,10117011934956,3314641442,179,9
129,135,60000000000,1.000000,94880761038063,12260503383132,10117011934956,3314641442,179,9
129,140,60000000000,1.000000,95023412920679,12117851500516,10117011934956,3314641442,179,9
129,145,60000000000,1.000000,95161980335119,11979284086076,10117011934956,3314641442,179,9
129,150,60000000000,1.000000,95202891909847,11938372511348,10117011934956,3314641442,179,9
129,155,60000000000,1.000000,95340857533359,11800406887836,10117011934956,3314641442,179,9
129,160,60000000000,1.000000,95456335507503,11684928913692,10117011934956,3314641442,179,9
129,165,60000000000,1.000000,95507142274127,11634122147068,10117011934956,3314641442,179,9
129,170,60000000000,1.000000,95647189942767,11494074478428,10117011934956,3314641442,179,9
129,175,60000000000,1.000000,95676620143271,11464644277924,10117011934956,3314641442,179,9
129,180,60000000000,1.000000,95810012144695,11331252276500,10117011934956,3314641442,179,9
129,185,60000000000,1.000000,95939584810879,11201679610316,10117011934956,3314641442,179,9
129,190,60000000000,1.000000,95977840715631,11163423705564,10117011934956,3314641442,179,9
129,195,60000000000,1.000000,96106850654495,11034413766700,10117011934956,3314641442,179,9
130,0,60000000000,1.000000,100545579230828,2969165825273,10084974943899,2893311528,0,0
130,5,60000000000,1.000000,100553498593104,2955187902912,10091033503984,2893311528,0,0
130,10,60000000000,1.000000,100575832577372,2931901050830,10091986371798,2893311528,0,0
130,15,60000000000,1.000000,100600857066988,2906876561214,10091986371798,2893311528,0,0
130,20,60000000000,1.000000,100626599769524,2881133858678,10091986371798,2893311528,0,0
130,25,60000000000,1.000000,100648597352820,2859136275382,10091986371798,2893311528,0,0
130,30,72000000000,0.739542,99892181800270,4873412878468,10103445044573,2852831691,35,1
130,35,60000000000,0.428995,97871175813307,13070028779335,10121566319522,2720927359,171,9
130,40,60000000000,0.904760,94250316052964,10199206339214,10121566319522,2720927359,171,9
130,45,60000000000,1.000000,91636826784802,9893218045318,10121566319522,2720927359,171,9
130,50,60000000000,1.000000,91705734868940,9824309961180,10121566319522,2720927359,171,9
130,55,60000000000,1.000000,91758205937377,9771838892743,10121566319522,2720927359,171,9
130,60,60000000000,1.000000,91843510771576,9686534058544,10121566319522,2720927359,171,9
130,65,60000000000,1.000000,91952421418268,9577623411852,10121566319522,2720927359,171,9
130,70,60000000000,1.000000,92008962990644,9521081839476,10121566319522,2720927359,171,9
130,75,60000000000,1.000000,92095577755380,9434467074740,10121566319522,2720927359,171,9
130,80,60000000000,1.000000,92176476758780,9353568071340,10121566319522,2720927359,171,9
130,85,60000000000,1.000000,92232704194932,9297340635188,10121566319522,2720927359,171,9
130,90,60000000000,1.000000,92341603539708,9188441290412,10121566319522,2720927359,171,9
130,95,60000000000,1.000000,92392499893100,9137544937020,10121566319522,2720927359,171,9
130,100,60000000000,1.000000,92472283944668,9057760885452,10121566319522,2720927359,171,9
130,105,60000000000,1.000000,92574128251276,8955916578844,10121566319522,2720927359,171,9
130,110,60000000000,1.000000,92626999572484,8903045257636,10121566319522,2720927359,171,9
130,115,60000000000,1.000000,92707991962052,8822052868068,10121566319522,2720927359,171,9
130,120,60000000000,1.000000,92783639614124,8746405215996,10121566319522,2720927359,171,9
130,125,60000000000,1.000000,92836217190452,8693827639668,10121566319522,2720927359,171,9
130,130,60000000000,1.000000,92938047613620,8591997216500,10121566319522,2720927359,171,9
130,135,60000000000,1.000000,92985640160716,8544404669404,10121566319522,2720927359,171,9
130,140,60000000000,1.000000,93060245235244,8469799594876,10121566319522,2720927359,171,9
130,145,60000000000,1.000000,93155478579932,8374566250188,10121566319522,2720927359,171,9
130,150,60000000000,1.000000,93204917894876,8325126935244,10121566319522,2720927359,171,9
130,155,60000000000,1.000000,93280652871244,8249391958876,10121566319522,2720927359,171,9
130,160,60000000000,1.000000,93351390050148,8178654779972,10121566319522,2720927359,171,9
130,165,60000000000,1.000000,93400554688004,8129490142116,10121566319522,2720927359,171,9
130,170,60000000000,1.000000,93495775050244,8034269779876,10121566319522,2720927359,171,9
130,175,60000000000,1.000000,93540278249172,7989766580948,10121566319522,2720927359,171,9
130,180,60000000000,1.000000,93610040526572,7920004303548,10121566319522,2720927359,171,9
130,185,60000000000,1.000000,93699092042988,7830952787132,10121566319522,2720927359,171,9
130,190,60000000000,1.000000,93745322131644,7784722698476,10121566319522,2720927359,171,9
130,195,60000000000,1.000000,93816140966252,7713903863868,10121566319522,2720927359,171,9
131,0,60000000000,1.000000,125774271180974,3091942160065,10115208658961,4638656486,0,0
131,5,60000000000,1.000000,125782784535650,3076543244860,10122094219490,4638656486,0,0
131,10,60000000000,1.000000,125806615858406,3051651630744,10123154510850,4638656486,0,0
131,15,60000000000,1.000000,125833121881718,3025145607432,10123154510850,4638656486,0,0
131,20,60000000000,1.000000,125855249942246,3003017546904,10123154510850,4638656486,0,0
131,25,60000000000,1.000000,125880506386118,2977761103032,10123154510850,4638656486,0,0
131,30,72000000000,0.861943,125342127920769,4071830697969,10129610004754,4593981134,37,2
131,35,60000000000,0.226979,123398542858029,23942340088173,10148464782557,4506430750,160,6
131,40,60000000000,0.756917,110534162871512,24175423860175,10148464782557,4506430750,160,6
131,45,60000000000,1.000000,106877584080608,20456273952703,10148464782557,4506430750,160,6
131,50,60000000000,1.000000,107017657945745,20316200087566,10148464782557,4506430750,160,6
131,55,60000000000,1.000000,107070199785367,20263658247944,10148464782557,4506430750,160,6
131,60,60000000000,1.000000,107297166658301,20036691375010,10148464782557,4506430750,160,6
131,65,60000000000,1.000000,107541234377385,19792623655926,10148464782557,4506430750,160,6
131,70,60000000000,1.000000,107587830675225,19746027358086,10148464782557,4506430750,160,6
131,75,60000000000,1.000000,107823026131241,19510831902070,10148464782557,4506430750,160,6
131,80,60000000000,1.000000,108013062439545,19320795593766,10148464782557,4506430750,160,6
131,85,60000000000,1.000000,108094720098761,19239137934550,10148464782557,4506430750,160,6
131,90,60000000000,1.000000,108335454147049,18998403886262,10148464782557,4506430750,160,6
131,95,60000000000,1.000000,108385554449281,18948303584030,10148464782557,4506430750,160,6
131,100,60000000000,1.000000,108597791944153,18736066089158,10148464782557,4506430750,160,6
131,105,60000000000,1.000000,108826021749777,18507836283534,10148464782557,4506430750,160,6
131,110,60000000000,1.000000,108869593368473,18464264664838,10148464782557,4506430750,160,6
131,115,60000000000,1.000000,109089521714649,18244336318662,10148464782557,4506430750,160,6
131,120,60000000000,1.000000,109267222303441,18066635729870,10148464782557,4506430750,160,6
131,125,60000000000,1.000000,109343579365145,17990278668166,10148464782557,4506430750,160,6
131,130,60000000000,1.000000,109568686780017,17765171253294,10148464782557,4506430750,160,6
131,135,60000000000,1.000000,109615534949617,17718323083694,10148464782557,4506430750,160,6
131,140,60000000000,1.000000,109813995592033,17519862441278,10148464782557,4506430750,160,6
131,145,60000000000,1.000000,110027410445401,17306447587910,10148464782557,4506430750,160,6
131,150,60000000000,1.000000,110068153724153,17265704309158,10148464782557,4506430750,160,6
131,155,60000000000,1.000000,110273805985985,17060052047326,10148464782557,4506430750,160,6
131,160,60000000000,1.000000,110439971596873,16893886436438,10148464782557,4506430750,160,6
131,165,60000000000,1.000000,110511372135689,16822485897622,10148464782557,4506430750,160,6
131,170,60000000000,1.000000,110721867280137,16611990753174,10148464782557,4506430750,160,6
131,175,60000000000,1.000000,110765674420849,16568183612462,10148464782557,4506430750,160,6
131,180,60000000000,1.000000,110951252499689,16382605533622,10148464782557,4506430750,160,6
131,185,60000000000,1.000000,111150814075233,16183043958078,10148464782557,4506430750,160,6
131,190,60000000000,1.000000,111188912608441,16144945424870,10148464782557,4506430750,160,6
131,195,60000000000,1.000000,111381215481169,15952642552142,10148464782557,4506430750,160,6
132,0,60000000000,1.000000,113603398839260,2994008852208,10101034308532,3409723758,0,0
132,5,60000000000,1.000000,113610057918784,2981590630397,10106793450819,3409723758,0,0
132,10,60000000000,1.000000,113633988364386,2956874625984,10107579009630,3409723758,0,0
132,15,60000000000,1.000000,113660593039578,2930269950792,10107579009630,3409723758,0,0
132,20,60000000000,1.000000,113684672217410,2906190772960,10107579009630,3409723758,0,0
132,25,60000000000,1.000000,113709280341794,2881582648576,10107579009630,3409723758,0,0
132,30,72000000000,0.368471,113328432962522,8843313840798,10111508583361,3385951531,30,2
132,35,60000000000,0.377267,110440452080851,16243616384028,10129810258342,3160573185,165,8
132,40,60000000000,0.937104,103859214520992,13562446300369,10129810258342,3160573185,165,8
132,45,60000000000,1.000000,102631512169117,11323062293457,10129810258342,3160573185,165,8
132,50,60000000000,1.000000,102761167908533,11193406554041,10129810258342,3160573185,165,8
132,55,60000000000,1.000000,102802265789542,11152308673032,10129810258342,3160573185,165,8
132,60,60000000000,1.000000,102919235478626,11035338983948,10129810258342,3160573185,165,8
132,65,60000000000,1.000000,103042295733392,10912278729182,10129810258342,3160573185,165,8
132,70,60000000000,1.000000,103091172333168,10863402129406,10129810258342,3160573185,165,8
132,75,60000000000,1.000000,103206952967000,10747621495574,10129810258342,3160573185,165,8
132,80,60000000000,1.000000,103318042382584,10636532079990,10129810258342,3160573185,165,8
132,85,60000000000,1.000000,103358946878512,10595627584062,10129810258342,3160573185,165,8
132,90,60000000000,1.000000,103486500746560,10468073716014,10129810258342,3160573185,165,8
132,95,60000000000,1.000000,103526116975320,10428457487254,10129810258342,3160573185,165,8
132,100,60000000000,1.000000,103635566124360,10319008338214,10129810258342,3160573185,165,8
132,105,60000000000,1.000000,103750638293400,10203936169174,10129810258342,3160573185,165,8
132,110,60000000000,1.000000,103796342194000,10158232268574,10129810258342,3160573185,165,8
132,115,60000000000,1.000000,103904607224808,10049967237766,10129810258342,3160573185,165,8
132,120,60000000000,1.000000,104008485555944,9946088906630,10129810258342,3160573185,165,8
132,125,60000000000,1.000000,104046734841376,9907839621198,10129810258342,3160573185,165,8
132,130,60000000000,1.000000,104166008877168,9788565585406,10129810258342,3160573185,165,8
132,135,60000000000,1.000000,104203053520152,9751520942422,10129810258342,3160573185,165,8
132,140,60000000000,1.000000,104305398058296,9649176404278,10129810258342,3160573185,165,8
132,145,60000000000,1.000000,104413000612800,9541573849774,10129810258342,3160573185,165,8
132,150,60000000000,1.000000,104455737761872,9498836700702,10129810258342,3160573185,165,8
132,155,60000000000,1.000000,104556975045904,9397599416670,10129810258342,3160573185,165,8
132,160,60000000000,1.000000,104654110381456,9300464081118,10129810258342,3160573185,165,8
132,165,60000000000,1.000000,104689876812680,9264697649894,10129810258342,3160573185,165,8
132,170,60000000000,1.000000,104801408480440,9153165982134,10129810258342,3160573185,165,8
132,175,60000000000,1.000000,104836048465432,9118525997142,10129810258342,3160573185,165,8
132,180,60000000000,1.000000,104931749570384,9022824892190,10129810258342,3160573185,165,8
132,185,60000000000,1.000000,105032367381016,8922207081558,10129810258342,3160573185,165,8
132,190,60000000000,1.000000,105072330357824,8882244104750,10129810258342,3160573185,165,8
132,195,60000000000,1.000000,105166996083248,8787578379326,10129810258342,3160573185,165,8
133,0,60000000000,1.000000,100519145949947,2966176721477,10083406328576,3067219096,0,0
133,5,60000000000,1.000000,100525475013981,2953377181596,10089876804423,3067219096,0,0
133,10,60000000000,1.000000,100549289736153,2928299097480,10091140166367,3067219096,0,0
133,15,60000000000,1.000000,100574459845073,2903128988560,10091140166367,3067219096,0,0
133,20,60000000000,1.000000,100598478344161,2879110489472,10091140166367,3067219096,0,0
133,25,60000000000,1.000000,100620407673793,2857181159840,10091140166367,3067219096,0,0
133,30,72000000000,0.910573,99986503219380,3826240012104,10098154907967,3014319033,42,1
133,35,60000000000,0.496171,96142929496947,14639092394398,10162305315123,2737013311,194,7
133,40,60000000000,0.972653,92045370379659,11680477528174,10162305315123,2737013311,194,7
133,45,60000000000,1.000000,88321205536720,11405627739766,10162305315123,2737013311,194,7
133,50,60000000000,1.000000,88445952369447,11280880907039,10162305315123,2737013311,194,7
133,55,60000000000,1.000000,88501942155902,11224891120584,10162305315123,2737013311,194,7
133,60,60000000000,1.000000,88602357045653,11124476230833,10162305315123,2737013311,194,7
133,65,60000000000,1.000000,88697029126238,11029804150248,10162305315123,2737013311,194,7
133,70,60000000000,1.000000,88792448066806,10934385209680,10162305315123,2737013311,194,7
133,75,60000000000,1.000000,88894323302182,10832509974304,10162305315123,2737013311,194,7
133,80,60000000000,1.000000,88972636104518,10754197171968,10162305315123,2737013311,194,7
133,85,60000000000,1.000000,89047669577878,10679163698608,10162305315123,2737013311,194,7
133,90,60000000000,1.000000,89175066992102,10551766284384,10162305315123,2737013311,194,7
133,95,60000000000,1.000000,89230486162358,10496347114128,10162305315123,2737013311,194,7
133,100,60000000000,1.000000,89324465992798,10402367283688,10162305315123,2737013311,194,7
133,105,60000000000,1.000000,89413000547558,10313832728928,10162305315123,2737013311,194,7
133,110,60000000000,1.000000,89502225612422,10224607664064,10162305315123,2737013311,194,7
133,115,60000000000,1.000000,89597487878214,10129345398272,10162305315123,2737013311,194,7
133,120,60000000000,1.000000,89670717205846,10056116070640,10162305315123,2737013311,194,7
133,125,60000000000,1.000000,89740880073662,9985953202824,10162305315123,2737013311,194,7
133,130,60000000000,1.000000,89860007811502,9866825464984,10162305315123,2737013311,194,7
133,135,60000000000,1.000000,89911829588438,9815003688048,10162305315123,2737013311,194,7
133,140,60000000000,1.000000,89999708959294,9727124317192,10162305315123,2737013311,194,7
133,145,60000000000,1.000000,90082496520614,9644336755872,10162305315123,2737013311,194,7
133,150,60000000000,1.000000,90165929769190,9560903507296,10162305315123,2737013311,194,7
133,155,60000000000,1.000000,90255008329206,9471824947280,10162305315123,2737013311,194,7
133,160,60000000000,1.000000,90323484162894,9403349113592,10162305315123,2737013311,194,7
133,165,60000000000,1.000000,90389092588206,9337740688280,10162305315123,2737013311,194,7
133,170,60000000000,1.000000,90500487454534,9226345821952,10162305315123,2737013311,194,7
133,175,60000000000,1.000000,90548945353798,9177887922688,10162305315123,2737013311,194,7
133,180,60000000000,1.000000,90631120260598,9095713015888,10162305315123,2737013311,194,7
133,185,60000000000,1.000000,90708533879638,9018299396848,10162305315123,2737013311,194,7
133,190,60000000000,1.000000,90786551273014,8940282003472,10162305315123,2737013311,194,7
133,195,60000000000,1.000000,90869847526950,8856985749536,10162305315123,2737013311,194,7
134,0,60000000000,1.000000,106145904074307,3014044814168,10090689111525,3229239228,0,0
134,5,60000000000,1.000000,106153427302981,3000267217713,10096943479306,3229239228,0,0
134,10,60000000000,1.000000,106177056498158,2976114520193,10097466981649,3229239228,0,0
134,15,60000000000,1.000000,106200609688022,2952561330329,10097466981649,3229239228,0,0
134,20,60000000000,1.000000,106225572411598,2927598606753,10097466981649,3229239228,0,0
134,25,60000000000,1.000000,106250898799198,2902272219153,10097466981649,3229239228,0,0
134,30,72000000000,0.539310,105942138509243,5949576161605,10099835185489,3206449434,40,0
134,35,60000000000,0.319546,103729192328127,16918865499765,10115091229901,3027551624,192,6
134,40,60000000000,0.997589,96754381567982,12411087376202,10115091229901,3027551624,192,6
134,45,60000000000,1.000000,95284496574270,11686804336714,10115091229901,3027551624,192,6
134,50,60000000000,1.000000,95436150152109,11535150758875,10115091229901,3027551624,192,6
134,55,60000000000,1.000000,95498988228923,11472312682061,10115091229901,3027551624,192,6
134,60,60000000000,1.000000,95596810913814,11374489997170,10115091229901,3027551624,192,6
134,65,60000000000,1.000000,95726513309754,11244787601230,10115091229901,3027551624,192,6
134,70,60000000000,1.000000,95773813440818,11197487470166,10115091229901,3027551624,192,6
134,75,60000000000,1.000000,95895706109058,11075594801926,10115091229901,3027551624,192,6
134,80,60000000000,1.000000,96008665802266,10962635108718,10115091229901,3027551624,192,6
134,85,60000000000,1.000000,96052878865170,10918422045814,10115091229901,3027551624,192,6
134,90,60000000000,1.000000,96183449426922,10787851484062,10115091229901,3027551624,192,6
134,95,60000000000,1.000000,96243542468890,10727758442094,10115091229901,3027551624,192,6
134,100,60000000000,1.000000,96335106664266,10636194246718,10115091229901,3027551624,192,6
134,105,60000000000,1.000000,96456439829922,10514861081062,10115091229901,3027551624,192,6
134,110,60000000000,1.000000,96500669594290,10470631316694,10115091229901,3027551624,192,6
134,115,60000000000,1.000000,96614649912474,10356650998510,10115091229901,3027551624,192,6
134,120,60000000000,1.000000,96720277116738,10251023794246,10115091229901,3027551624,192,6
134,125,60000000000,1.000000,96761620202098,10209680708886,10115091229901,3027551624,192,6
134,130,60000000000,1.000000,96883715110682,10087585800302,10115091229901,3027551624,192,6
134,135,60000000000,1.000000,96939907367010,10031393543974,10115091229901,3027551624,192,6
134,140,60000000000,1.000000,97025527907666,9945773003318,10115091229901,3027551624,192,6
134,145,60000000000,1.000000,97138985042042,9832315868942,10115091229901,3027551624,192,6
134,150,60000000000,1.000000,97180343744650,9790957166334,10115091229901,3027551624,192,6
134,155,60000000000,1.000000,97286925323002,9684375587982,10115091229901,3027551624,192,6
134,160,60000000000,1.000000,97385696008274,9585604902710,10115091229901,3027551624,192,6
134,165,60000000000,1.000000,97424355413186,9546945497798,10115091229901,3027551624,192,6
134,170,60000000000,1.000000,97538524843930,9432776067054,10115091229901,3027551624,192,6
134,175,60000000000,1.000000,97591069524026,9380231386958,10115091229901,3027551624,192,6
134,180,60000000000,1.000000,97671132226754,9300168684230,10115091229901,3027551624,192,6
134,185,60000000000,1.000000,97777224582234,9194076328750,10115091229901,3027551624,192,6
134,190,60000000000,1.000000,97815898590738,9155402320246,10115091229901,3027551624,192,6
134,195,60000000000,1.000000,97915561699298,9055739211686,10115091229901,3027551624,192,6
135,0,60000000000,1.000000,93306689273433,2955942097259,10078782629308,2988518060,0,0
135,5,60000000000,1.000000,93315238333035,2941588495918,10084587171047,2988518060,0,0
135,10,60000000000,1.000000,93336447997546,2919128987782,10085837014672,2988518060,0,0
135,15,60000000000,1.000000,93360326748546,2895250236782,10085837014672,2988518060,0,0
135,20,60000000000,1.000000,93388097734514,2867479250814,10085837014672,2988518060,0,0
135,25,60000000000,1.000000,93410100545706,2845476439622,10085837014672,2988518060,0,0
135,30,72000000000,0.538081,92834542053057,6345034501847,10092727490486,2952000160,31,2
135,35,60000000000,0.529186,89006826900683,13644941036743,10113872677390,2634551551,169,7
135,40,60000000000,1.000000,80972149152542,14632836349016,10113872677390,2634551551,169,7
135,45,60000000000,1.000000,79688608950628,12869989055832,10113872677390,2634551551,169,7
135,50,60000000000,1.000000,79777785031287,12780812975173,10113872677390,2634551551,169,7
135,55,60000000000,1.000000,79825765832177,12732832174283,10113872677390,2634551551,169,7
135,60,60000000000,1.000000,79957550948843,12601047057617,10113872677390,2634551551,169,7
135,65,60000000000,1.000000,80102605271787,12455992734673,10113872677390,2634551551,169,7
135,70,60000000000,1.000000,80156653881779,12401944124681,10113872677390,2634551551,169,7
135,75,60000000000,1.000000,80285080300099,12273517706361,10113872677390,2634551551,169,7
135,80,60000000000,1.000000,80412654279667,12145943726793,10113872677390,2634551551,169,7
135,85,60000000000,1.000000,80459317138147,12099280868313,10113872677390,2634551551,169,7
135,90,60000000000,1.000000,80605102355291,11953495651169,10113872677390,2634551551,169,7
135,95,60000000000,1.000000,80652255555651,11906342450809,10113872677390,2634551551,169,7
135,100,60000000000,1.000000,80775499250611,11783098755849,10113872677390,2634551551,169,7
135,105,60000000000,1.000000,80911154066083,11647443940377,10113872677390,2634551551,169,7
135,110,60000000000,1.000000,80961694249043,11596903757417,10113872677390,2634551551,169,7
135,115,60000000000,1.000000,81081784195795,11476813810665,10113872677390,2634551551,169,7
135,120,60000000000,1.000000,81201077037771,11357520968689,10113872677390,2634551551,169,7
135,125,60000000000,1.000000,81244710896403,11313887110057,10113872677390,2634551551,169,7
135,130,60000000000,1.000000,81381032840291,11177565166169,10113872677390,2634551551,169,7
135,135,60000000000,1.000000,81425125211707,11133472794753,10113872677390,2634551551,169,7
135,140,60000000000,1.000000,81540368858363,11018229148097,10113872677390,2634551551,169,7
135,145,60000000000,1.000000,81667217989427,10891380017033,10113872677390,2634551551,169,7
135,150,60000000000,1.000000,81714477486147,10844120520313,10113872677390,2634551551,169,7
135,155,60000000000,1.000000,81826772102155,10731825904305,10113872677390,2634551551,169,7
135,160,60000000000,1.000000,81938321355251,10620276651209,10113872677390,2634551551,169,7
135,165,60000000000,1.000000,81979122833859,10579475172601,10113872677390,2634551551,169,7
135,170,60000000000,1.000000,82106595788411,10452002218049,10113872677390,2634551551,169,7
135,175,60000000000,1.000000,82147826016499,10410771989961,10113872677390,2634551551,169,7
135,180,60000000000,1.000000,82255588917459,10303009089001,10113872677390,2634551551,169,7
135,185,60000000000,1.000000,82374203962619,10184394043841,10113872677390,2634551551,169,7
135,190,60000000000,1.000000,82418395730235,10140202276225,10113872677390,2634551551,169,7
135,195,60000000000,1.000000,82523401029163,10035196977297,10113872677390,2634551551,169,7
136,0,60000000000,1.000000,112128494097831,3115637393392,10107904508777,4766993522,0,0
136,5,60000000000,1.000000,112137280550754,3100397701609,10114357747637,4766993522,0,0
136,10,60000000000,1.000000,112162131952765,3074782375866,10115121671369,4766993522,0,0
136,15,60000000000,1.000000,112185683911541,3051230417090,10115121671369,4766993522,0,0
136,20,60000000000,1.000000,112213687352173,3023226976458,10115121671369,4766993522,0,0
136,25,60000000000,1.000000,112235888841853,3001025486778,10115121671369,4766993522,0,0
136,30,72000000000,1.000000,109915422429969,4332342369801,10144735984793,4668338383,38,3
136,35,60000000000,0.415710,104173882781940,26397981632716,10204260830485,4165576923,190,10
136,40,60000000000,1.000000,98913518183912,12806838594420,10204260830485,4165576923,190,10
136,45,60000000000,1.000000,97353360964588,11193758059884,10204260830485,4165576923,190,10
136,50,60000000000,1.000000,97584081286092,10963037738380,10204260830485,4165576923,190,10
136,55,60000000000,1.000000,97671197734257,10875921290215,10204260830485,4165576923,190,10
136,60,60000000000,1.000000,97737211720848,10809907303624,10204260830485,4165576923,190,10
136,65,60000000000,1.000000,97859614730958,10687504293514,10204260830485,4165576923,190,10
136,70,60000000000,1.000000,97929486761990,10617632262482,10204260830485,4165576923,190,10
136,75,60000000000,1.000000,98019593791038,10527525233434,10204260830485,4165576923,190,10
136,80,60000000000,1.000000,98123359143542,10423759880930,10204260830485,4165576923,190,10
136,85,60000000000,1.000000,98179311788166,10367807236306,10204260830485,4165576923,190,10
136,90,60000000000,1.000000,98292905083622,10254213940850,10204260830485,4165576923,190,10
136,95,60000000000,1.000000,98377142833950,10169976190522,10204260830485,4165576923,190,10
136,100,60000000000,1.000000,98438872607750,10108246416722,10204260830485,4165576923,190,10
136,105,60000000000,1.000000,98553366634318,9993752390154,10204260830485,4165576923,190,10
136,110,60000000000,1.000000,98618703101606,9928415922866,10204260830485,4165576923,190,10
136,115,60000000000,1.000000,98702961064086,9844157960386,10204260830485,4165576923,190,10
136,120,60000000000,1.000000,98799990754894,9747128269578,10204260830485,4165576923,190,10
136,125,60000000000,1.000000,98852311377158,9694807647314,10204260830485,4165576923,190,10
136,130,60000000000,1.000000,98958531055246,9588587969226,10204260830485,4165576923,190,10
136,135,60000000000,1.000000,99037300728166,9509818296306,10204260830485,4165576923,190,10
136,140,60000000000,1.000000,99095023472006,9452095552466,10204260830485,4165576923,190,10
136,145,60000000000,1.000000,99202085412478,9345033611994,10204260830485,4165576923,190,10
136,150,60000000000,1.000000,99263180730550,9283938293922,10204260830485,4165576923,190,10
136,155,60000000000,1.000000,99341969303502,9205149720970,10204260830485,4165576923,190,10
136,160,60000000000,1.000000,99432700560758,9114418463714,10204260830485,4165576923,190,10
136,165,60000000000,1.000000,99481624923854,9065494100618,10204260830485,4165576923,190,10
136,170,60000000000,1.000000,99580949623926,8966169400546,10204260830485,4165576923,190,10
136,175,60000000000,1.000000,99654606165422,8892512859050,10204260830485,4165576923,190,10
136,180,60000000000,1.000000,99708581985542,8838537038930,10204260830485,4165576923,190,10
136,185,60000000000,1.000000,99808694274790,8738424749682,10204260830485,4165576923,190,10
136,190,60000000000,1.000000,99865823747086,8681295277386,10204260830485,4165576923,190,10
136,195,60000000000,1.000000,99939497962030,8607621062442,10204260830485,4165576923,190,10
137,0,60000000000,1.000000,107074353386047,3023258711117,10096945902836,3301575010,0,0
137,5,60000000000,1.000000,107082194800523,3009804972741,10102558226736,3301575010,0,0
137,10,60000000000,1.000000,107106033947927,2984887966825,10103636085248,3301575010,0,0
137,15,60000000000,1.000000,107132046433191,2958875481561,10103636085248,3301575010,0,0
137,20,60000000000,1.000000,107155765859911,2935156054841,10103636085248,3301575010,0,0
137,25,60000000000,1.000000,107182827616111,2908094298641,10103636085248,3301575010,0,0
137,30,72000000000,0.585365,105601648442605,7626427880271,10128665049170,3195204208,35,2
137,35,60000000000,0.566883,100250743991594,17200270790559,10193272756123,2831135310,171,11
137,40,60000000000,1.000000,94731055775378,14746779222522,10193272756123,2831135310,171,11
137,45,60000000000,1.000000,92981609630760,11651429206170,10193272756123,2831135310,171,11
137,50,60000000000,1.000000,93063535816337,11569503020593,10193272756123,2831135310,171,11
137,55,60000000000,1.000000,93121281113847,11511757723083,10193272756123,2831135310,171,11
137,60,60000000000,1.000000,93225794055783,11407244781147,10193272756123,2831135310,171,11
137,65,60000000000,1.000000,93360228371288,11272810465642,10193272756123,2831135310,171,11
137,70,60000000000,1.000000,93404211581696,11228827255234,10193272756123,2831135310,171,11
137,75,60000000000,1.000000,93522474342272,11110564494658,10193272756123,2831135310,171,11
137,80,60000000000,1.000000,93630021107896,11003017729034,10193272756123,2831135310,171,11
137,85,60000000000,1.000000,93681876628344,10951162208586,10193272756123,2831135310,171,11
137,90,60000000000,1.000000,93813369556456,10819669280474,10193272756123,2831135310,171,11
137,95,60000000000,1.000000,93868473619592,10764565217338,10193272756123,2831135310,171,11
137,100,60000000000,1.000000,93966266045624,10666772791306,10193272756123,2831135310,171,11
137,105,60000000000,1.000000,94091973923976,10541064912954,10193272756123,2831135310,171,11
137,110,60000000000,1.000000,94133102076992,10499936759938,10193272756123,2831135310,171,11
137,115,60000000000,1.000000,94243688113744,10389350723186,10193272756123,2831135310,171,11
137,120,60000000000,1.000000,94344253756808,10288785080122,10193272756123,2831135310,171,11
137,125,60000000000,1.000000,94392743209080,10240295627850,10193272756123,2831135310,171,11
137,130,60000000000,1.000000,94515700611136,10117338225794,10193272756123,2831135310,171,11
137,135,60000000000,1.000000,94567227735328,10065811101602,10193272756123,2831135310,171,11
137,140,60000000000,1.000000,94658672216792,9974366620138,10193272756123,2831135310,171,11
137,145,60000000000,1.000000,94776220090496,9856818746434,10193272756123,2831135310,171,11
137,150,60000000000,1.000000,94814678515024,9818360321906,10193272756123,2831135310,171,11
137,155,60000000000,1.000000,94918086142896,9714952694034,10193272756123,2831135310,171,11
137,160,60000000000,1.000000,95012123825296,9620915011634,10193272756123,2831135310,171,11
137,165,60000000000,1.000000,95057465709200,9575573127730,10193272756123,2831135310,171,11
137,170,60000000000,1.000000,95172441646808,9460597190122,10193272756123,2831135310,171,11
137,175,60000000000,1.000000,95220624019800,9412414817130,10193272756123,2831135310,171,11
137,180,60000000000,1.000000,95306132617392,9326906219538,10193272756123,2831135310,171,11
137,185,60000000000,1.000000,95416050172384,9216988664546,10193272756123,2831135310,171,11
137,190,60000000000,1.000000,95452012166872,9181026670058,10193272756123,2831135310,171,11
137,195,60000000000,1.000000,95548707353808,9084331483122,10193272756123,2831135310,171,11
138,0,60000000000,1.000000,98898349670447,2898266204635,10079371124918,2891143330,0,0
138,5,60000000000,1.000000,98906105460539,2884620368109,10085261171352,2891143330,0,0
138,10,60000000000,1.000000,98932131490517,2858217862487,10085637646996,2891143330,0,0
138,15,60000000000,1.000000,98950351794113,2839963616887,10085671589000,2891143330,0,0
138,20,60000000000,1.000000,98976843582129,2813471828871,10085671589000,2891143330,0,0
138,25,60000000000,1.000000,99000531862345,2789783548655,10085671589000,2891143330,0,0
138,30,72000000000,0.665805,98818264979913,4462725883704,10086415323536,2873073728,38,1
138,35,60000000000,0.434202,95539615479750,14304922586866,10125144515889,2639707608,181,6
138,40,60000000000,0.731568,88180827252571,18549226395501,10125144515889,2639707608,181,6
138,45,60000000000,1.000000,86615938175855,12331956300053,10125144515889,2639707608,181,6
138,50,60000000000,1.000000,86737563277910,12210331197998,10125144515889,2639707608,181,6
138,55,60000000000,1.000000,86789767000402,12158127475506,10125144515889,2639707608,181,6
138,60,60000000000,1.000000,86906845840259,12041048635649,10125144515889,2639707608,181,6
138,65,60000000000,1.000000,87048332944502,11899561531406,10125144515889,2639707608,181,6
138,70,60000000000,1.000000,87101409458638,11846485017270,10125144515889,2639707608,181,6
138,75,60000000000,1.000000,87221934754558,11725959721350,10125144515889,2639707608,181,6
138,80,60000000000,1.000000,87337496189014,11610398286894,10125144515889,2639707608,181,6
138,85,60000000000,1.000000,87385680514006,11562213961902,10125144515889,2639707608,181,6
138,90,60000000000,1.000000,87529266124926,11418628350982,10125144515889,2639707608,181,6
138,95,60000000000,1.000000,87578835889358,11369058586550,10125144515889,2639707608,181,6
138,100,60000000000,1.000000,87688459520686,11259434955222,10125144515889,2639707608,181,6
138,105,60000000000,1.000000,87820762434910,11127132040998,10125144515889,2639707608,181,6
138,110,60000000000,1.000000,87870393623222,11077500852686,10125144515889,2639707608,181,6
138,115,60000000000,1.000000,87983095328662,10964799147246,10125144515889,2639707608,181,6
138,120,60000000000,1.000000,88091155389062,10856739086846,10125144515889,2639707608,181,6
138,125,60000000000,1.000000,88136211952086,10811682523822,10125144515889,2639707608,181,6
138,130,60000000000,1.000000,88270477071302,10677417404606,10125144515889,2639707608,181,6
138,135,60000000000,1.000000,88316829141558,10631065334350,10125144515889,2639707608,181,6
138,140,60000000000,1.000000,88419336836110,10528557639798,10125144515889,2639707608,181,6
138,145,60000000000,1.000000,88543051646038,10404842829870,10125144515889,2639707608,181,6
138,150,60000000000,1.000000,88589461153166,10358433322742,10125144515889,2639707608,181,6
138,155,60000000000,1.000000,88694847116494,10253047359414,10125144515889,2639707608,181,6
138,160,60000000000,1.000000,88795892735182,10152001740726,10125144515889,2639707608,181,6
138,165,60000000000,1.000000,88838024566998,10109869908910,10125144515889,2639707608,181,6
138,170,60000000000,1.000000,88963574210462,9984320265446,10125144515889,2639707608,181,6
138,175,60000000000,1.000000,89006917454902,9940977021006,10125144515889,2639707608,181,6
138,180,60000000000,1.000000,89102771125246,9845123350662,10125144515889,2639707608,181,6
138,185,60000000000,1.000000,89218455305590,9729439170318,10125144515889,2639707608,181,6
138,190,60000000000,1.000000,89261852258598,9686042217310,10125144515889,2639707608,181,6
138,195,60000000000,1.000000,89360397362574,9587497113334,10125144515889,2639707608,181,6
139,0,60000000000,1.000000,99194363192778,2971978835710,10088020971512,3087952442,0,0
139,5,60000000000,1.000000,99204016527115,2956183450017,10094163022868,3087952442,0,0
139,10,60000000000,1.000000,99225566212662,2934326973796,10094469813542,3087952442,0,0
139,15,60000000000,1.000000,99249046091822,2910847094636,10094469813542,3087952442,0,0
139,20,60000000000,1.000000,99275783904662,2884109281796,10094469813542,3087952442,0,0
139,25,60000000000,1.000000,99299036292830,2860856893628,10094469813542,3087952442,0,0
139,30,72000000000,0.584641,98956380833742,5473435796553,10097984790417,3063922972,36,2
139,35,60000000000,0.321420,97048575275653,15841794109676,10113916234768,2934429194,156,5
139,40,60000000000,0.899404,93416268488971,9699959114782,10113916234768,2934429194,156,5
139,45,60000000000,1.000000,91972616273446,8465003960958,10113916234768,2934429194,156,5
139,50,60000000000,1.000000,92088878673096,8348741561308,10113916234768,2934429194,156,5
139,55,60000000000,1.000000,92139726935062,8297893299342,10113916234768,2934429194,156,5
139,60,60000000000,1.000000,92207026954038,8230593280366,10113916234768,2934429194,156,5
139,65,60000000000,1.000000,92293172046919,8144448187485,10113916234768,2934429194,156,5
139,70,60000000000,1.000000,92352913269127,8084706965277,10113916234768,2934429194,156,5
139,75,60000000000,1.000000,92421130448479,8016489785925,10113916234768,2934429194,156,5
139,80,60000000000,1.000000,92493845132359,7943775102045,10113916234768,2934429194,156,5
139,85,60000000000,1.000000,92538491955767,7899128278637,10113916234768,2934429194,156,5
139,90,60000000000,1.000000,92628799110479,7808821123925,10113916234768,2934429194,156,5
139,95,60000000000,1.000000,92678362893007,7759257341397,10113916234768,2934429194,156,5
139,100,60000000000,1.000000,92741294311775,7696325922629,10113916234768,2934429194,156,5
139,105,60000000000,1.000000,92821847986655,7615772247749,10113916234768,2934429194,156,5
139,110,60000000000,1.000000,92877711260663,7559908973741,10113916234768,2934429194,156,5
139,115,60000000000,1.000000,92941500296807,7496119937597,10113916234768,2934429194,156,5
139,120,60000000000,1.000000,93009494893559,7428125340845,10113916234768,2934429194,156,5
139,125,60000000000,1.000000,93051243582743,7386376651661,10113916234768,2934429194,156,5
139,130,60000000000,1.000000,93135688680015,7301931554389,10113916234768,2934429194,156,5
139,135,60000000000,1.000000,93182035156663,7255585077741,10113916234768,2934429194,156,5
139,140,60000000000,1.000000,93240881543871,7196738690533,10113916234768,2934429194,156,5
139,145,60000000000,1.000000,93316206283663,7121413950741,10113916234768,2934429194,156,5
139,150,60000000000,1.000000,93368443336367,7069176898037,10113916234768,2934429194,156,5
139,155,60000000000,1.000000,93428091670991,7009528563413,10113916234768,2934429194,156,5
139,160,60000000000,1.000000,93491672572919,6945947661485,10113916234768,2934429194,156,5
139,165,60000000000,1.000000,93530711253127,6906908981277,10113916234768,2934429194,156,5
139,170,60000000000,1.000000,93609674813895,6827945420509,10113916234768,2934429194,156,5
139,175,60000000000,1.000000,93653012827903,6784607406501,10113916234768,2934429194,156,5
139,180,60000000000,1.000000,93708039352639,6729580881765,10113916234768,2934429194,156,5
139,185,60000000000,1.000000,93778474580039,6659145654365,10113916234768,2934429194,156,5
139,190,60000000000,1.000000,93827320798591,6610299435813,10113916234768,2934429194,156,5
139,195,60000000000,1.000000,93883097214527,6554523019877,10113916234768,2934429194,156,5
140,0,60000000000,1.000000,101352309745133,2950299989812,10082683265055,2942688414,0,0
140,5,60000000000,1.000000,101359986521090,2937099193898,10088207285012,2942688414,0,0
140,10,60000000000,1.000000,101384260023290,2911877727914,10089155248796,2942688414,0,0
140,15,60000000000,1.000000,101405709946082,2890427805122,10089155248796,2942688414,0,0
140,20,60000000000,1.000000,101431270107570,2864867643634,10089155248796,2942688414,0,0
140,25,60000000000,1.000000,101455755252474,2840382498730,10089155248796,2942688414,0,0
140,30,72000000000,0.655664,100904756349999,5165337310011,10093809468640,2895497099,29,2
140,35,60000000000,0.490299,97636226112747,13533604524035,10113549271051,2608365480,165,10
140,40,60000000000,0.954737,91340295053681,13544507550951,10113549271051,2608365480,165,10
140,45,60000000000,1.000000,89661329671457,11067925392255,10113549271051,2608365480,165,10
140,50,60000000000,1.000000,89740920841035,10988334222677,10113549271051,2608365480,165,10
140,55,60000000000,1.000000,89797533786068,10931721277644,10113549271051,2608365480,165,10
140,60,60000000000,1.000000,89893464184496,10835790879216,10113549271051,2608365480,165,10
140,65,60000000000,1.000000,90018162079183,10711092984529,10113549271051,2608365480,165,10
140,70,60000000000,1.000000,90079459323119,10649795740593,10113549271051,2608365480,165,10
140,75,60000000000,1.000000,90176521098191,10552733965521,10113549271051,2608365480,165,10
140,80,60000000000,1.000000,90281135812263,10448119251449,10113549271051,2608365480,165,10
140,85,60000000000,1.000000,90326426041391,10402829022321,10113549271051,2608365480,165,10
140,90,60000000000,1.000000,90452163161615,10277091902097,10113549271051,2608365480,165,10
140,95,60000000000,1.000000,90507045516175,10222209547537,10113549271051,2608365480,165,10
140,100,60000000000,1.000000,90596824548647,10132430515065,10113549271051,2608365480,165,10
140,105,60000000000,1.000000,90713445182439,10015809881273,10113549271051,2608365480,165,10
140,110,60000000000,1.000000,90770763472927,9958491590785,10113549271051,2608365480,165,10
140,115,60000000000,1.000000,90861524731839,9867730331873,10113549271051,2608365480,165,10
140,120,60000000000,1.000000,90959348649983,9769906413729,10113549271051,2608365480,165,10
140,125,60000000000,1.000000,91001698979903,9727556083809,10113549271051,2608365480,165,10
140,130,60000000000,1.000000,91119274197567,9609980866145,10113549271051,2608365480,165,10
140,135,60000000000,1.000000,91170594004783,9558661058929,10113549271051,2608365480,165,10
140,140,60000000000,1.000000,91254545261631,9474709802081,10113549271051,2608365480,165,10
140,145,60000000000,1.000000,91363595766175,9365659297537,10113549271051,2608365480,165,10
140,150,60000000000,1.000000,91417193386895,9312061676817,10113549271051,2608365480,165,10
140,155,60000000000,1.000000,91502063111455,9227191952257,10113549271051,2608365480,165,10
140,160,60000000000,1.000000,91593537040919,9135718022793,10113549271051,2608365480,165,10
140,165,60000000000,1.000000,91633138307815,9096116755897,10113549271051,2608365480,165,10
140,170,60000000000,1.000000,91743081431863,8986173631849,10113549271051,2608365480,165,10
140,175,60000000000,1.000000,91791069945503,8938185118209,10113549271051,2608365480,165,10
140,180,60000000000,1.000000,91869571721799,8859683341913,10113549271051,2608365480,165,10
140,185,60000000000,1.000000,91971543492535,8757711571177,10113549271051,2608365480,165,10
140,190,60000000000,1.000000,92021661961199,8707593102513,10113549271051,2608365480,165,10
140,195,60000000000,1.000000,92101022585455,8628232478257,10113549271051,2608365480,165,10
141,0,60000000000,1.000000,111198287328439,3132382323737,10100429347824,3903500266,0,0
141,5,60000000000,1.000000,111209646224520,3114285610652,10107167164828,3903500266,0,0
141,10,60000000000,1.000000,111230600964758,3092933398738,10107564636504,3903500266,0,0
141,15,60000000000,1.000000,111257934376734,3065599986762,10107564636504,3903500266,0,0
141,20,60000000000,1.000000,111283464672494,3040069691002,10107564636504,3903500266,0,0
141,25,60000000000,1.000000,111308349478054,3015184885442,10107564636504,3903500266,0,0
141,30,72000000000,0.676626,110442561871942,5728457409182,10112514346161,3832974841,36,1
141,35,60000000000,0.364650,106981393901638,20067004603684,10132280773735,3607315106,167,12
141,40,60000000000,1.000000,100696214037135,12438597315623,10132280773735,3607315106,167,12
141,45,60000000000,1.000000,99121753935698,12023913948951,10132280773735,3607315106,167,12
141,50,60000000000,1.000000,99256251185884,11889416698765,10132280773735,3607315106,167,12
141,55,60000000000,1.000000,99327967682556,11817700202093,10132280773735,3607315106,167,12
141,60,60000000000,1.000000,99425521826428,11720146058221,10132280773735,3607315106,167,12
141,65,60000000000,1.000000,99558449815107,11587218069542,10132280773735,3607315106,167,12
141,70,60000000000,1.000000,99620738566979,11524929317670,10132280773735,3607315106,167,12
141,75,60000000000,1.000000,99728347142275,11417320742374,10132280773735,3607315106,167,12
141,80,60000000000,1.000000,99846287333811,11299380550838,10132280773735,3607315106,167,12
141,85,60000000000,1.000000,99903453563771,11242214320878,10132280773735,3607315106,167,12
141,90,60000000000,1.000000,100026101057955,11119566826694,10132280773735,3607315106,167,12
141,95,60000000000,1.000000,100095068323043,11050599561606,10132280773735,3607315106,167,12
141,100,60000000000,1.000000,100186294611443,10959373273206,10132280773735,3607315106,167,12
141,105,60000000000,1.000000,100310604330907,10835063553742,10132280773735,3607315106,167,12
141,110,60000000000,1.000000,100368849768299,10776818116350,10132280773735,3607315106,167,12
141,115,60000000000,1.000000,100469473208867,10676194675782,10132280773735,3607315106,167,12
141,120,60000000000,1.000000,100579757615499,10565910269150,10132280773735,3607315106,167,12
141,125,60000000000,1.000000,100633213046427,10512454838222,10132280773735,3607315106,167,12
141,130,60000000000,1.000000,100747899193099,10397768691550,10132280773735,3607315106,167,12
141,135,60000000000,1.000000,100812389625019,10333278259630,10132280773735,3607315106,167,12
141,140,60000000000,1.000000,100897694192987,10247973691662,10132280773735,3607315106,167,12
141,145,60000000000,1.000000,101013934665939,10131733218710,10132280773735,3607315106,167,12
141,150,60000000000,1.000000,101068399250043,10077268634606,10132280773735,3607315106,167,12
141,155,60000000000,1.000000,101162490978219,9983176906430,10132280773735,3607315106,167,12
141,160,60000000000,1.000000,101265616555443,9880051329206,10132280773735,3607315106,167,12
141,165,60000000000,1.000000,101315602064115,9830065820534,10132280773735,3607315106,167,12
141,170,60000000000,1.000000,101422843653659,9722824230990,10132280773735,3607315106,167,12
141,175,60000000000,1.000000,101483147854651,9662520029998,10132280773735,3607315106,167,12
141,180,60000000000,1.000000,101562915095387,9582752789262,10132280773735,3607315106,167,12
141,185,60000000000,1.000000,101671610116243,9474057768406,10132280773735,3607315106,167,12
141,190,60000000000,1.000000,101722539271579,9423128613070,10132280773735,3607315106,167,12
141,195,60000000000,1.000000,101810523276371,9335144608278,10132280773735,3607315106,167,12
142,0,60000000000,1.000000,101567408281389,3008576208901,10086890509710,3126527320,0,0
142,5,60000000000,1.000000,101573956494442,2996898855173,10092019650385,3126527320,0,0
142,10,60000000000,1.000000,101600204873319,2969882997036,10092787129645,3126527320,0,0
142,15,60000000000,1.000000,101621623485847,2948464384508,10092787129645,3126527320,0,0
142,20,60000000000,1.000000,101648302340775,2921785529580,10092787129645,3126527320,0,0
142,25,60000000000,1.000000,101675583459623,2894504410732,10092787129645,3126527320,0,0
142,30,72000000000,0.627242,101244524462096,5290595381859,10099866061895,3092855955,33,3
142,35,60000000000,0.387816,99016491543700,14277518418662,10109338905641,2907887077,147,11
142,40,60000000000,0.916992,93224166567932,12354929841169,10109338905641,2907887077,147,11
142,45,60000000000,1.000000,89246068348258,12899495456969,10109338905641,2907887077,147,11
142,50,60000000000,1.000000,89329009547270,12816554257957,10109338905641,2907887077,147,11
142,55,60000000000,1.000000,89366373589371,12779190215856,10109338905641,2907887077,147,11
142,60,60000000000,1.000000,89505059747696,12640504057531,10109338905641,2907887077,147,11
142,65,60000000000,1.000000,89650907832617,12494655972610,10109338905641,2907887077,147,11
142,70,60000000000,1.000000,89697538932513,12448024872714,10109338905641,2907887077,147,11
142,75,60000000000,1.000000,89835229101209,12310334704018,10109338905641,2907887077,147,11
142,80,60000000000,1.000000,89936961932705,12208601872522,10109338905641,2907887077,147,11
142,85,60000000000,1.000000,90009450253505,12136113551722,10109338905641,2907887077,147,11
142,90,60000000000,1.000000,90159911868393,11985651936834,10109338905641,2907887077,147,11
142,95,60000000000,1.000000,90195790846601,11949772958626,10109338905641,2907887077,147,11
142,100,60000000000,1.000000,90325477700041,11820086105186,10109338905641,2907887077,147,11
142,105,60000000000,1.000000,90461966352209,11683597453018,10109338905641,2907887077,147,11
142,110,60000000000,1.000000,90505570513873,11639993291354,10109338905641,2907887077,147,11
142,115,60000000000,1.000000,90634322878497,11511240926730,10109338905641,2907887077,147,11
142,120,60000000000,1.000000,90729451984137,11416111821090,10109338905641,2907887077,147,11
142,125,60000000000,1.000000,90797234911449,11348328893778,10109338905641,2907887077,147,11
142,130,60000000000,1.000000,90937929696425,11207634108802,10109338905641,2907887077,147,11
142,135,60000000000,1.000000,90971479682881,11174084122346,10109338905641,2907887077,147,11
142,140,60000000000,1.000000,91092748246761,11052815558466,10109338905641,2907887077,147,11
142,145,60000000000,1.000000,91220377088249,10925186716978,10109338905641,2907887077,147,11
142,150,60000000000,1.000000,91261150797569,10884413007658,10109338905641,2907887077,147,11
142,155,60000000000,1.000000,91381545532737,10764018272490,10109338905641,2907887077,147,11
142,160,60000000000,1.000000,91470499576457,10675064228770,10109338905641,2907887077,147,11
142,165,60000000000,1.000000,91533882548921,10611681256306,10109338905641,2907887077,147,11
142,170,60000000000,1.000000,91665444492961,10480119312266,10109338905641,2907887077,147,11
142,175,60000000000,1.000000,91696816667945,10448747137282,10109338905641,2907887077,147,11
142,180,60000000000,1.000000,91810213394185,10335350411042,10109338905641,2907887077,147,11
142,185,60000000000,1.000000,91929557536985,10216006268242,10109338905641,2907887077,147,11
142,190,60000000000,1.000000,91967684525433,10177879279794,10109338905641,2907887077,147,11
142,195,60000000000,1.000000,92080264145105,10065299660122,10109338905641,2907887077,147,11
143,0,60000000000,1.000000,90994961214972,2906965232647,10073700552381,2546332974,0,0
143,5,60000000000,1.000000,91001630726205,2894684636572,10079311637223,2546332974,0,0
143,10,60000000000,1.000000,91024132317088,2871198088661,10080296594251,2546332974,0,0
143,15,60000000000,1.000000,91048254684176,2847075721573,10080296594251,2546332974,0,0
143,20,60000000000,1.000000,91071737983888,2823592421861,10080296594251,2546332974,0,0
143,25,60000000000,1.000000,91095808583040,2799521822709,10080296594251,2546332974,0,0
143,30,72000000000,1.000000,88176401259208,4341034984706,10088333134531,2299669164,42,0
143,35,60000000000,0.647507,84733701156127,14070459810315,10131206277344,2027395702,174,5
143,40,60000000000,1.000000,83034604821475,7468213787148,10131206277344,2027395702,174,5
143,45,60000000000,1.000000,81309965449254,6821821919284,10131206277344,2027395702,174,5
143,50,60000000000,1.000000,81412846818463,6718940550075,10131206277344,2027395702,174,5
143,55,60000000000,1.000000,81448758837702,6683028530836,10131206277344,2027395702,174,5
143,60,60000000000,1.000000,81509780919800,6622006448738,10131206277344,2027395702,174,5
143,65,60000000000,1.000000,81573320039817,6558467328721,10131206277344,2027395702,174,5
143,70,60000000000,1.000000,81619776869697,6512010498841,10131206277344,2027395702,174,5
143,75,60000000000,1.000000,81682854186729,6448933181809,10131206277344,2027395702,174,5
143,80,60000000000,1.000000,81732837281801,6398950086737,10131206277344,2027395702,174,5
143,85,60000000000,1.000000,81776096094753,6355691273785,10131206277344,2027395702,174,5
143,90,60000000000,1.000000,81848042801993,6283744566545,10131206277344,2027395702,174,5
143,95,60000000000,1.000000,81882251039465,6249536329073,10131206277344,2027395702,174,5
143,100,60000000000,1.000000,81939410090393,6192377278145,10131206277344,2027395702,174,5
143,105,60000000000,1.000000,81999046099809,6132741268729,10131206277344,2027395702,174,5
143,110,60000000000,1.000000,82042487303705,6089300064833,10131206277344,2027395702,174,5
143,115,60000000000,1.000000,82101470118553,6030317249985,10131206277344,2027395702,174,5
143,120,60000000000,1.000000,82148208689321,5983578679217,10131206277344,2027395702,174,5
143,125,60000000000,1.000000,82188659467313,5943127901225,10131206277344,2027395702,174,5
143,130,60000000000,1.000000,82255935938545,5875851429993,10131206277344,2027395702,174,5
143,135,60000000000,1.000000,82287923636193,5843863732345,10131206277344,2027395702,174,5
143,140,60000000000,1.000000,82341372353849,5790415014689,10131206277344,2027395702,174,5
143,145,60000000000,1.000000,82397137244585,5734650123953,10131206277344,2027395702,174,5
143,150,60000000000,1.000000,82437758574089,5694028794449,10131206277344,2027395702,174,5
143,155,60000000000,1.000000,82492912670817,5638874697721,10131206277344,2027395702,174,5
143,160,60000000000,1.000000,82536617327217,5595170041321,10131206277344,2027395702,174,5
143,165,60000000000,1.000000,82574442346769,5557345021769,10131206277344,2027395702,174,5
143,170,60000000000,1.000000,82637351738433,5494435630105,10131206277344,2027395702,174,5
143,175,60000000000,1.000000,82667263036569,5464524331969,10131206277344,2027395702,174,5
143,180,60000000000,1.000000,82717242267777,5414545100761,10131206277344,2027395702,174,5
143,185,60000000000,1.000000,82769387323657,5362400044881,10131206277344,2027395702,174,5
143,190,60000000000,1.000000,82807371823865,5324415544673,10131206277344,2027395702,174,5
143,195,60000000000,1.000000,82858945733665,5272841634873,10131206277344,2027395702,174,5
144,0,60000000000,1.000000,109498004089044,3061321812550,10095545098406,3376529444,0,0
144,5,60000000000,1.000000,109508770925443,3044681272748,10101418801809,3376529444,0,0
144,10,60000000000,1.000000,109529983155647,3022498533150,10102389311203,3376529444,0,0
144,15,60000000000,1.000000,109556667273495,2995814415302,10102389311203,3376529444,0,0
144,20,60000000000,1.000000,109581611191183,2970870497614,10102389311203,3376529444,0,0
144,25,60000000000,1.000000,109606943850135,2945537838662,10102389311203,3376529444,0,0
144,30,72000000000,0.768946,109238802970943,4307173760250,10104082298907,3339333510,30,2
144,35,60000000000,0.608310,102187049462650,16927853335503,10170431672374,2879159891,189,8
144,40,60000000000,1.000000,97122260585496,11909802948949,10170431672374,2879159891,189,8
144,45,60000000000,1.000000,94365609163061,12463012863509,10170431672374,2879159891,189,8
144,50,60000000000,1.000000,94489511145586,12339110880984,10170431672374,2879159891,189,8
144,55,60000000000,1.000000,94535256257369,12293365769201,10170431672374,2879159891,189,8
144,60,60000000000,1.000000,94663358153358,12165263873212,10170431672374,2879159891,189,8
144,65,60000000000,1.000000,94775444167628,12053177858942,10170431672374,2879159891,189,8
144,70,60000000000,1.000000,94845634243068,11982987783502,10170431672374,2879159891,189,8
144,75,60000000000,1.000000,94979812554172,11848809472398,10170431672374,2879159891,189,8
144,80,60000000000,1.000000,95071498521948,11757123504622,10170431672374,2879159891,189,8
144,85,60000000000,1.000000,95151703947844,11676918078726,10170431672374,2879159891,189,8
144,90,60000000000,1.000000,95289058608548,11539563418022,10170431672374,2879159891,189,8
144,95,60000000000,1.000000,95333125495660,11495496530910,10170431672374,2879159891,189,8
144,100,60000000000,1.000000,95453026474764,11375595551806,10170431672374,2879159891,189,8
144,105,60000000000,1.000000,95557845267364,11270776759206,10170431672374,2879159891,189,8
144,110,60000000000,1.000000,95623479134220,11205142892350,10170431672374,2879159891,189,8
144,115,60000000000,1.000000,95748947604588,11079674421982,10170431672374,2879159891,189,8
144,120,60000000000,1.000000,95834682012868,10993940013702,10170431672374,2879159891,189,8
144,125,60000000000,1.000000,95909681109284,10918940917286,10170431672374,2879159891,189,8
144,130,60000000000,1.000000,96038119744580,10790502281990,10170431672374,2879159891,189,8
144,135,60000000000,1.000000,96079326142572,10749295883998,10170431672374,2879159891,189,8
144,140,60000000000,1.000000,96191444057276,10637177969294,10170431672374,2879159891,189,8
144,145,60000000000,1.000000,96289458806972,10539163219598,10170431672374,2879159891,189,8
144,150,60000000000,1.000000,96350832219604,10477789806966,10170431672374,2879159891,189,8
144,155,60000000000,1.000000,96468156225860,10360465800710,10170431672374,2879159891,189,8
144,160,60000000000,1.000000,96548325404884,10280296621686,10170431672374,2879159891,189,8
144,165,60000000000,1.000000,96618456127284,10210165899286,10170431672374,2879159891,189,8
144,170,60000000000,1.000000,96738557497932,10090064528638,10170431672374,2879159891,189,8
144,175,60000000000,1.000000,96777089088340,10051532938230,10170431672374,2879159891,189,8
144,180,60000000000,1.000000,96881929156156,9946692870414,10170431672374,2879159891,189,8
144,185,60000000000,1.000000,96973581529780,9855040496790,10170431672374,2879159891,189,8
144,190,60000000000,1.000000,97030971044772,9797650981798,10170431672374,2879159891,189,8
144,195,60000000000,1.000000,97140679264276,9687942762294,10170431672374,2879159891,189,8
145,0,60000000000,1.000000,102243228744629,2917760109526,10083645145845,2934685254,0,0
145,5,60000000000,1.000000,102250307114715,2904535720167,10089791165118,2934685254,0,0
145,10,60000000000,1.000000,102273769892923,2880094260535,10090769846542,2934685254,0,0
145,15,60000000000,1.000000,102297461325979,2856402827479,10090769846542,2934685254,0,0
145,20,60000000000,1.000000,102319900653579,2833963499879,10090769846542,2934685254,0,0
145,25,60000000000,1.000000,102345213457387,2808650696071,10090769846542,2934685254,0,0
145,30,72000000000,0.754058,101880439881266,4331044037880,10098337020622,2907765922,38,0
145,35,60000000000,0.492947,98394212777362,13654767517929,10119343736395,2678232866,176,5
145,40,60000000000,0.855460,91721977287750,15667960373150,10119343736395,2678232866,176,5
145,45,60000000000,1.000000,90867923934668,11490857776486,10119343736395,2678232866,176,5
145,50,60000000000,1.000000,90970407838613,11388373872541,10119343736395,2678232866,176,5
145,55,60000000000,1.000000,91033706720847,11325074990307,10119343736395,2678232866,176,5
145,60,60000000000,1.000000,91127843500497,11230938210657,10119343736395,2678232866,176,5
145,65,60000000000,1.000000,91262946766043,11095834945111,10119343736395,2678232866,176,5
145,70,60000000000,1.000000,91327325443755,11031456267399,10119343736395,2678232866,176,5
145,75,60000000000,1.000000,91421955708699,10936826002455,10119343736395,2678232866,176,5
145,80,60000000000,1.000000,91542648394867,10816133316287,10119343736395,2678232866,176,5
145,85,60000000000,1.000000,91578606704243,10780175006911,10119343736395,2678232866,176,5
145,90,60000000000,1.000000,91707867117115,10650914594039,10119343736395,2678232866,176,5
145,95,60000000000,1.000000,91768833091539,10589948619615,10119343736395,2678232866,176,5
145,100,60000000000,1.000000,91856867038363,10501914672791,10119343736395,2678232866,176,5
145,105,60000000000,1.000000,91983204406651,10375577304503,10119343736395,2678232866,176,5
145,110,60000000000,1.000000,92043404107835,10315377603319,10119343736395,2678232866,176,5
145,115,60000000000,1.000000,92131891691811,10226890019343,10119343736395,2678232866,176,5
145,120,60000000000,1.000000,92244749921995,10114031789159,10119343736395,2678232866,176,5
145,125,60000000000,1.000000,92278374090019,10080407621135,10119343736395,2678232866,176,5
145,130,60000000000,1.000000,92399243894691,9959537816463,10119343736395,2678232866,176,5
145,135,60000000000,1.000000,92456252419299,9902529291855,10119343736395,2678232866,176,5
145,140,60000000000,1.000000,92538571868179,9820209842975,10119343736395,2678232866,176,5
145,145,60000000000,1.000000,92656708370187,9702073340967,10119343736395,2678232866,176,5
145,150,60000000000,1.000000,92713000362131,9645781349023,10119343736395,2678232866,176,5
145,155,60000000000,1.000000,92795744001627,9563037709527,10119343736395,2678232866,176,5
145,160,60000000000,1.000000,92901276329235,9457505381919,10119343736395,2678232866,176,5
145,165,60000000000,1.000000,92932717870571,9426063840583,10119343736395,2678232866,176,5
145,170,60000000000,1.000000,93045741721995,9313039989159,10119343736395,2678232866,176,5
145,175,60000000000,1.000000,93099049684299,9259732026855,10119343736395,2678232866,176,5
145,180,60000000000,1.000000,93176025577283,9182756133871,10119343736395,2678232866,176,5
145,185,60000000000,1.000000,93286493551419,9072288159735,10119343736395,2678232866,176,5
145,190,60000000000,1.000000,93339131493155,9019650217999,10119343736395,2678232866,176,5
145,195,60000000000,1.000000,93416504041531,8942277669623,10119343736395,2678232866,176,5
146,0,60000000000,1.000000,91322344509414,2944276244767,10075873245819,2483306126,0,0
146,5,60000000000,1.000000,91332241644122,2928356020781,10081896335097,2483306126,0,0
146,10,60000000000,1.000000,91354048731377,2905763248483,10082682020140,2483306126,0,0
146,15,60000000000,1.000000,91377235568817,2882576411043,10082682020140,2483306126,0,0
146,20,60000000000,1.000000,91401640020049,2858171959811,10082682020140,2483306126,0,0
146,25,60000000000,1.000000,91425459699025,2834352280835,10082682020140,2483306126,0,0
146,30,72000000000,1.000000,90022486805507,4012798711347,10098589188024,2398308662,41,1
146,35,60000000000,0.752382,84746850047739,12600753379162,10115069148201,1962178213,176,12
146,40,60000000000,1.000000,82287639079343,10775349377072,10115069148201,1962178213,176,12
146,45,60000000000,1.000000,80570785026551,7660312177520,10115069148201,1962178213,176,12
146,50,60000000000,1.000000,80661910301299,7569186902772,10115069148201,1962178213,176,12
146,55,60000000000,1.000000,80705840201556,7525257002515,10115069148201,1962178213,176,12
146,60,60000000000,1.000000,80768807730029,7462289474042,10115069148201,1962178213,176,12
146,65,60000000000,1.000000,80846882814755,7384214389316,10115069148201,1962178213,176,12
146,70,60000000000,1.000000,80898340315675,7332756888396,10115069148201,1962178213,176,12
146,75,60000000000,1.000000,80961624358995,7269472845076,10115069148201,1962178213,176,12
146,80,60000000000,1.000000,81021715925291,7209381278780,10115069148201,1962178213,176,12
146,85,60000000000,1.000000,81077238051083,7153859152988,10115069148201,1962178213,176,12
146,90,60000000000,1.000000,81151445069835,7079652134236,10115069148201,1962178213,176,12
146,95,60000000000,1.000000,81194098633971,7036998570100,10115069148201,1962178213,176,12
146,100,60000000000,1.000000,81253054998203,6978042205868,10115069148201,1962178213,176,12
146,105,60000000000,1.000000,81326210127267,6904887076804,10115069148201,1962178213,176,12
146,110,60000000000,1.000000,81374327396547,6856769807524,10115069148201,1962178213,176,12
146,115,60000000000,1.000000,81433503518467,6797593685604,10115069148201,1962178213,176,12
146,120,60000000000,1.000000,81489694395043,6741402809028,10115069148201,1962178213,176,12
146,125,60000000000,1.000000,81541612444547,6689484759524,10115069148201,1962178213,176,12
146,130,60000000000,1.000000,81611002505107,6620094698964,10115069148201,1962178213,176,12
146,135,60000000000,1.000000,81650887322483,6580209881588,10115069148201,1962178213,176,12
146,140,60000000000,1.000000,81706016685667,6525080518404,10115069148201,1962178213,176,12
146,145,60000000000,1.000000,81774423137179,6456674066892,10115069148201,1962178213,176,12
146,150,60000000000,1.000000,81819416997235,6411680206836,10115069148201,1962178213,176,12
146,155,60000000000,1.000000,81874751852947,6356345351124,10115069148201,1962178213,176,12
146,160,60000000000,1.000000,81927295242755,6303801961316,10115069148201,1962178213,176,12
146,165,60000000000,1.000000,81975843165355,6255254038716,10115069148201,1962178213,176,12
146,170,60000000000,1.000000,82040728947931,6190368256140,10115069148201,1962178213,176,12
146,175,60000000000,1.000000,82078024744747,6153072459324,10115069148201,1962178213,176,12
146,180,60000000000,1.000000,82129575526563,6101521677508,10115069148201,1962178213,176,12
146,185,60000000000,1.000000,82193541548691,6037555655380,10115069148201,1962178213,176,12
146,190,60000000000,1.000000,82235614747867,5995482456204,10115069148201,1962178213,176,12
146,195,60000000000,1.000000,82287357683483,5943739520588,10115069148201,1962178213,176,12
147,0,60000000000,1.000000,101422352099591,2875148079424,10076369820985,2728047508,0,0
147,5,60000000000,1.000000,101429928397303,2861437927288,10082503675409,2728047508,0,0
147,10,60000000000,1.000000,101451348736222,2839227663664,10083293600114,2728047508,0,0
147,15,60000000000,1.000000,101473829408374,2816746991512,10083293600114,2728047508,0,0
147,20,60000000000,1.000000,101502200108814,2788376291072,10083293600114,2728047508,0,0
147,25,60000000000,1.000000,101521132617430,2769443782456,10083293600114,2728047508,0,0
147,30,72000000000,0.672455,101324796816787,4408393909584,10084627788914,2711988789,30,0
147,35,60000000000,0.326860,99577542804525,14382856765980,10095152388688,2578294135,156,4
147,40,60000000000,0.786220,94642833876226,12255971320176,10095152388688,2578294135,156,4
147,45,60000000000,1.000000,92696963214190,9936525308936,10095152388688,2578294135,156,4
147,50,60000000000,1.000000,92800296172277,9833192350849,10095152388688,2578294135,156,4
147,55,60000000000,1.000000,92858617281898,9774871241228,10095152388688,2578294135,156,4
147,60,60000000000,1.000000,92941136939746,9692351583380,10095152388688,2578294135,156,4
147,65,60000000000,1.000000,93037110413282,9596378109844,10095152388688,2578294135,156,4
147,70,60000000000,1.000000,93097279250802,9536209272324,10095152388688,2578294135,156,4
147,75,60000000000,1.000000,93194303724898,9439184798228,10095152388688,2578294135,156,4
147,80,60000000000,1.000000,93275390943122,9358097580004,10095152388688,2578294135,156,4
147,85,60000000000,1.000000,93327204556690,9306283966436,10095152388688,2578294135,156,4
147,90,60000000000,1.000000,93437359382306,9196129140820,10095152388688,2578294135,156,4
147,95,60000000000,1.000000,93493127952602,9140360570524,10095152388688,2578294135,156,4
147,100,60000000000,1.000000,93570291057858,9063197465268,10095152388688,2578294135,156,4
147,105,60000000000,1.000000,93660034659434,8973453863692,10095152388688,2578294135,156,4
147,110,60000000000,1.000000,93716297790938,8917190732188,10095152388688,2578294135,156,4
147,115,60000000000,1.000000,93807024170138,8826464352988,10095152388688,2578294135,156,4
147,120,60000000000,1.000000,93882847819778,8750640703348,10095152388688,2578294135,156,4
147,125,60000000000,1.000000,93931298085466,8702190437660,10095152388688,2578294135,156,4
147,130,60000000000,1.000000,94034302493154,8599186029972,10095152388688,2578294135,156,4
147,135,60000000000,1.000000,94086450989674,8547037533452,10095152388688,2578294135,156,4
147,140,60000000000,1.000000,94158605249946,8474883273180,10095152388688,2578294135,156,4
147,145,60000000000,1.000000,94242523375850,8390965147276,10095152388688,2578294135,156,4
147,150,60000000000,1.000000,94295134330650,8338354192476,10095152388688,2578294135,156,4
147,155,60000000000,1.000000,94379971439754,8253517083372,10095152388688,2578294135,156,4
147,160,60000000000,1.000000,94450873191674,8182615331452,10095152388688,2578294135,156,4
147,165,60000000000,1.000000,94496178432634,8137310090492,10095152388688,2578294135,156,4
147,170,60000000000,1.000000,94592496573354,8040991949772,10095152388688,2578294135,156,4
147,175,60000000000,1.000000,94641259983954,7992228539172,10095152388688,2578294135,156,4
147,180,60000000000,1.000000,94708730535506,7924757987620,10095152388688,2578294135,156,4
147,185,60000000000,1.000000,94787201331586,7846287191540,10095152388688,2578294135,156,4
147,190,60000000000,1.000000,94836397181186,7797091341940,10095152388688,2578294135,156,4
147,195,60000000000,1.000000,94915727306978,7717761216148,10095152388688,2578294135,156,4
148,0,60000000000,1.000000,105123717760375,3037373904626,10090965334999,3001163244,0,0
148,5,60000000000,1.000000,105131887614449,3023678872147,10096490513404,3001163244,0,0
148,10,60000000000,1.000000,105155588571625,2999215004088,10097253424287,3001163244,0,0
148,15,60000000000,1.000000,105177902701017,2976900874696,10097253424287,3001163244,0,0
148,20,60000000000,1.000000,105206881204017,2947922371696,10097253424287,3001163244,0,0
148,25,60000000000,1.000000,105232063825977,2922739749736,10097253424287,3001163244,0,0
148,30,72000000000,0.736943,104746251248837,4622639980282,10099184717507,2959620656,36,1
148,35,60000000000,0.515336,102414882660888,11097973526569,10117986553114,2790271549,187,10
148,40,60000000000,0.904696,98770433102763,10350042577446,10117986553114,2790271549,187,10
148,45,60000000000,1.000000,95326077238258,10500287210774,10117986553114,2790271549,187,10
148,50,60000000000,1.000000,95419651718584,10406712730448,10117986553114,2790271549,187,10
148,55,60000000000,1.000000,95459154832060,10367209616972,10117986553114,2790271549,187,10
148,60,60000000000,1.000000,95567997198036,10258367250996,10117986553114,2790271549,187,10
148,65,60000000000,1.000000,95654895974168,10171468474864,10117986553114,2790271549,187,10
148,70,60000000000,1.000000,95726939820432,10099424628600,10117986553114,2790271549,187,10
148,75,60000000000,1.000000,95833906842416,9992457606616,10117986553114,2790271549,187,10
148,80,60000000000,1.000000,95908338407256,9918026041776,10117986553114,2790271549,187,10
148,85,60000000000,1.000000,95975954391632,9850410057400,10117986553114,2790271549,187,10
148,90,60000000000,1.000000,96094181116000,9732183333032,10117986553114,2790271549,187,10
148,95,60000000000,1.000000,96132036526752,9694327922280,10117986553114,2790271549,187,10
148,100,60000000000,1.000000,96233857056112,9592507392920,10117986553114,2790271549,187,10
148,105,60000000000,1.000000,96315150736856,9511213712176,10117986553114,2790271549,187,10
148,110,60000000000,1.000000,96382518041680,9443846407352,10117986553114,2790271549,187,10
148,115,60000000000,1.000000,96482541573760,9343822875272,10117986553114,2790271549,187,10
148,120,60000000000,1.000000,96552141604384,9274222844648,10117986553114,2790271549,187,10
148,125,60000000000,1.000000,96615368470560,9210995978472,10117986553114,2790271549,187,10
148,130,60000000000,1.000000,96725920810368,9100443638664,10117986553114,2790271549,187,10
148,135,60000000000,1.000000,96761318934288,9065045514744,10117986553114,2790271549,187,10
148,140,60000000000,1.000000,96856530045056,8969834403976,10117986553114,2790271549,187,10
148,145,60000000000,1.000000,96932546755008,8893817694024,10117986553114,2790271549,187,10
148,150,60000000000,1.000000,96995541084040,8830823364992,10117986553114,2790271549,187,10
148,155,60000000000,1.000000,97089071845024,8737292604008,10117986553114,2790271549,187,10
148,160,60000000000,1.000000,97154153968240,8672210480792,10117986553114,2790271549,187,10
148,165,60000000000,1.000000,97213276624472,8613087824560,10117986553114,2790271549,187,10
148,170,60000000000,1.000000,97316652742856,8509711706176,10117986553114,2790271549,187,10
148,175,60000000000,1.000000,97349753088200,8476611360832,10117986553114,2790271549,187,10
148,180,60000000000,1.000000,97438783813984,8387580635048,10117986553114,2790271549,187,10
148,185,60000000000,1.000000,97509866094120,8316498354912,10117986553114,2790271549,187,10
148,190,60000000000,1.000000,97568771307688,8257593141344,10117986553114,2790271549,187,10
148,195,60000000000,1.000000,97656230759296,8170133689736,10117986553114,2790271549,187,10
149,0,60000000000,1.000000,101194109291372,2980234227338,10083477481290,2925439618,0,0
149,5,60000000000,1.000000,101201394921809,2968282137764,10088143940427,2925439618,0,0
149,10,60000000000,1.000000,101228509843834,2940007574647,10089303581519,2925439618,0,0
149,15,60000000000,1.000000,101249310099042,2919207319439,10089303581519,2925439618,0,0
149,20,60000000000,1.000000,101274320905002,2894196513479,10089303581519,2925439618,0,0
149,25,60000000000,1.000000,101302716747794,2865800670687,10089303581519,2925439618,0,0
149,30,72000000000,0.623494,100900116824531,5235422455843,10093451129543,2897026872,38,1
149,35,60000000000,0.417032,98052698828500,14632230196866,10103010233730,2634971166,176,12
149,40,60000000000,0.793466,91249533786990,16264440007589,10103010233730,2634971166,176,12
149,45,60000000000,1.000000,89532575522726,11790184618181,10103010233730,2634971166,176,12
149,50,60000000000,1.000000,89623139268633,11699620872274,10103010233730,2634971166,176,12
149,55,60000000000,1.000000,89687229109599,11635531031308,10103010233730,2634971166,176,12
149,60,60000000000,1.000000,89783629356529,11539130784378,10103010233730,2634971166,176,12
149,65,60000000000,1.000000,89917888365066,11404871775841,10103010233730,2634971166,176,12
149,70,60000000000,1.000000,89984935099010,11337825041897,10103010233730,2634971166,176,12
149,75,60000000000,1.000000,90083987543298,11238772597609,10103010233730,2634971166,176,12
149,80,60000000000,1.000000,90196270359074,11126489781833,10103010233730,2634971166,176,12
149,85,60000000000,1.000000,90246797557514,11075962583393,10103010233730,2634971166,176,12
149,90,60000000000,1.000000,90379064573002,10943695567905,10103010233730,2634971166,176,12
149,95,60000000000,1.000000,90441652648962,10881107491945,10103010233730,2634971166,176,12
149,100,60000000000,1.000000,90531934718578,10790825422329,10103010233730,2634971166,176,12
149,105,60000000000,1.000000,90658206339138,10664553801769,10103010233730,2634971166,176,12
149,110,60000000000,1.000000,90720900906314,10601859234593,10103010233730,2634971166,176,12
149,115,60000000000,1.000000,90813523615314,10509236525593,10103010233730,2634971166,176,12
149,120,60000000000,1.000000,90918517880098,10404242260809,10103010233730,2634971166,176,12
149,125,60000000000,1.000000,90965765234914,10356994905993,10103010233730,2634971166,176,12
149,130,60000000000,1.000000,91089446476426,10233313664481,10103010233730,2634971166,176,12
149,135,60000000000,1.000000,91147971807842,10174788333065,10103010233730,2634971166,176,12
149,140,60000000000,1.000000,91232393448498,10090366692409,10103010233730,2634971166,176,12
149,145,60000000000,1.000000,91350468470562,9972291670345,10103010233730,2634971166,176,12
149,150,60000000000,1.000000,91409093380778,9913666760129,10103010233730,2634971166,176,12
149,155,60000000000,1.000000,91495703724154,9827056416753,10103010233730,2634971166,176,12
149,160,60000000000,1.000000,91593882555474,9728877585433,10103010233730,2634971166,176,12
149,165,60000000000,1.000000,91638062969586,9684697171321,10103010233730,2634971166,176,12
149,170,60000000000,1.000000,91753715760442,9569044380465,10103010233730,2634971166,176,12
149,175,60000000000,1.000000,91808442070162,9514318070745,10103010233730,2634971166,176,12
149,180,60000000000,1.000000,91887383696482,9435376444425,10103010233730,2634971166,176,12
149,185,60000000000,1.000000,91997794181314,9324965959593,10103010233730,2634971166,176,12
149,190,60000000000,1.000000,92052613605938,9270146534969,10103010233730,2634971166,176,12
149,195,60000000000,1.000000,92133601860970,9189158279937,10103010233730,2634971166,176,12
150,0,60000000000,1.000000,111113281639534,3034836947783,10091280412683,3849024672,0,0
150,5,60000000000,1.000000,111122482647863,3019619555027,10097296797110,3849024672,0,0
150,10,60000000000,1.000000,111142231383787,2998104673076,10099062943137,3849024672,0,0
150,15,60000000000,1.000000,111171483802107,2968852254756,10099062943137,3849024672,0,0
150,20,60000000000,1.000000,111194824042331,2945512014532,10099062943137,3849024672,0,0
150,25,60000000000,1.000000,111218047718755,2922288338108,10099062943137,3849024672,0,0
150,30,72000000000,0.863731,110458292251069,4256245269338,10104856708346,3801005408,29,1
150,35,60000000000,0.280425,108940774649703,18491994776679,10113000350602,3689312628,173,6
150,40,60000000000,0.847175,95134814090798,22417537759719,10113000350602,3689312628,173,6
150,45,60000000000,1.000000,92559552549935,19810840438767,10113000350602,3689312628,173,6
150,50,60000000000,1.000000,92706115960356,19664277028346,10113000350602,3689312628,173,6
150,55,60000000000,1.000000,92768942674909,19601450313793,10113000350602,3689312628,173,6
150,60,60000000000,1.000000,92980064853788,19390328134914,10113000350602,3689312628,173,6
150,65,60000000000,1.000000,93214245494988,19156147493714,10113000350602,3689312628,173,6
150,70,60000000000,1.000000,93266750573692,19103642415010,10113000350602,3689312628,173,6
150,75,60000000000,1.000000,93484707666060,18885685322642,10113000350602,3689312628,173,6
150,80,60000000000,1.000000,93691741753116,18678651235586,10113000350602,3689312628,173,6
150,85,60000000000,1.000000,93751829229500,18618563759202,10113000350602,3689312628,173,6
150,90,60000000000,1.000000,93981649236900,18388743751802,10113000350602,3689312628,173,6
150,95,60000000000,1.000000,94041310159708,18329082828994,10113000350602,3689312628,173,6
150,100,60000000000,1.000000,94238730231684,18131662757018,10113000350602,3689312628,173,6
150,105,60000000000,1.000000,94457717649644,17912675339058,10113000350602,3689312628,173,6
150,110,60000000000,1.000000,94506814495748,17863578492954,10113000350602,3689312628,173,6
150,115,60000000000,1.000000,94710623462628,17659769526074,10113000350602,3689312628,173,6
150,120,60000000000,1.000000,94904218462980,17466174525722,10113000350602,3689312628,173,6
150,125,60000000000,1.000000,94960405514932,17409987473770,10113000350602,3689312628,173,6
150,130,60000000000,1.000000,95175307345900,17195085642802,10113000350602,3689312628,173,6
150,135,60000000000,1.000000,95231095533020,17139297455682,10113000350602,3689312628,173,6
150,140,60000000000,1.000000,95415700587468,16954692401234,10113000350602,3689312628,173,6
150,145,60000000000,1.000000,95620472998876,16749919989826,10113000350602,3689312628,173,6
150,150,60000000000,1.000000,95666382849012,16704010139690,10113000350602,3689312628,173,6
150,155,60000000000,1.000000,95856962079604,16513430909098,10113000350602,3689312628,173,6
150,160,60000000000,1.000000,96037990356884,16332402631818,10113000350602,3689312628,173,6
150,165,60000000000,1.000000,96090530170556,16279862818146,10113000350602,3689312628,173,6
150,170,60000000000,1.000000,96291482200548,16078910788154,10113000350602,3689312628,173,6
150,175,60000000000,1.000000,96343649040580,16026743948122,10113000350602,3689312628,173,6
150,180,60000000000,1.000000,96516270931484,15854122057218,10113000350602,3689312628,173,6
150,185,60000000000,1.000000,96707751067068,15662641921634,10113000350602,3689312628,173,6
150,190,60000000000,1.000000,96750680797188,15619712191514,10113000350602,3689312628,173,6
150,195,60000000000,1.000000,96928889065764,15441503922938,10113000350602,3689312628,173,6
151,0,60000000000,1.000000,105211786225144,3088222920665,10100053854191,3289134926,0,0
151,5,60000000000,1.000000,105219504764514,3073895476322,10106662759164,3289134926,0,0
151,10,60000000000,1.000000,105242297836191,3050314971031,10107450192778,3289134926,0,0
151,15,60000000000,1.000000,105267324098239,3025288708983,10107450192778,3289134926,0,0
151,20,60000000000,1.000000,105297136671367,2995476135855,10107450192778,3289134926,0,0
151,25,60000000000,1.000000,105318236677231,2974376129991,10107450192778,3289134926,0,0
151,30,72000000000,0.684525,104636216211480,5335966986279,10111241386064,3233661894,36,2
151,35,60000000000,0.578528,98933089307596,16135633024051,10132055471217,2750210769,191,9
151,40,60000000000,0.980070,95888640375818,12631109327947,10132055471217,2750210769,191,9
151,45,60000000000,1.000000,95005385670814,7214463227779,10132055471217,2750210769,191,9
151,50,60000000000,1.000000,95110306537997,7109542360596,10132055471217,2750210769,191,9
151,55,60000000000,1.000000,95149036830410,7070812068183,10132055471217,2750210769,191,9
151,60,60000000000,1.000000,95215523111367,7004325787226,10132055471217,2750210769,191,9
151,65,60000000000,1.000000,95284846359058,6935002539535,10132055471217,2750210769,191,9
151,70,60000000000,1.000000,95331192540434,6888656358159,10132055471217,2750210769,191,9
151,75,60000000000,1.000000,95395460491090,6824388407503,10132055471217,2750210769,191,9
151,80,60000000000,1.000000,95456068352842,6763780545751,10132055471217,2750210769,191,9
151,85,60000000000,1.000000,95498181362386,6721667536207,10132055471217,2750210769,191,9
151,90,60000000000,1.000000,95570730773818,6649118124775,10132055471217,2750210769,191,9
151,95,60000000000,1.000000,95607811850738,6612037047855,10132055471217,2750210769,191,9
151,100,60000000000,1.000000,95670073364130,6549775534463,10132055471217,2750210769,191,9
151,105,60000000000,1.000000,95735014236178,6484834662415,10132055471217,2750210769,191,9
151,110,60000000000,1.000000,95778351973986,6441496924607,10132055471217,2750210769,191,9
151,115,60000000000,1.000000,95838448135546,6381400763047,10132055471217,2750210769,191,9
151,120,60000000000,1.000000,95895121793554,6324727105039,10132055471217,2750210769,191,9
151,125,60000000000,1.000000,95934501145074,6285347753519,10132055471217,2750210769,191,9
151,130,60000000000,1.000000,96002341197642,6217507700951,10132055471217,2750210769,191,9
151,135,60000000000,1.000000,96037015251642,6182833646951,10132055471217,2750210769,191,9
151,140,60000000000,1.000000,96095235218602,6124613679991,10132055471217,2750210769,191,9
151,145,60000000000,1.000000,96155960620522,6063888278071,10132055471217,2750210769,191,9
151,150,60000000000,1.000000,96196485200386,6023363698207,10132055471217,2750210769,191,9
151,155,60000000000,1.000000,96252680373834,5967168524759,10132055471217,2750210769,191,9
151,160,60000000000,1.000000,96305675206578,5914173692015,10132055471217,2750210769,191,9
151,165,60000000000,1.000000,96342498348674,5877350549919,10132055471217,2750210769,191,9
151,170,60000000000,1.000000,96405934738394,5813914160199,10132055471217,2750210769,191,9
151,175,60000000000,1.000000,96438358015122,5781490883471,10132055471217,2750210769,191,9
151,180,60000000000,1.000000,96492798782242,5727050116351,10132055471217,2750210769,191,9
151,185,60000000000,1.000000,96549582350426,5670266548167,10132055471217,2750210769,191,9
151,190,60000000000,1.000000,96587476381122,5632372517471,10132055471217,2750210769,191,9
151,195,60000000000,1.000000,96640023789074,5579825109519,10132055471217,2750210769,191,9
152,0,60000000000,1.000000,114910636173413,3017750829610,10100702996977,3496486574,0,0
152,5,60000000000,1.000000,114920670989880,3001860293348,10106558716772,3496486574,0,0
152,10,60000000000,1.000000,114942935618900,2978248952702,10107905428398,3496486574,0,0
152,15,60000000000,1.000000,114967125783348,2954058788254,10107905428398,3496486574,0,0
152,20,60000000000,1.000000,114991827939796,2929356631806,10107905428398,3496486574,0,0
152,25,60000000000,1.000000,115015261193972,2905923377630,10107905428398,3496486574,0,0
152,30,72000000000,1.000000,112343187850898,4279679566954,10132407677802,3300597992,48,2
152,35,60000000000,0.729556,108029508886004,13483181311751,10162845064402,2968344290,191,11
152,40,60000000000,1.000000,102455556609220,12569787133375,10162845064402,2968344290,191,11
152,45,60000000000,1.000000,99726650886800,12341683647263,10162845064402,2968344290,191,11
152,50,60000000000,1.000000,99823650575397,12244683958666,10162845064402,2968344290,191,11
152,55,60000000000,1.000000,99882813277697,12185521256366,10162845064402,2968344290,191,11
152,60,60000000000,1.000000,99993807974050,12074526560013,10162845064402,2968344290,191,11
152,65,60000000000,1.000000,100109701915520,11958632618543,10162845064402,2968344290,191,11
152,70,60000000000,1.000000,100194211095648,11874123438415,10162845064402,2968344290,191,11
152,75,60000000000,1.000000,100307811292384,11760523241679,10162845064402,2968344290,191,11
152,80,60000000000,1.000000,100412383963728,11655950570335,10162845064402,2968344290,191,11
152,85,60000000000,1.000000,100489629386944,11578705147119,10162845064402,2968344290,191,11
152,90,60000000000,1.000000,100615633228920,11452701305143,10162845064402,2968344290,191,11
152,95,60000000000,1.000000,100673668272592,11394666261471,10162845064402,2968344290,191,11
152,100,60000000000,1.000000,100777466084712,11290868449351,10162845064402,2968344290,191,11
152,105,60000000000,1.000000,100885965854224,11182368679839,10162845064402,2968344290,191,11
152,110,60000000000,1.000000,100964989337672,11103345196391,10162845064402,2968344290,191,11
152,115,60000000000,1.000000,101071215468896,10997119065167,10162845064402,2968344290,191,11
152,120,60000000000,1.000000,101169000073496,10899334460567,10162845064402,2968344290,191,11
152,125,60000000000,1.000000,101241231308216,10827103225847,10162845064402,2968344290,191,11
152,130,60000000000,1.000000,101359055933936,10709278600127,10162845064402,2968344290,191,11
152,135,60000000000,1.000000,101413323781648,10655010752415,10162845064402,2968344290,191,11
152,140,60000000000,1.000000,101510383825000,10557950709063,10162845064402,2968344290,191,11
152,145,60000000000,1.000000,101611840610328,10456493923735,10162845064402,2968344290,191,11
152,150,60000000000,1.000000,101685734487080,10382600046983,10162845064402,2968344290,191,11
152,155,60000000000,1.000000,101785065221624,10283269312439,10162845064402,2968344290,191,11
152,160,60000000000,1.000000,101876502389360,10191832144703,10162845064402,2968344290,191,11
152,165,60000000000,1.000000,101944044918720,10124289615343,10162845064402,2968344290,191,11
152,170,60000000000,1.000000,102054221261136,10014113272927,10162845064402,2968344290,191,11
152,175,60000000000,1.000000,102104966450568,9963368083495,10162845064402,2968344290,191,11
152,180,60000000000,1.000000,102195726090248,9872608443815,10162845064402,2968344290,191,11
152,185,60000000000,1.000000,102290597068448,9777737465615,10162845064402,2968344290,191,11
152,190,60000000000,1.000000,102359694313624,9708640220439,10162845064402,2968344290,191,11
152,195,60000000000,1.000000,102452577248384,9615757285679,10162845064402,2968344290,191,11
153,0,60000000000,1.000000,117196285483149,3046220775215,10100098741636,3622222110,0,0
153,5,60000000000,1.000000,117204933832323,3031798905652,10105872262025,3622222110,0,0
153,10,60000000000,1.000000,117230323881807,3006050102741,10106231015452,3622222110,0,0
153,15,60000000000,1.000000,117252622277407,2983751707141,10106231015452,3622222110,0,0
153,20,60000000000,1.000000,117278718238287,2957655746261,10106231015452,3622222110,0,0
153,25,60000000000,1.000000,117304952456551,2931421527997,10106231015452,3622222110,0,0
153,30,72000000000,0.393975,117103782560191,7946617843460,10108055613816,3605914055,35,1
153,35,60000000000,0.423533,111870641136642,19615186073616,10164288862315,3178234110,163,6
153,40,60000000000,1.000000,104093450012943,15117236079735,10164288862315,3178234110,163,6
153,45,60000000000,1.000000,101176819086727,13784387675543,10164288862315,3178234110,163,6
153,50,60000000000,1.000000,101290772423606,13670434338664,10164288862315,3178234110,163,6
153,55,60000000000,1.000000,101401565076559,13559641685711,10164288862315,3178234110,163,6
153,60,60000000000,1.000000,101480394141642,13480812620628,10164288862315,3178234110,163,6
153,65,60000000000,1.000000,101634777175858,13326429586412,10164288862315,3178234110,163,6
153,70,60000000000,1.000000,101688007104458,13273199657812,10164288862315,3178234110,163,6
153,75,60000000000,1.000000,101835225656346,13125981105924,10164288862315,3178234110,163,6
153,80,60000000000,1.000000,101957462392106,13003744370164,10164288862315,3178234110,163,6
153,85,60000000000,1.000000,102019951432002,12941255330268,10164288862315,3178234110,163,6
153,90,60000000000,1.000000,102177088302666,12784118459604,10164288862315,3178234110,163,6
153,95,60000000000,1.000000,102281673292922,12679533469348,10164288862315,3178234110,163,6
153,100,60000000000,1.000000,102355394714314,12605812047956,10164288862315,3178234110,163,6
153,105,60000000000,1.000000,102499828146450,12461378615820,10164288862315,3178234110,163,6
153,110,60000000000,1.000000,102549602790882,12411603971388,10164288862315,3178234110,163,6
153,115,60000000000,1.000000,102687265028170,12273941734100,10164288862315,3178234110,163,6
153,120,60000000000,1.000000,102801567079994,12159639682276,10164288862315,3178234110,163,6
153,125,60000000000,1.000000,102859999804026,12101206958244,10164288862315,3178234110,163,6
153,130,60000000000,1.000000,103006936537674,11954270224596,10164288862315,3178234110,163,6
153,135,60000000000,1.000000,103104732661514,11856474100756,10164288862315,3178234110,163,6
153,140,60000000000,1.000000,103173668645890,11787538116380,10164288862315,3178234110,163,6
153,145,60000000000,1.000000,103308726552354,11652480209916,10164288862315,3178234110,163,6
153,150,60000000000,1.000000,103355270203322,11605936558948,10164288862315,3178234110,163,6
153,155,60000000000,1.000000,103483996449498,11477210312772,10164288862315,3178234110,163,6
153,160,60000000000,1.000000,103590878876650,11370327885620,10164288862315,3178234110,163,6
153,165,60000000000,1.000000,103645518590322,11315688171948,10164288862315,3178234110,163,6
153,170,60000000000,1.000000,103782917302914,11178289459356,10164288862315,3178234110,163,6
153,175,60000000000,1.000000,103874365242210,11086841520060,10164288862315,3178234110,163,6
153,180,60000000000,1.000000,103938826423954,11022380338316,10164288862315,3178234110,163,6
153,185,60000000000,1.000000,104065117392674,10896089369596,10164288862315,3178234110,163,6
153,190,60000000000,1.000000,104108639781898,10852566980372,10164288862315,3178234110,163,6
153,195,60000000000,1.000000,104229010094066,10732196668204,10164288862315,3178234110,163,6
154,0,60000000000,1.000000,99770200770231,2954724529857,10078019699912,2695794124,0,0
154,5,60000000000,1.000000,99780563892823,2938182977752,10084198129425,2695794124,0,0
154,10,60000000000,1.000000,99800451330124,2917684052951,10084809616925,2695794124,0,0
154,15,60000000000,1.000000,99825166020516,2892969362559,10084809616925,2695794124,0,0
154,20,60000000000,1.000000,99848499002268,2869636380807,10084809616925,2695794124,0,0
154,25,60000000000,1.000000,99872884519548,2845250863527,10084809616925,2695794124,0,0
154,30,72000000000,0.537992,99442602258395,6082908994970,10087784472421,2659746899,36,2
154,35,60000000000,0.363530,97561582428131,14120236476268,10108237214195,2537685330,155,6
154,40,60000000000,0.947824,93709001660883,9480354480044,10108237214195,2537685330,155,6
154,45,60000000000,1.000000,92274309152619,8614715074620,10108237214195,2537685330,155,6
154,50,60000000000,1.000000,92382312922319,8506711304920,10108237214195,2537685330,155,6
154,55,60000000000,1.000000,92449385155185,8439639072054,10108237214195,2537685330,155,6
154,60,60000000000,1.000000,92502883979249,8386140247990,10108237214195,2537685330,155,6
154,65,60000000000,1.000000,92595967684371,8293056542868,10108237214195,2537685330,155,6
154,70,60000000000,1.000000,92661610766851,8227413460388,10108237214195,2537685330,155,6
154,75,60000000000,1.000000,92722760656643,8166263570596,10108237214195,2537685330,155,6
154,80,60000000000,1.000000,92797390316947,8091633910292,10108237214195,2537685330,155,6
154,85,60000000000,1.000000,92842665413187,8046358814052,10108237214195,2537685330,155,6
154,90,60000000000,1.000000,92933797070499,7955227156740,10108237214195,2537685330,155,6
154,95,60000000000,1.000000,92997201096523,7891823130716,10108237214195,2537685330,155,6
154,100,60000000000,1.000000,93047230973723,7841793253516,10108237214195,2537685330,155,6
154,105,60000000000,1.000000,93134290153891,7754734073348,10108237214195,2537685330,155,6
154,110,60000000000,1.000000,93195672184115,7693352043124,10108237214195,2537685330,155,6
154,115,60000000000,1.000000,93252852685467,7636171541772,10108237214195,2537685330,155,6
154,120,60000000000,1.000000,93322637952723,7566386274516,10108237214195,2537685330,155,6
154,125,60000000000,1.000000,93364974132211,7524050095028,10108237214195,2537685330,155,6
154,130,60000000000,1.000000,93450190211755,7438834015484,10108237214195,2537685330,155,6
154,135,60000000000,1.000000,93509478528011,7379545699228,10108237214195,2537685330,155,6
154,140,60000000000,1.000000,93556260844099,7332763383140,10108237214195,2537685330,155,6
154,145,60000000000,1.000000,93637668800883,7251355426356,10108237214195,2537685330,155,6
154,150,60000000000,1.000000,93695066374179,7193957853060,10108237214195,2537685330,155,6
154,155,60000000000,1.000000,93748535150203,7140489077036,10108237214195,2537685330,155,6
154,160,60000000000,1.000000,93813790485963,7075233741276,10108237214195,2537685330,155,6
154,165,60000000000,1.000000,93853378520987,7035645706252,10108237214195,2537685330,155,6
154,170,60000000000,1.000000,93933063017299,6955961209940,10108237214195,2537685330,155,6
154,175,60000000000,1.000000,93988502784595,6900521442644,10108237214195,2537685330,155,6
154,180,60000000000,1.000000,94032248346579,6856775880660,10108237214195,2537685330,155,6
154,185,60000000000,1.000000,94108371914627,6780652312612,10108237214195,2537685330,155,6
154,190,60000000000,1.000000,94162043671451,6726980555788,10108237214195,2537685330,155,6
154,195,60000000000,1.000000,94212041658819,6676982568420,10108237214195,2537685330,155,6
155,0,60000000000,1.000000,100136756978372,3025929408469,10087354613159,3314570178,0,0
155,5,60000000000,1.000000,100144914062614,3011736296916,10093390640470,3314570178,0,0
155,10,60000000000,1.000000,100167896811765,2987831123170,10094313065065,3314570178,0,0
155,15,60000000000,1.000000,100194873557349,2960854377586,10094313065065,3314570178,0,0
155,20,60000000000,1.000000,100218003010677,2937724924258,10094313065065,3314570178,0,0
155,25,60000000000,1.000000,100243399151917,2912328783018,10094313065065,3314570178,0,0
155,30,72000000000,0.626428,99475519241835,5860236961488,10103503534724,3252609475,31,4
155,35,60000000000,0.349087,98525859239706,13206682704376,10113901481860,3198189491,164,8
155,40,60000000000,0.909997,88133987827823,16485936955209,10113901481860,3198189491,164,8
155,45,60000000000,1.000000,86822275433860,14992412919225,10113901481860,3198189491,164,8
155,50,60000000000,1.000000,86927141097999,14887547255086,10113901481860,3198189491,164,8
155,55,60000000000,1.000000,87008531512322,14806156840763,10113901481860,3198189491,164,8
155,60,60000000000,1.000000,87134322407407,14680365945678,10113901481860,3198189491,164,8
155,65,60000000000,1.000000,87307253834071,14507434519014,10113901481860,3198189491,164,8
155,70,60000000000,1.000000,87383154336447,14431534016638,10113901481860,3198189491,164,8
155,75,60000000000,1.000000,87519809851495,14294878501590,10113901481860,3198189491,164,8
155,80,60000000000,1.000000,87678913959351,14135774393734,10113901481860,3198189491,164,8
155,85,60000000000,1.000000,87723063175559,14091625177526,10113901481860,3198189491,164,8
155,90,60000000000,1.000000,87892611275719,13922077077366,10113901481860,3198189491,164,8
155,95,60000000000,1.000000,87969541539135,13845146813950,10113901481860,3198189491,164,8
155,100,60000000000,1.000000,88087251606463,13727436746622,10113901481860,3198189491,164,8
155,105,60000000000,1.000000,88248966710207,13565721642878,10113901481860,3198189491,164,8
155,110,60000000000,1.000000,88319940326183,13494748026902,10113901481860,3198189491,164,8
155,115,60000000000,1.000000,88447725199047,13366963154038,10113901481860,3198189491,164,8
155,120,60000000000,1.000000,88596501471871,13218186881214,10113901481860,3198189491,164,8
155,125,60000000000,1.000000,88637784854863,13176903498222,10113901481860,3198189491,164,8
155,130,60000000000,1.000000,88796327175031,13018361178054,10113901481860,3198189491,164,8
155,135,60000000000,1.000000,88868263707679,12946424645406,10113901481860,3198189491,164,8
155,140,60000000000,1.000000,88978332928007,12836355425078,10113901481860,3198189491,164,8
155,145,60000000000,1.000000,89129550710559,12685137642526,10113901481860,3198189491,164,8
155,150,60000000000,1.000000,89195917256223,12618771096862,10113901481860,3198189491,164,8
155,155,60000000000,1.000000,89315407301855,12499281051230,10113901481860,3198189491,164,8
155,160,60000000000,1.000000,89454526144439,12360162208646,10113901481860,3198189491,164,8
155,165,60000000000,1.000000,89493129722615,12321558630470,10113901481860,3198189491,164,8
155,170,60000000000,1.000000,89641380674799,12173307678286,10113901481860,3198189491,164,8
155,175,60000000000,1.000000,89708647631863,12106040721222,10113901481860,3198189491,164,8
155,180,60000000000,1.000000,89811571991023,12003116362062,10113901481860,3198189491,164,8
155,185,60000000000,1.000000,89952973859079,11861714494006,10113901481860,3198189491,164,8
155,190,60000000000,1.000000,90015032390559,11799655962526,10113901481860,3198189491,164,8
155,195,60000000000,1.000000,90126766046343,11687922306742,10113901481860,3198189491,164,8
156,0,60000000000,1.000000,110564419379184,3019785513271,10094840107545,3427614672,0,0
156,5,60000000000,1.000000,110572006154405,3006571959807,10100466885788,3427614672,0,0
156,10,60000000000,1.000000,110596739955698,2981642970575,10100662073727,3427614672,0,0
156,15,60000000000,1.000000,110618093641104,2960260345607,10100691013289,3427614672,0,0
156,20,60000000000,1.000000,110648319673640,2930034313071,10100691013289,3427614672,0,0
156,25,60000000000,1.000000,110671905203952,2906448782759,10100691013289,3427614672,0,0
156,30,72000000000,0.706894,110057870467195,4968993798115,10108621952062,3381779524,47,3
156,35,60000000000,0.438557,105757296268746,17673806723445,10170777288524,3107793703,166,7
156,40,60000000000,1.000000,100396770045096,13089122099173,10170777288524,3107793703,166,7
156,45,60000000000,1.000000,95828606262838,13979547487541,10170777288524,3107793703,166,7
156,50,60000000000,1.000000,95977838485251,13830315265128,10170777288524,3107793703,166,7
156,55,60000000000,1.000000,96039356889339,13768796861040,10170777288524,3107793703,166,7
156,60,60000000000,1.000000,96168994170749,13639159579630,10170777288524,3107793703,166,7
156,65,60000000000,1.000000,96316131042157,13492022708222,10170777288524,3107793703,166,7
156,70,60000000000,1.000000,96395528957213,13412624793166,10170777288524,3107793703,166,7
156,75,60000000000,1.000000,96523964251069,13284189499310,10170777288524,3107793703,166,7
156,80,60000000000,1.000000,96622105764061,13186047986318,10170777288524,3107793703,166,7
156,85,60000000000,1.000000,96734060934189,13074092816190,10170777288524,3107793703,166,7
156,90,60000000000,1.000000,96872086676061,12936067074318,10170777288524,3107793703,166,7
156,95,60000000000,1.000000,96933091280893,12875062469486,10170777288524,3107793703,166,7
156,100,60000000000,1.000000,97054318233245,12753835517134,10170777288524,3107793703,166,7
156,105,60000000000,1.000000,97191931064645,12616222685734,10170777288524,3107793703,166,7
156,110,60000000000,1.000000,97266175067733,12541978682646,10170777288524,3107793703,166,7
156,115,60000000000,1.000000,97386273313973,12421880436406,10170777288524,3107793703,166,7
156,120,60000000000,1.000000,97478044222341,12330109528038,10170777288524,3107793703,166,7
156,125,60000000000,1.000000,97582732109637,12225421640742,10170777288524,3107793703,166,7
156,130,60000000000,1.000000,97711798264493,12096355485886,10170777288524,3107793703,166,7
156,135,60000000000,1.000000,97768842911813,12039310838566,10170777288524,3107793703,166,7
156,140,60000000000,1.000000,97882200727541,11925953022838,10170777288524,3107793703,166,7
156,145,60000000000,1.000000,98010880775085,11797272975294,10170777288524,3107793703,166,7
156,150,60000000000,1.000000,98080305419229,11727848331150,10170777288524,3107793703,166,7
156,155,60000000000,1.000000,98192607795821,11615545954558,10170777288524,3107793703,166,7
156,160,60000000000,1.000000,98278421630893,11529732119486,10170777288524,3107793703,166,7
156,165,60000000000,1.000000,98376313972597,11431839777782,10170777288524,3107793703,166,7
156,170,60000000000,1.000000,98497002129045,11311151621334,10170777288524,3107793703,166,7
156,175,60000000000,1.000000,98550343869445,11257809880934,10170777288524,3107793703,166,7
156,180,60000000000,1.000000,98656343353413,11151810396966,10170777288524,3107793703,166,7
156,185,60000000000,1.000000,98776670465717,11031483284662,10170777288524,3107793703,166,7
156,190,60000000000,1.000000,98841588587085,10966565163294,10170777288524,3107793703,166,7
156,195,60000000000,1.000000,98946601143069,10861552607310,10170777288524,3107793703,166,7
157,0,60000000000,1.000000,103136191009976,2989303448483,10085323541541,2838577184,0,0
157,5,60000000000,1.000000,103145226728651,2974037395584,10091553875765,2838577184,0,0
157,10,60000000000,1.000000,103167328929955,2950394050970,10093095019075,2838577184,0,0
157,15,60000000000,1.000000,103191218500395,2926504480530,10093095019075,2838577184,0,0
157,20,60000000000,1.000000,103216043994387,2901678986538,10093095019075,2838577184,0,0
157,25,60000000000,1.000000,103238268910619,2879454070306,10093095019075,2838577184,0,0
157,30,72000000000,0.900185,101376855337773,5252760610228,10105508887717,2787416033,38,4
157,35,60000000000,0.745379,98799242189953,9789256323640,10114873494900,2571905018,182,16
157,40,60000000000,1.000000,94170292147949,10726585220477,10114873494900,2571905018,182,16
157,45,60000000000,1.000000,89873101239197,13227551808093,10114873494900,2571905018,182,16
157,50,60000000000,1.000000,89949675846824,13150977200466,10114873494900,2571905018,182,16
157,55,60000000000,1.000000,90026762155898,13073890891392,10114873494900,2571905018,182,16
157,60,60000000000,1.000000,90129146590444,12971506456846,10114873494900,2571905018,182,16
157,65,60000000000,1.000000,90245924924608,12854728122682,10114873494900,2571905018,182,16
157,70,60000000000,1.000000,90360492009832,12740161037458,10114873494900,2571905018,182,16
157,75,60000000000,1.000000,90467603828024,12633049219266,10114873494900,2571905018,182,16
157,80,60000000000,1.000000,90566278099224,12534374948066,10114873494900,2571905018,182,16
157,85,60000000000,1.000000,90648299177048,12452353870242,10114873494900,2571905018,182,16
157,90,60000000000,1.000000,90798825421144,12301827626146,10114873494900,2571905018,182,16
157,95,60000000000,1.000000,90875327033584,12225326013706,10114873494900,2571905018,182,16
157,100,60000000000,1.000000,90971095047736,12129557999554,10114873494900,2571905018,182,16
157,105,60000000000,1.000000,91080356603976,12020296443314,10114873494900,2571905018,182,16
157,110,60000000000,1.000000,91187486860728,11913166186562,10114873494900,2571905018,182,16
157,115,60000000000,1.000000,91287645789976,11813007257314,10114873494900,2571905018,182,16
157,120,60000000000,1.000000,91379914873904,11720738173386,10114873494900,2571905018,182,16
157,125,60000000000,1.000000,91456611763664,11644041283626,10114873494900,2571905018,182,16
157,130,60000000000,1.000000,91597366982760,11503286064530,10114873494900,2571905018,182,16
157,135,60000000000,1.000000,91668902689224,11431750358066,10114873494900,2571905018,182,16
157,140,60000000000,1.000000,91758454168408,11342198878882,10114873494900,2571905018,182,16
157,145,60000000000,1.000000,91860623291040,11240029756250,10114873494900,2571905018,182,16
157,150,60000000000,1.000000,91960799461992,11139853585298,10114873494900,2571905018,182,16
157,155,60000000000,1.000000,92054456831120,11046196216170,10114873494900,2571905018,182,16
157,160,60000000000,1.000000,92140736504296,10959916542994,10114873494900,2571905018,182,16
157,165,60000000000,1.000000,92212454812304,10888198234986,10114873494900,2571905018,182,16
157,170,60000000000,1.000000,92344073267400,10756579779890,10114873494900,2571905018,182,16
157,175,60000000000,1.000000,92410965416968,10689687630322,10114873494900,2571905018,182,16
157,180,60000000000,1.000000,92494703891480,10605949155810,10114873494900,2571905018,182,16
157,185,60000000000,1.000000,92590240967584,10510412079706,10114873494900,2571905018,182,16
157,190,60000000000,1.000000,92683914459424,10416738587866,10114873494900,2571905018,182,16
157,195,60000000000,1.000000,92771492300672,10329160746618,10114873494900,2571905018,182,16
158,0,60000000000,1.000000,105547699403677,3007687669302,10094107927021,3525602744,0,0
158,5,60000000000,1.000000,105557216327010,2991323579745,10100955093245,3525602744,0,0
158,10,60000000000,1.000000,105577120643996,2970441424695,10101932931309,3525602744,0,0
158,15,60000000000,1.000000,105605015115556,2942546953135,10101932931309,3525602744,0,0
158,20,60000000000,1.000000,105627259512964,2920302555727,10101932931309,3525602744,0,0
158,25,60000000000,1.000000,105651434835692,2896127232999,10101932931309,3525602744,0,0
158,30,72000000000,0.980935,103644952913280,4992012056207,10107701931410,3325768621,35,5
158,35,60000000000,0.448214,100188689931488,18544352625491,10148974612541,3179622706,171,9
158,40,60000000000,0.981885,95241809773854,13503324360415,10148974612541,3179622706,171,9
158,45,60000000000,1.000000,92811153052287,12092889643975,10148974612541,3179622706,171,9
158,50,60000000000,1.000000,92955312965692,11948729730570,10148974612541,3179622706,171,9
158,55,60000000000,1.000000,93006814839511,11897227856751,10148974612541,3179622706,171,9
158,60,60000000000,1.000000,93123613390247,11780429306015,10148974612541,3179622706,171,9
158,65,60000000000,1.000000,93254890460700,11649152235562,10148974612541,3179622706,171,9
158,70,60000000000,1.000000,93312645207052,11591397489210,10148974612541,3179622706,171,9
158,75,60000000000,1.000000,93430856641500,11473186054762,10148974612541,3179622706,171,9
158,80,60000000000,1.000000,93522267333492,11381775362770,10148974612541,3179622706,171,9
158,85,60000000000,1.000000,93598086223316,11305956472946,10148974612541,3179622706,171,9
158,90,60000000000,1.000000,93730077299636,11173965396626,10148974612541,3179622706,171,9
158,95,60000000000,1.000000,93779049579516,11124993116746,10148974612541,3179622706,171,9
158,100,60000000000,1.000000,93888266451372,11015776244890,10148974612541,3179622706,171,9
158,105,60000000000,1.000000,94011065273980,10892977422282,10148974612541,3179622706,171,9
158,110,60000000000,1.000000,94065071019020,10838971677242,10148974612541,3179622706,171,9
158,115,60000000000,1.000000,94175609061548,10728433634714,10148974612541,3179622706,171,9
158,120,60000000000,1.000000,94261086062940,10642956633322,10148974612541,3179622706,171,9
158,125,60000000000,1.000000,94331983364124,10572059332138,10148974612541,3179622706,171,9
158,130,60000000000,1.000000,94455406578188,10448636118074,10148974612541,3179622706,171,9
158,135,60000000000,1.000000,94501199948108,10402842748154,10148974612541,3179622706,171,9
158,140,60000000000,1.000000,94603327286820,10300715409442,10148974612541,3179622706,171,9
158,145,60000000000,1.000000,94718154938772,10185887757490,10148974612541,3179622706,171,9
158,150,60000000000,1.000000,94768655039340,10135387656922,10148974612541,3179622706,171,9
158,155,60000000000,1.000000,94872017788372,10032024907890,10148974612541,3179622706,171,9
158,160,60000000000,1.000000,94951946269564,9952096426698,10148974612541,3179622706,171,9
158,165,60000000000,1.000000,95018241454140,9885801242122,10148974612541,3179622706,171,9
158,170,60000000000,1.000000,95133652966908,9770389729354,10148974612541,3179622706,171,9
158,175,60000000000,1.000000,95176473777668,9727568918594,10148974612541,3179622706,171,9
158,180,60000000000,1.000000,95271971782276,9632070913986,10148974612541,3179622706,171,9
158,185,60000000000,1.000000,95379345691780,9524697004482,10148974612541,3179622706,171,9
158,190,60000000000,1.000000,95426567707844,9477474988418,10148974612541,3179622706,171,9
158,195,60000000000,1.000000,95523220929132,9380821767130,10148974612541,3179622706,171,9
159,0,60000000000,1.000000,94631083692588,2996996543372,10082773764040,2851334750,0,0
159,5,60000000000,1.000000,94641092381611,2981102576513,10088659041876,2851334750,0,0
159,10,60000000000,1.000000,94661277681160,2960102046557,10089474272283,2851334750,0,0
159,15,60000000000,1.000000,94688272675040,2933107052677,10089474272283,2851334750,0,0
159,20,60000000000,1.000000,94711081598616,2910298129101,10089474272283,2851334750,0,0
159,25,60000000000,1.000000,94737704284344,2883675443373,10089474272283,2851334750,0,0
159,30,72000000000,0.722670,94513959316701,4297356566646,10091325961624,2830730308,32,1
159,35,60000000000,0.814983,88376198289200,11309878647538,10117296403284,2386258608,175,10
159,40,60000000000,1.000000,83551779308201,12319650732303,10117296403284,2386258608,175,10
159,45,60000000000,1.000000,81509752747855,11378432892271,10117296403284,2386258608,175,10
159,50,60000000000,1.000000,81587368054300,11300817585826,10117296403284,2386258608,175,10
159,55,60000000000,1.000000,81634231703550,11253953936576,10117296403284,2386258608,175,10
159,60,60000000000,1.000000,81746539959534,11141645680592,10117296403284,2386258608,175,10
159,65,60000000000,1.000000,81871972392398,11016213247728,10117296403284,2386258608,175,10
159,70,60000000000,1.000000,81918470505174,10969715134952,10117296403284,2386258608,175,10
159,75,60000000000,1.000000,82037634101854,10850551538272,10117296403284,2386258608,175,10
159,80,60000000000,1.000000,82128148442070,10760037198056,10117296403284,2386258608,175,10
159,85,60000000000,1.000000,82198097743534,10690087896592,10117296403284,2386258608,175,10
159,90,60000000000,1.000000,82319525962086,10568659678040,10117296403284,2386258608,175,10
159,95,60000000000,1.000000,82364641389262,10523544250864,10117296403284,2386258608,175,10
159,100,60000000000,1.000000,82469762366094,10418423274032,10117296403284,2386258608,175,10
159,105,60000000000,1.000000,82587061594262,10301124045864,10117296403284,2386258608,175,10
159,110,60000000000,1.000000,82630541401326,10257644238800,10117296403284,2386258608,175,10
159,115,60000000000,1.000000,82741969798894,10146215841232,10117296403284,2386258608,175,10
159,120,60000000000,1.000000,82826608632998,10061577007128,10117296403284,2386258608,175,10
159,125,60000000000,1.000000,82892017355102,9996168285024,10117296403284,2386258608,175,10
159,130,60000000000,1.000000,83005563372334,9882622267792,10117296403284,2386258608,175,10
159,135,60000000000,1.000000,83047750247206,9840435392920,10117296403284,2386258608,175,10
159,140,60000000000,1.000000,83146047565326,9742138074800,10117296403284,2386258608,175,10
159,145,60000000000,1.000000,83255732615006,9632453025120,10117296403284,2386258608,175,10
159,150,60000000000,1.000000,83296390041990,9591795598136,10117296403284,2386258608,175,10
159,155,60000000000,1.000000,83400585350934,9487600289192,10117296403284,2386258608,175,10
159,160,60000000000,1.000000,83479730072262,9408455567864,10117296403284,2386258608,175,10
159,165,60000000000,1.000000,83540892954950,9347292685176,10117296403284,2386258608,175,10
159,170,60000000000,1.000000,83647068423734,9241117216392,10117296403284,2386258608,175,10
159,175,60000000000,1.000000,83686516845870,9201668794256,10117296403284,2386258608,175,10
159,180,60000000000,1.000000,83778433445798,9109752194328,10117296403284,2386258608,175,10
159,185,60000000000,1.000000,83880998571918,9007187068208,10117296403284,2386258608,175,10
159,190,60000000000,1.000000,83919016826382,8969168813744,10117296403284,2386258608,175,10
159,195,60000000000,1.000000,84016448564102,8871737076024,10117296403284,2386258608,175,10
160,0,60000000000,1.000000,105222201398054,2946953466593,10092054135353,3363785006,0,0
160,5,60000000000,1.000000,105233442646698,2930274086724,10097492266578,3363785006,0,0
160,10,60000000000,1.000000,105254092624408,2909233273890,10097883101702,3363785006,0,0
160,15,60000000000,1.000000,105276656725692,2886593133906,10097959140402,3363785006,0,0
160,20,60000000000,1.000000,105305653614604,2857596244994,10097959140402,3363785006,0,0
160,25,60000000000,1.000000,105326672133596,2836577726002,10097959140402,3363785006,0,0
160,30,72000000000,0.732596,104883264637596,4467467196745,10105097378442,3331780183,40,0
160,35,60000000000,0.336612,102715777745272,16111863374506,10121991045916,3170207686,181,8
160,40,60000000000,0.980542,97048662282676,11310641140344,10121991045916,3170207686,181,8
160,45,60000000000,1.000000,95158489920911,10804279828584,10121991045916,3170207686,181,8
160,50,60000000000,1.000000,95230724729547,10732045019948,10121991045916,3170207686,181,8
160,55,60000000000,1.000000,95275746549183,10687023200312,10121991045916,3170207686,181,8
160,60,60000000000,1.000000,95383065200302,10579704549193,10121991045916,3170207686,181,8
160,65,60000000000,1.000000,95498561396801,10464208352694,10121991045916,3170207686,181,8
160,70,60000000000,1.000000,95550753240377,10412016509118,10121991045916,3170207686,181,8
160,75,60000000000,1.000000,95658242317441,10304527432054,10121991045916,3170207686,181,8
160,80,60000000000,1.000000,95749564214673,10213205534822,10121991045916,3170207686,181,8
160,85,60000000000,1.000000,95809844559481,10152925190014,10121991045916,3170207686,181,8
160,90,60000000000,1.000000,95924948898121,10037820851374,10121991045916,3170207686,181,8
160,95,60000000000,1.000000,95969030100129,9993739649366,10121991045916,3170207686,181,8
160,100,60000000000,1.000000,96069496103521,9893273645974,10121991045916,3170207686,181,8
160,105,60000000000,1.000000,96177818616569,9784951132926,10121991045916,3170207686,181,8
160,110,60000000000,1.000000,96226622560497,9736147188998,10121991045916,3170207686,181,8
160,115,60000000000,1.000000,96327134259801,9635635489694,10121991045916,3170207686,181,8
160,120,60000000000,1.000000,96412528230337,9550241519158,10121991045916,3170207686,181,8
160,125,60000000000,1.000000,96468895631361,9493874118134,10121991045916,3170207686,181,8
160,130,60000000000,1.000000,96576528267041,9386241482454,10121991045916,3170207686,181,8
160,135,60000000000,1.000000,96617748050841,9345021698654,10121991045916,3170207686,181,8
160,140,60000000000,1.000000,96711692561257,9251077188238,10121991045916,3170207686,181,8
160,145,60000000000,1.000000,96812983596129,9149786153366,10121991045916,3170207686,181,8
160,150,60000000000,1.000000,96858619557241,9104150192254,10121991045916,3170207686,181,8
160,155,60000000000,1.000000,96952606797265,9010162952230,10121991045916,3170207686,181,8
160,160,60000000000,1.000000,97032457637065,8930312112430,10121991045916,3170207686,181,8
160,165,60000000000,1.000000,97085166092705,8877603656790,10121991045916,3170207686,181,8
160,170,60000000000,1.000000,97185812032073,8776957717422,10121991045916,3170207686,181,8
160,175,60000000000,1.000000,97224356139345,8738413610150,10121991045916,3170207686,181,8
160,180,60000000000,1.000000,97312202482793,8650567266702,10121991045916,3170207686,181,8
160,185,60000000000,1.000000,97406918469953,8555851279542,10121991045916,3170207686,181,8
160,190,60000000000,1.000000,97449592089641,8513177659854,10121991045916,3170207686,181,8
160,195,60000000000,1.000000,97537478389241,8425291360254,10121991045916,3170207686,181,8
161,0,60000000000,1.000000,125070494979253,3178639261398,10121703759349,4436245086,0,0
161,5,60000000000,1.000000,125079700868546,3164126935087,10127010196367,4436245086,0,0
161,10,60000000000,1.000000,125107277049809,3135485535144,10128075415047,4436245086,0,0
161,15,60000000000,1.000000,125128743359209,3113885255648,10128209385143,4436245086,0,0
161,20,60000000000,1.000000,125155263963793,3087364651064,10128209385143,4436245086,0,0
161,25,60000000000,1.000000,125183736815881,3058891798976,10128209385143,4436245086,0,0
161,30,72000000000,0.636905,124911703849762,5225261013108,10131137280453,4417694017,36,1
161,35,60000000000,0.355842,120179920020348,22572474711398,10158672237039,4053773387,178,5
161,40,60000000000,0.835713,114648681484010,16229829156255,10158672237039,4053773387,178,5
161,45,60000000000,1.000000,111717434439733,12310361116471,10158672237039,4053773387,178,5
161,50,60000000000,1.000000,111924314417489,12103481138715,10158672237039,4053773387,178,5
161,55,60000000000,1.000000,112001771649215,12026023906989,10158672237039,4053773387,178,5
161,60,60000000000,1.000000,112089680286196,11938115270008,10158672237039,4053773387,178,5
161,65,60000000000,1.000000,112220436679982,11807358876222,10158672237039,4053773387,178,5
161,70,60000000000,1.000000,112305180164358,11722615391846,10158672237039,4053773387,178,5
161,75,60000000000,1.000000,112397317931558,11630477624646,10158672237039,4053773387,178,5
161,80,60000000000,1.000000,112496491085662,11531304470542,10158672237039,4053773387,178,5
161,85,60000000000,1.000000,112592876705910,11434918850294,10158672237039,4053773387,178,5
161,90,60000000000,1.000000,112704703817278,11323091738926,10158672237039,4053773387,178,5
161,95,60000000000,1.000000,112778221873094,11249573683110,10158672237039,4053773387,178,5
161,100,60000000000,1.000000,112861239910822,11166555645382,10158672237039,4053773387,178,5
161,105,60000000000,1.000000,112986881071326,11040914484878,10158672237039,4053773387,178,5
161,110,60000000000,1.000000,113066123649758,10961671906446,10158672237039,4053773387,178,5
161,115,60000000000,1.000000,113152280530038,10875515026166,10158672237039,4053773387,178,5
161,120,60000000000,1.000000,113245016113254,10782779442950,10158672237039,4053773387,178,5
161,125,60000000000,1.000000,113335145108174,10692650448030,10158672237039,4053773387,178,5
161,130,60000000000,1.000000,113439713249638,10588082306566,10158672237039,4053773387,178,5
161,135,60000000000,1.000000,113508459069686,10519336486518,10158672237039,4053773387,178,5
161,140,60000000000,1.000000,113586088204302,10441707351902,10158672237039,4053773387,178,5
161,145,60000000000,1.000000,113703573691110,10324221865094,10158672237039,4053773387,178,5
161,150,60000000000,1.000000,113777672440742,10250123115462,10158672237039,4053773387,178,5
161,155,60000000000,1.000000,113858236668166,10169558888038,10158672237039,4053773387,178,5
161,160,60000000000,1.000000,113944952558718,10082842997486,10158672237039,4053773387,178,5
161,165,60000000000,1.000000,114029231061190,9998564495014,10158672237039,4053773387,178,5
161,170,60000000000,1.000000,114127011429806,9900784126398,10158672237039,4053773387,178,5
161,175,60000000000,1.000000,114191294791046,9836500765158,10158672237039,4053773387,178,5
161,180,60000000000,1.000000,114263884829582,9763910726622,10158672237039,4053773387,178,5
161,185,60000000000,1.000000,114373744047430,9654051508774,10158672237039,4053773387,178,5
161,190,60000000000,1.000000,114443032866766,9584762689438,10158672237039,4053773387,178,5
161,195,60000000000,1.000000,114518367474030,9509428082174,10158672237039,4053773387,178,5
162,0,60000000000,1.000000,98029458941794,2919885411114,10085725647092,2835030292,0,0
162,5,60000000000,1.000000,98037764292184,2906413832479,10090891875337,2835030292,0,0
162,10,60000000000,1.000000,98061923085887,2880682613144,10092464300969,2835030292,0,0
162,15,60000000000,1.000000,98084763316449,2857706407240,10092600276311,2835030292,0,0
162,20,60000000000,1.000000,98107913622209,2834556101480,10092600276311,2835030292,0,0
162,25,60000000000,1.000000,98132405091697,2810064631992,10092600276311,2835030292,0,0
162,30,72000000000,0.927312,97493396069697,3716073274520,10095715604962,2782465136,36,2
162,35,60000000000,0.474977,95060741226112,12346433635048,10110055979984,2575087879,168,12
162,40,60000000000,0.794983,93445036020447,9408981831373,10110055979984,2575087879,168,12
162,45,60000000000,1.000000,91486805727526,6780063508381,10110055979984,2575087879,168,12
162,50,60000000000,1.000000,91562692893519,6704176342388,10110055979984,2575087879,168,12
162,55,60000000000,1.000000,91598851680971,6668017554936,10110055979984,2575087879,168,12
162,60,60000000000,1.000000,91659512758230,6607356477677,10110055979984,2575087879,168,12
162,65,60000000000,1.000000,91729776538376,6537092697531,10110055979984,2575087879,168,12
162,70,60000000000,1.000000,91767512780768,6499356455139,10110055979984,2575087879,168,12
162,75,60000000000,1.000000,91829701997416,6437167238491,10110055979984,2575087879,168,12
162,80,60000000000,1.000000,91877626642968,6389242592939,10110055979984,2575087879,168,12
162,85,60000000000,1.000000,91926267368744,6340601867163,10110055979984,2575087879,168,12
162,90,60000000000,1.000000,91996914744320,6269954491587,10110055979984,2575087879,168,12
162,95,60000000000,1.000000,92031687391840,6235181844067,10110055979984,2575087879,168,12
162,100,60000000000,1.000000,92088411776368,6178457459539,10110055979984,2575087879,168,12
162,105,60000000000,1.000000,92154115118904,6112754117003,10110055979984,2575087879,168,12
162,110,60000000000,1.000000,92189401809936,6077467425971,10110055979984,2575087879,168,12
162,115,60000000000,1.000000,92247554173136,6019315062771,10110055979984,2575087879,168,12
162,120,60000000000,1.000000,92292367913192,5974501322715,10110055979984,2575087879,168,12
162,125,60000000000,1.000000,92337851251000,5929017984907,10110055979984,2575087879,168,12
162,130,60000000000,1.000000,92403912733400,5862956502507,10110055979984,2575087879,168,12
162,135,60000000000,1.000000,92436428203720,5830441032187,10110055979984,2575087879,168,12
162,140,60000000000,1.000000,92489470470184,5777398765723,10110055979984,2575087879,168,12
162,145,60000000000,1.000000,92550908848736,5715960387171,10110055979984,2575087879,168,12
162,150,60000000000,1.000000,92583904994720,5682964241187,10110055979984,2575087879,168,12
162,155,60000000000,1.000000,92638282546400,5628586689507,10110055979984,2575087879,168,12
162,160,60000000000,1.000000,92680187317536,5586681918371,10110055979984,2575087879,168,12
162,165,60000000000,1.000000,92722718221176,5544151014731,10110055979984,2575087879,168,12
162,170,60000000000,1.000000,92784491491880,5482377744027,10110055979984,2575087879,168,12
162,175,60000000000,1.000000,92814896303904,5451972932003,10110055979984,2575087879,168,12
162,180,60000000000,1.000000,92864495467672,5402373768235,10110055979984,2575087879,168,12
162,185,60000000000,1.000000,92921945731584,5344923504323,10110055979984,2575087879,168,12
162,190,60000000000,1.000000,92952800017488,5314069218419,10110055979984,2575087879,168,12
162,195,60000000000,1.000000,93003647789864,5263221446043,10110055979984,2575087879,168,12
163,0,60000000000,1.000000,93021072513111,2896126804127,10076234682762,2513817948,0,0
163,5,60000000000,1.000000,93027601325468,2885152558485,10080680116047,2513817948,0,0
163,10,60000000000,1.000000,93055425871938,2856749305876,10081258822186,2513817948,0,0
163,15,60000000000,1.000000,93073648855890,2838526321924,10081258822186,2513817948,0,0
163,20,60000000000,1.000000,93099407599954,2812767577860,10081258822186,2513817948,0,0
163,25,60000000000,1.000000,93126811216826,2785363960988,10081258822186,2513817948,0,0
163,30,72000000000,0.650603,92280575724678,5576261016600,10084927296046,2438410154,40,4
163,35,60000000000,0.398276,90293637226866,14056194937954,10101552967985,2282911883,154,12
163,40,60000000000,1.000000,87076373568025,8763523576096,10101552967985,2282911883,154,12
163,45,60000000000,1.000000,84949216439464,8408168928832,10101552967985,2282911883,154,12
163,50,60000000000,1.000000,85087820403412,8269564964884,10101552967985,2282911883,154,12
163,55,60000000000,1.000000,85138869161017,8218516207279,10101552967985,2282911883,154,12
163,60,60000000000,1.000000,85203581267833,8153804100463,10101552967985,2282911883,154,12
163,65,60000000000,1.000000,85290665155761,8066720212535,10101552967985,2282911883,154,12
163,70,60000000000,1.000000,85344812700545,8012572667751,10101552967985,2282911883,154,12
163,75,60000000000,1.000000,85415449604761,7941935763535,10101552967985,2282911883,154,12
163,80,60000000000,1.000000,85478095742905,7879289625391,10101552967985,2282911883,154,12
163,85,60000000000,1.000000,85528935685897,7828449682399,10101552967985,2282911883,154,12
163,90,60000000000,1.000000,85623756225985,7733629142311,10101552967985,2282911883,154,12
163,95,60000000000,1.000000,85672353036433,7685032331863,10101552967985,2282911883,154,12
163,100,60000000000,1.000000,85732864522217,7624520846079,10101552967985,2282911883,154,12
163,105,60000000000,1.000000,85814295582817,7543089785479,10101552967985,2282911883,154,12
163,110,60000000000,1.000000,85864928278673,7492457089623,10101552967985,2282911883,154,12
163,115,60000000000,1.000000,85930979969545,7426405398751,10101552967985,2282911883,154,12
163,120,60000000000,1.000000,85989559594305,7367825773991,10101552967985,2282911883,154,12
163,125,60000000000,1.000000,86037099392665,7320285975631,10101552967985,2282911883,154,12
163,130,60000000000,1.000000,86125764900697,7231620467599,10101552967985,2282911883,154,12
163,135,60000000000,1.000000,86171207174001,7186178194295,10101552967985,2282911883,154,12
163,140,60000000000,1.000000,86227790711881,7129594656415,10101552967985,2282911883,154,12
163,145,60000000000,1.000000,86303935884057,7053449484239,10101552967985,2282911883,154,12
163,150,60000000000,1.000000,86351281888217,7006103480079,10101552967985,2282911883,154,12
163,155,60000000000,1.000000,86413046002897,6944339365399,10101552967985,2282911883,154,12
163,160,60000000000,1.000000,86467823081537,6889562286759,10101552967985,2282911883,154,12
163,165,60000000000,1.000000,86512276955833,6845108412463,10101552967985,2282911883,154,12
163,170,60000000000,1.000000,86595186969865,6762198398431,10101552967985,2282911883,154,12
163,175,60000000000,1.000000,86637679474433,6719705893863,10101552967985,2282911883,154,12
163,180,60000000000,1.000000,86690590037193,6666795331103,10101552967985,2282911883,154,12
163,185,60000000000,1.000000,86761792440889,6595592927407,10101552967985,2282911883,154,12
163,190,60000000000,1.000000,86806065100817,6551320267479,10101552967985,2282911883,154,12
163,195,60000000000,1.000000,86863819956449,6493565411847,10101552967985,2282911883,154,12
164,0,60000000000,1.000000,96124884744346,2916394870505,10080711385149,2897405756,0,0
164,5,60000000000,1.000000,96134057658324,2900504049405,10087429292271,2897405756,0,0
164,10,60000000000,1.000000,96154006653187,2879979888828,10088004457985,2897405756,0,0
164,15,60000000000,1.000000,96178482014501,2855465597324,10088043388175,2897405756,0,0
164,20,60000000000,1.000000,96204250149837,2829697461988,10088043388175,2897405756,0,0
164,25,60000000000,1.000000,96223978868245,2809968743580,10088043388175,2897405756,0,0
164,30,72000000000,0.919778,95681014795286,3639614438396,10093339199855,2851914741,42,0
164,35,60000000000,0.572991,92239837388291,11778941593790,10132927730635,2638000143,196,8
164,40,60000000000,0.877513,86564551057692,14158786478825,10132927730635,2638000143,196,8
164,45,60000000000,1.000000,84091547286228,12035572481537,10132927730635,2638000143,196,8
164,50,60000000000,1.000000,84157074409233,11970045358532,10132927730635,2638000143,196,8
164,55,60000000000,1.000000,84200370519382,11926749248383,10132927730635,2638000143,196,8
164,60,60000000000,1.000000,84325269112484,11801850655281,10132927730635,2638000143,196,8
164,65,60000000000,1.000000,84438189167234,11688930600531,10132927730635,2638000143,196,8
164,70,60000000000,1.000000,84513033356730,11614086411035,10132927730635,2638000143,196,8
164,75,60000000000,1.000000,84635222809506,11491896958259,10132927730635,2638000143,196,8
164,80,60000000000,1.000000,84731681442986,11395438324779,10132927730635,2638000143,196,8
164,85,60000000000,1.000000,84800568868170,11326550899595,10132927730635,2638000143,196,8
164,90,60000000000,1.000000,84932215536538,11194904231227,10132927730635,2638000143,196,8
164,95,60000000000,1.000000,84974252233138,11152867534627,10132927730635,2638000143,196,8
164,100,60000000000,1.000000,85091173408762,11035946359003,10132927730635,2638000143,196,8
164,105,60000000000,1.000000,85196946090922,10930173676843,10132927730635,2638000143,196,8
164,110,60000000000,1.000000,85266931961938,10860187805827,10132927730635,2638000143,196,8
164,115,60000000000,1.000000,85381189799858,10745929967907,10132927730635,2638000143,196,8
164,120,60000000000,1.000000,85471387068714,10655732699051,10132927730635,2638000143,196,8
164,125,60000000000,1.000000,85535802843506,10591316924259,10132927730635,2638000143,196,8
164,130,60000000000,1.000000,85658904005986,10468215761779,10132927730635,2638000143,196,8
164,135,60000000000,1.000000,85698211998218,10428907769547,10132927730635,2638000143,196,8
164,140,60000000000,1.000000,85807543535602,10319576232163,10132927730635,2638000143,196,8
164,145,60000000000,1.000000,85906450255474,10220669512291,10132927730635,2638000143,196,8
164,150,60000000000,1.000000,85971893173218,10155226594547,10132927730635,2638000143,196,8
164,155,60000000000,1.000000,86078734256682,10048385511083,10132927730635,2638000143,196,8
164,160,60000000000,1.000000,86163076601218,9964043166547,10132927730635,2638000143,196,8
164,165,60000000000,1.000000,86223310991178,9903808776587,10132927730635,2638000143,196,8
164,170,60000000000,1.000000,86338421357578,9788698410187,10132927730635,2638000143,196,8
164,175,60000000000,1.000000,86375177772226,9751941995539,10132927730635,2638000143,196,8
164,180,60000000000,1.000000,86477412333290,9649707434475,10132927730635,2638000143,196,8
164,185,60000000000,1.000000,86569898777106,9557220990659,10132927730635,2638000143,196,8
164,190,60000000000,1.000000,86631093635682,9496026132083,10132927730635,2638000143,196,8
164,195,60000000000,1.000000,86730999404146,9396120363619,10132927730635,2638000143,196,8
165,0,60000000000,1.000000,89221391623867,2823925461665,10061743914468,2144201148,0,0
165,5,60000000000,1.000000,89229349734309,2809872530536,10067838735155,2144201148,0,0
165,10,60000000000,1.000000,89246620371637,2790421143203,10070019485160,2144201148,0,0
165,15,60000000000,1.000000,89274149476317,2762808978923,10070102544760,2144201148,0,0
165,20,60000000000,1.000000,89297629297957,2739329157283,10070102544760,2144201148,0,0
165,25,60000000000,1.000000,89315721558077,2721236897163,10070102544760,2144201148,0,0
165,30,72000000000,0.833475,88768710696353,3912287335775,10077557225799,2111767100,32,1
165,35,60000000000,0.492606,87281532576290,9622181669983,10085583403578,1994826213,175,7
165,40,60000000000,1.000000,83360997436592,8502105490437,10085583403578,1994826213,175,7
165,45,60000000000,1.000000,80891676124418,9484244639405,10085583403578,1994826213,175,7
165,50,60000000000,1.000000,80967909626031,9408011137792,10085583403578,1994826213,175,7
165,55,60000000000,1.000000,81037578625431,9338342138392,10085583403578,1994826213,175,7
165,60,60000000000,1.000000,81104849064231,9271071699592,10085583403578,1994826213,175,7
165,65,60000000000,1.000000,81189823448009,9186097315814,10085583403578,1994826213,175,7
165,70,60000000000,1.000000,81256040731425,9119880032398,10085583403578,1994826213,175,7
165,75,60000000000,1.000000,81345253191873,9030667571950,10085583403578,1994826213,175,7
165,80,60000000000,1.000000,81418735244457,8957185519366,10085583403578,1994826213,175,7
165,85,60000000000,1.000000,81478001194921,8897919568902,10085583403578,1994826213,175,7
165,90,60000000000,1.000000,81577078369025,8798842394798,10085583403578,1994826213,175,7
165,95,60000000000,1.000000,81643615259145,8732305504678,10085583403578,1994826213,175,7
165,100,60000000000,1.000000,81706592490761,8669328273062,10085583403578,1994826213,175,7
165,105,60000000000,1.000000,81786115368833,8589805394990,10085583403578,1994826213,175,7
165,110,60000000000,1.000000,81848034327169,8527886436654,10085583403578,1994826213,175,7
165,115,60000000000,1.000000,81931455789497,8444464974326,10085583403578,1994826213,175,7
165,120,60000000000,1.000000,82000167943161,8375752820662,10085583403578,1994826213,175,7
165,125,60000000000,1.000000,82055586796569,8320333967254,10085583403578,1994826213,175,7
165,130,60000000000,1.000000,82148232630153,8227688133670,10085583403578,1994826213,175,7
165,135,60000000000,1.000000,82210450448713,8165470315110,10085583403578,1994826213,175,7
165,140,60000000000,1.000000,82269339674849,8106581088974,10085583403578,1994826213,175,7
165,145,60000000000,1.000000,82343700529265,8032220234558,10085583403578,1994826213,175,7
165,150,60000000000,1.000000,82401600177201,7974320586622,10085583403578,1994826213,175,7
165,155,60000000000,1.000000,82479606549425,7896314214398,10085583403578,1994826213,175,7
165,160,60000000000,1.000000,82543858429905,7832062333918,10085583403578,1994826213,175,7
165,165,60000000000,1.000000,82595679910681,7780240853142,10085583403578,1994826213,175,7
165,170,60000000000,1.000000,82682311877537,7693608886286,10085583403578,1994826213,175,7
165,175,60000000000,1.000000,82740490986105,7635429777718,10085583403578,1994826213,175,7
165,180,60000000000,1.000000,82795557569297,7580363194526,10085583403578,1994826213,175,7
165,185,60000000000,1.000000,82865091479449,7510829284374,10085583403578,1994826213,175,7
165,190,60000000000,1.000000,82919232720217,7456688043606,10085583403578,1994826213,175,7
165,195,60000000000,1.000000,82992175508753,7383745255070,10085583403578,1994826213,175,7
166,0,60000000000,1.000000,99545598499133,2984078808307,10083602692560,2815577610,0,0
166,5,60000000000,1.000000,99552177946910,2970613021521,10090489031569,2815577610,0,0
166,10,60000000000,1.000000,99577405351001,2944267407307,10091607241692,2815577610,0,0
166,15,60000000000,1.000000,99599227551289,2922445207019,10091607241692,2815577610,0,0
166,20,60000000000,1.000000,99626080796929,2895591961379,10091607241692,2815577610,0,0
166,25,60000000000,1.000000,99647559976545,2874112781763,10091607241692,2815577610,0,0
166,30,72000000000,1.000000,97606925974593,3800409092948,10097427756637,2642077314,37,2
166,35,60000000000,0.616076,94346410665516,13208960964805,10129140726877,2448464825,184,12
166,40,60000000000,0.859539,91994496909376,12203800176234,10129140726877,2448464825,184,12
166,45,60000000000,1.000000,89951385067825,8282059526842,10129140726877,2448464825,184,12
166,50,60000000000,1.000000,90028937385148,8204507209519,10129140726877,2448464825,184,12
166,55,60000000000,1.000000,90061260172697,8172184421970,10129140726877,2448464825,184,12
166,60,60000000000,1.000000,90145841985028,8087602609639,10129140726877,2448464825,184,12
166,65,60000000000,1.000000,90231129637890,8002314956777,10129140726877,2448464825,184,12
166,70,60000000000,1.000000,90271683894210,7961760700457,10129140726877,2448464825,184,12
166,75,60000000000,1.000000,90356059943314,7877384651353,10129140726877,2448464825,184,12
166,80,60000000000,1.000000,90408241494714,7825203099953,10129140726877,2448464825,184,12
166,85,60000000000,1.000000,90469591710938,7763852883729,10129140726877,2448464825,184,12
166,90,60000000000,1.000000,90560815576866,7672629017801,10129140726877,2448464825,184,12
166,95,60000000000,1.000000,90591716728522,7641727866145,10129140726877,2448464825,184,12
166,100,60000000000,1.000000,90670810689658,7562633905009,10129140726877,2448464825,184,12
166,105,60000000000,1.000000,90750579363018,7482865231649,10129140726877,2448464825,184,12
166,110,60000000000,1.000000,90788501143714,7444943450953,10129140726877,2448464825,184,12
166,115,60000000000,1.000000,90867400138058,7366044456609,10129140726877,2448464825,184,12
166,120,60000000000,1.000000,90916194458122,7317250136545,10129140726877,2448464825,184,12
166,125,60000000000,1.000000,90973562282570,7259882312097,10129140726877,2448464825,184,12
166,130,60000000000,1.000000,91058864585266,7174580009401,10129140726877,2448464825,184,12
166,135,60000000000,1.000000,91087759868026,7145684726641,10129140726877,2448464825,184,12
166,140,60000000000,1.000000,91161719647490,7071724947177,10129140726877,2448464825,184,12
166,145,60000000000,1.000000,91236310341874,6997134252793,10129140726877,2448464825,184,12
166,150,60000000000,1.000000,91271770527418,6961674067249,10129140726877,2448464825,184,12
166,155,60000000000,1.000000,91345547995922,6887896598745,10129140726877,2448464825,184,12
166,160,60000000000,1.000000,91391174957778,6842269636889,10129140726877,2448464825,184,12
166,165,60000000000,1.000000,91444818896938,6788625697729,10129140726877,2448464825,184,12
166,170,60000000000,1.000000,91524584019538,6708860575129,10129140726877,2448464825,184,12
166,175,60000000000,1.000000,91551603639066,6681840955601,10129140726877,2448464825,184,12
166,180,60000000000,1.000000,91620762509314,6612682085353,10129140726877,2448464825,184,12
166,185,60000000000,1.000000,91690511340138,6542933254529,10129140726877,2448464825,184,12
166,190,60000000000,1.000000,91723669718746,6509774875921,10129140726877,2448464825,184,12
166,195,60000000000,1.000000,91792658112034,6440786482633,10129140726877,2448464825,184,12
167,0,60000000000,1.000000,93504159578013,2822647250246,10066475171741,2575556332,0,0
167,5,60000000000,1.000000,93509823016513,2811451060514,10072007922973,2575556332,0,0
167,10,60000000000,1.000000,93535991687259,2784726710571,10072563602170,2575556332,0,0
167,15,60000000000,1.000000,93554042485247,2766618011483,10072621503270,2575556332,0,0
167,20,60000000000,1.000000,93580001266687,2740659230043,10072621503270,2575556332,0,0
167,25,60000000000,1.000000,93602133082423,2718527414307,10072621503270,2575556332,0,0
167,30,72000000000,0.675697,93180352662094,4645134644802,10074225960630,2536180546,31,0
167,35,60000000000,0.415313,91204992676486,12255269348763,10098512094343,2408223059,179,4
167,40,60000000000,0.910239,83105898017584,14489460161719,10098512094343,2408223059,179,4
167,45,60000000000,1.000000,81957047878651,12501681039535,10098512094343,2408223059,179,4
167,50,60000000000,1.000000,82054829050962,12403899867224,10098512094343,2408223059,179,4
167,55,60000000000,1.000000,82094673243513,12364055674673,10098512094343,2408223059,179,4
167,60,60000000000,1.000000,82224301488999,12234427429187,10098512094343,2408223059,179,4
167,65,60000000000,1.000000,82371713669531,12087015248655,10098512094343,2408223059,179,4
167,70,60000000000,1.000000,82414630824547,12044098093639,10098512094343,2408223059,179,4
167,75,60000000000,1.000000,82546145014523,11912583903663,10098512094343,2408223059,179,4
167,80,60000000000,1.000000,82675256283827,11783472634359,10098512094343,2408223059,179,4
167,85,60000000000,1.000000,82716552647587,11742176270599,10098512094343,2408223059,179,4
167,90,60000000000,1.000000,82858657265451,11600071652735,10098512094343,2408223059,179,4
167,95,60000000000,1.000000,82897077095451,11561651822735,10098512094343,2408223059,179,4
167,100,60000000000,1.000000,83018296478755,11440432439431,10098512094343,2408223059,179,4
167,105,60000000000,1.000000,83156311237307,11302417680879,10098512094343,2408223059,179,4
167,110,60000000000,1.000000,83196442535331,11262286382855,10098512094343,2408223059,179,4
167,115,60000000000,1.000000,83319419818891,11139309099295,10098512094343,2408223059,179,4
167,120,60000000000,1.000000,83440150161235,11018578756951,10098512094343,2408223059,179,4
167,125,60000000000,1.000000,83478765877531,10979963040655,10098512094343,2408223059,179,4
167,130,60000000000,1.000000,83611646138491,10847082779695,10098512094343,2408223059,179,4
167,135,60000000000,1.000000,83647572043675,10811156874511,10098512094343,2408223059,179,4
167,140,60000000000,1.000000,83760922781555,10697806136631,10098512094343,2408223059,179,4
167,145,60000000000,1.000000,83889978666155,10568750252031,10098512094343,2408223059,179,4
167,150,60000000000,1.000000,83927504943875,10531223974311,10098512094343,2408223059,179,4
167,155,60000000000,1.000000,84042499472515,10416229445671,10098512094343,2408223059,179,4
167,160,60000000000,1.000000,84155392914371,10303336003815,10098512094343,2408223059,179,4
167,165,60000000000,1.000000,84191501990323,10267226927863,10098512094343,2408223059,179,4
167,170,60000000000,1.000000,84315756669979,10142972248207,10098512094343,2408223059,179,4
167,175,60000000000,1.000000,84349350537211,10109378380975,10098512094343,2408223059,179,4
167,180,60000000000,1.000000,84455343402875,10003385515311,10098512094343,2408223059,179,4
167,185,60000000000,1.000000,84576021955747,9882706962439,10098512094343,2408223059,179,4
167,190,60000000000,1.000000,84611112311323,9847616606863,10098512094343,2408223059,179,4
167,195,60000000000,1.000000,84718642265075,9740086653111,10098512094343,2408223059,179,4
168,0,60000000000,1.000000,110740506916293,3131769406677,10112578677030,4220343416,0,0
168,5,60000000000,1.000000,110749559565788,3116809858586,10118485575626,4220343416,0,0
168,10,60000000000,1.000000,110773086516650,3092489500650,10119278982700,4220343416,0,0
168,15,60000000000,1.000000,110798591172146,3066984845154,10119278982700,4220343416,0,0
168,20,60000000000,1.000000,110827662400450,3037913616850,10119278982700,4220343416,0,0
168,25,60000000000,1.000000,110851325436138,3014250581162,10119278982700,4220343416,0,0
168,30,72000000000,0.466879,110628860194986,6927134754204,10121858595040,4204576637,35,3
168,35,60000000000,0.321819,106766879691226,21956488307875,10151952676547,3943408932,180,8
168,40,60000000000,0.877184,102443157562023,12984444125075,10151952676547,3943408932,180,8
168,45,60000000000,1.000000,99938707402741,10786956404707,10151952676547,3943408932,180,8
168,50,60000000000,1.000000,100123319867682,10602343939766,10151952676547,3943408932,180,8
168,55,60000000000,1.000000,100194920485554,10530743321894,10151952676547,3943408932,180,8
168,60,60000000000,1.000000,100275508739188,10450155068260,10151952676547,3943408932,180,8
168,65,60000000000,1.000000,100380673042903,10344990764545,10151952676547,3943408932,180,8
168,70,60000000000,1.000000,100459099851839,10266563955609,10151952676547,3943408932,180,8
168,75,60000000000,1.000000,100547154124815,10178509682633,10151952676547,3943408932,180,8
168,80,60000000000,1.000000,100626940873471,10098722933977,10151952676547,3943408932,180,8
168,85,60000000000,1.000000,100691167084255,10034496723193,10151952676547,3943408932,180,8
168,90,60000000000,1.000000,100810510790879,9915153016569,10151952676547,3943408932,180,8
168,95,60000000000,1.000000,100878450283015,9847213524433,10151952676547,3943408932,180,8
168,100,60000000000,1.000000,100953814800527,9771849006921,10151952676547,3943408932,180,8
168,105,60000000000,1.000000,101052191559319,9673472248129,10151952676547,3943408932,180,8
168,110,60000000000,1.000000,101125527492999,9600136314449,10151952676547,3943408932,180,8
168,115,60000000000,1.000000,101207865948711,9517797858737,10151952676547,3943408932,180,8
168,120,60000000000,1.000000,101282473545159,9443190262289,10151952676547,3943408932,180,8
168,125,60000000000,1.000000,101342530676327,9383133131121,10151952676547,3943408932,180,8
168,130,60000000000,1.000000,101454127492247,9271536315201,10151952676547,3943408932,180,8
168,135,60000000000,1.000000,101517656866647,9208006940801,10151952676547,3943408932,180,8
168,140,60000000000,1.000000,101588129289775,9137534517673,10151952676547,3943408932,180,8
168,145,60000000000,1.000000,101680120173631,9045543633817,10151952676547,3943408932,180,8
168,150,60000000000,1.000000,101748695693191,8976968114257,10151952676547,3943408932,180,8
168,155,60000000000,1.000000,101825689359239,8899974448209,10151952676547,3943408932,180,8
168,160,60000000000,1.000000,101895453994935,8830209812513,10151952676547,3943408932,180,8
168,165,60000000000,1.000000,101951612671503,8774051135945,10151952676547,3943408932,180,8
168,170,60000000000,1.000000,102055965466415,8669698341033,10151952676547,3943408932,180,8
168,175,60000000000,1.000000,102115370994311,8610292813137,10151952676547,3943408932,180,8
168,180,60000000000,1.000000,102181268880919,8544394926529,10151952676547,3943408932,180,8
168,185,60000000000,1.000000,102267288412423,8458375395025,10151952676547,3943408932,180,8
168,190,60000000000,1.000000,102331412528175,8394251279273,10151952676547,3943408932,180,8
168,195,60000000000,1.000000,102403408347935,8322255459513,10151952676547,3943408932,180,8
169,0,60000000000,1.000000,100721728244033,2997390788604,10083696967363,2792766796,0,0
169,5,60000000000,1.000000,100731035795094,2983062122940,10088718081966,2792766796,0,0
169,10,60000000000,1.000000,100754956391530,2958204961071,10089654647399,2792766796,0,0
169,15,60000000000,1.000000,100775601576739,2937556129631,10089658293630,2792766796,0,0
169,20,60000000000,1.000000,100803885813611,2909271892759,10089658293630,2792766796,0,0
169,25,60000000000,1.000000,100828389732843,2884767973527,10089658293630,2792766796,0,0
169,30,72000000000,0.635143,100587549927650,4918100725537,10091569188661,2772138224,27,1
169,35,60000000000,0.373083,98345508415943,14318393494265,10115354574503,2594182932,156,5
169,40,60000000000,0.773140,93146302917355,13634220487296,10115354574503,2594182932,156,5
169,45,60000000000,1.000000,91873793403937,9654319294584,10115354574503,2594182932,156,5
169,50,60000000000,1.000000,91967542460092,9560570238429,10115354574503,2594182932,156,5
169,55,60000000000,1.000000,92008185386120,9519927312401,10115354574503,2594182932,156,5
169,60,60000000000,1.000000,92101308595924,9426804102597,10115354574503,2594182932,156,5
169,65,60000000000,1.000000,92204881123099,9323231575422,10115354574503,2594182932,156,5
169,70,60000000000,1.000000,92251853072347,9276259626174,10115354574503,2594182932,156,5
169,75,60000000000,1.000000,92349489042731,9178623655790,10115354574503,2594182932,156,5
169,80,60000000000,1.000000,92436186598059,9091926100462,10115354574503,2594182932,156,5
169,85,60000000000,1.000000,92485381691587,9042731006934,10115354574503,2594182932,156,5
169,90,60000000000,1.000000,92586942830579,8941169867942,10115354574503,2594182932,156,5
169,95,60000000000,1.000000,92626143914347,8901968784174,10115354574503,2594182932,156,5
169,100,60000000000,1.000000,92713223795691,8814888902830,10115354574503,2594182932,156,5
169,105,60000000000,1.000000,92810074762467,8718037936054,10115354574503,2594182932,156,5
169,110,60000000000,1.000000,92853997648339,8674115050182,10115354574503,2594182932,156,5
169,115,60000000000,1.000000,92945295830131,8582816868390,10115354574503,2594182932,156,5
169,120,60000000000,1.000000,93026365635963,8501747062558,10115354574503,2594182932,156,5
169,125,60000000000,1.000000,93072367356115,8455745342406,10115354574503,2594182932,156,5
169,130,60000000000,1.000000,93167335914091,8360776784430,10115354574503,2594182932,156,5
169,135,60000000000,1.000000,93203992360299,8324120338222,10115354574503,2594182932,156,5
169,140,60000000000,1.000000,93285419674611,8242693023910,10115354574503,2594182932,156,5
169,145,60000000000,1.000000,93375983809275,8152128889246,10115354574503,2594182932,156,5
169,150,60000000000,1.000000,93417055553523,8111057144998,10115354574503,2594182932,156,5
169,155,60000000000,1.000000,93502427348051,8025685350470,10115354574503,2594182932,156,5
169,160,60000000000,1.000000,93578234715387,7949877983134,10115354574503,2594182932,156,5
169,165,60000000000,1.000000,93621250351939,7906862346582,10115354574503,2594182932,156,5
169,170,60000000000,1.000000,93710054269747,7818058428774,10115354574503,2594182932,156,5
169,175,60000000000,1.000000,93744331256755,7783781441766,10115354574503,2594182932,156,5
169,180,60000000000,1.000000,93820472925771,7707639772750,10115354574503,2594182932,156,5
169,185,60000000000,1.000000,93905158322027,7622954376494,10115354574503,2594182932,156,5
169,190,60000000000,1.000000,93943563999403,7584548699118,10115354574503,2594182932,156,5
169,195,60000000000,1.000000,94023394102835,7504718595686,10115354574503,2594182932,156,5
170,0,60000000000,1.000000,114501508907561,3122828603033,10106221489406,4280243268,0,0
170,5,60000000000,1.000000,114511049186226,3108619101846,10110890711928,4280243268,0,0
170,10,60000000000,1.000000,114537728791689,3081003356011,10111826852300,4280243268,0,0
170,15,60000000000,1.000000,114558935964185,3059796183515,10111826852300,4280243268,0,0
170,20,60000000000,1.000000,114586367895593,3032364252107,10111826852300,4280243268,0,0
170,25,60000000000,1.000000,114615270812745,3003461334955,10111826852300,4280243268,0,0
170,30,72000000000,0.686763,114024435110457,5224856689404,10117884173100,4238022034,32,2
170,35,60000000000,0.349972,109302678405855,23552161073994,10185278540969,3915169492,177,6
170,40,60000000000,0.953641,107545172362486,10486240139971,10185278540969,3915169492,177,6
170,45,60000000000,1.000000,102929967029599,10358416869411,10185278540969,3915169492,177,6
170,50,60000000000,1.000000,103175633185428,10112750713582,10185278540969,3915169492,177,6
170,55,60000000000,1.000000,103212734900013,10075648998997,10185278540969,3915169492,177,6
170,60,60000000000,1.000000,103317319898317,9971064000693,10185278540969,3915169492,177,6
170,65,60000000000,1.000000,103403195638711,9885188260299,10185278540969,3915169492,177,6
170,70,60000000000,1.000000,103472767171119,9815616727891,10185278540969,3915169492,177,6
170,75,60000000000,1.000000,103576727964807,9711655934203,10185278540969,3915169492,177,6
170,80,60000000000,1.000000,103633824380783,9654559518227,10185278540969,3915169492,177,6
170,85,60000000000,1.000000,103717550516791,9570833382219,10185278540969,3915169492,177,6
170,90,60000000000,1.000000,103831103491879,9457280407131,10185278540969,3915169492,177,6
170,95,60000000000,1.000000,103866561962127,9421821936883,10185278540969,3915169492,177,6
170,100,60000000000,1.000000,103964363782295,9324020116715,10185278540969,3915169492,177,6
170,105,60000000000,1.000000,104044867254895,9243516644115,10185278540969,3915169492,177,6
170,110,60000000000,1.000000,104109922729647,9178461169363,10185278540969,3915169492,177,6
170,115,60000000000,1.000000,104207135175111,9081248723899,10185278540969,3915169492,177,6
170,120,60000000000,1.000000,104260525323631,9027858575379,10185278540969,3915169492,177,6
170,125,60000000000,1.000000,104338816592303,8949567306707,10185278540969,3915169492,177,6
170,130,60000000000,1.000000,104444998567415,8843385331595,10185278540969,3915169492,177,6
170,135,60000000000,1.000000,104478155342079,8810228556931,10185278540969,3915169492,177,6
170,140,60000000000,1.000000,104569608607943,8718775291067,10185278540969,3915169492,177,6
170,145,60000000000,1.000000,104644886404119,8643497494891,10185278540969,3915169492,177,6
170,150,60000000000,1.000000,104705718969487,8582664929523,10185278540969,3915169492,177,6
170,155,60000000000,1.000000,104796621118223,8491762780787,10185278540969,3915169492,177,6
170,160,60000000000,1.000000,104846545582191,8441838316819,10185278540969,3915169492,177,6
170,165,60000000000,1.000000,104919754774031,8368629124979,10185278540969,3915169492,177,6
170,170,60000000000,1.000000,105019044218559,8269339680451,10185278540969,3915169492,177,6
170,175,60000000000,1.000000,105050048706255,8238335192755,10185278540969,3915169492,177,6
170,180,60000000000,1.000000,105135565517991,8152818381019,10185278540969,3915169492,177,6
170,185,60000000000,1.000000,105205956849143,8082427049867,10185278540969,3915169492,177,6
170,190,60000000000,1.000000,105262840624631,8025543274379,10185278540969,3915169492,177,6
170,195,60000000000,1.000000,105347842093655,7940541805355,10185278540969,3915169492,177,6
171,0,60000000000,1.000000,107387657364130,3074556658244,10095770977626,3147701846,0,0
171,5,60000000000,1.000000,107396284281669,3060444207315,10101256511016,3147701846,0,0
171,10,60000000000,1.000000,107420863972952,3035112631687,10102008395361,3147701846,0,0
171,15,60000000000,1.000000,107444286657168,3011689947471,10102008395361,3147701846,0,0
171,20,60000000000,1.000000,107470844713600,2985131891039,10102008395361,3147701846,0,0
171,25,60000000000,1.000000,107495155353752,2960821250887,10102008395361,3147701846,0,0
171,30,72000000000,0.494428,107244279299995,6494291515711,10102743844600,3123393702,38,1
171,35,60000000000,0.513829,102893243072822,14633824008407,10145456628027,2853047847,168,4
171,40,60000000000,1.000000,100133479430585,8197744893803,10145456628027,2853047847,168,4
171,45,60000000000,1.000000,93684349033910,13373934841523,10145456628027,2853047847,168,4
171,50,60000000000,1.000000,93790835625254,13267448250179,10145456628027,2853047847,168,4
171,55,60000000000,1.000000,93831616130721,13226667744712,10145456628027,2853047847,168,4
171,60,60000000000,1.000000,93973722280025,13084561595408,10145456628027,2853047847,168,4
171,65,60000000000,1.000000,94047948207127,13010335668306,10145456628027,2853047847,168,4
171,70,60000000000,1.000000,94175578177327,12882705698106,10145456628027,2853047847,168,4
171,75,60000000000,1.000000,94316927111151,12741356764282,10145456628027,2853047847,168,4
171,80,60000000000,1.000000,94375655491775,12682628383658,10145456628027,2853047847,168,4
171,85,60000000000,1.000000,94496658537399,12561625338034,10145456628027,2853047847,168,4
171,90,60000000000,1.000000,94651058199935,12407225675498,10145456628027,2853047847,168,4
171,95,60000000000,1.000000,94690076066151,12368207809282,10145456628027,2853047847,168,4
171,100,60000000000,1.000000,94823056214943,12235227660490,10145456628027,2853047847,168,4
171,105,60000000000,1.000000,94892480751111,12165803124322,10145456628027,2853047847,168,4
171,110,60000000000,1.000000,95011825949303,12046457926130,10145456628027,2853047847,168,4
171,115,60000000000,1.000000,95143999579655,11914284295778,10145456628027,2853047847,168,4
171,120,60000000000,1.000000,95198915758167,11859368117266,10145456628027,2853047847,168,4
171,125,60000000000,1.000000,95312064201343,11746219674090,10145456628027,2853047847,168,4
171,130,60000000000,1.000000,95456441405847,11601842469586,10145456628027,2853047847,168,4
171,135,60000000000,1.000000,95492926527215,11565357348218,10145456628027,2853047847,168,4
171,140,60000000000,1.000000,95617274610927,11441009264506,10145456628027,2853047847,168,4
171,145,60000000000,1.000000,95682192631431,11376091244002,10145456628027,2853047847,168,4
171,150,60000000000,1.000000,95793790842119,11264493033314,10145456628027,2853047847,168,4
171,155,60000000000,1.000000,95917384760199,11140899115234,10145456628027,2853047847,168,4
171,160,60000000000,1.000000,95968736195887,11089547679546,10145456628027,2853047847,168,4
171,165,60000000000,1.000000,96074539898359,10983743977074,10145456628027,2853047847,168,4
171,170,60000000000,1.000000,96209545226999,10848738648434,10145456628027,2853047847,168,4
171,175,60000000000,1.000000,96243662010359,10814621865074,10145456628027,2853047847,168,4
171,180,60000000000,1.000000,96359938357087,10698345518346,10145456628027,2853047847,168,4
171,185,60000000000,1.000000,96420642390895,10637641484538,10145456628027,2853047847,168,4
171,190,60000000000,1.000000,96524996489919,10533287385514,10145456628027,2853047847,168,4
171,195,60000000000,1.000000,96640567625791,10417716249642,10145456628027,2853047847,168,4
172,0,60000000000,1.000000,106614355357225,2987927050137,10092292592638,3198233684,0,0
172,5,60000000000,1.000000,106623164343354,2973560480571,10097850176075,3198233684,0,0
172,10,60000000000,1.000000,106646227371922,2949704802921,10098642825157,3198233684,0,0
172,15,60000000000,1.000000,106667707210978,2928224963865,10098642825157,3198233684,0,0
172,20,60000000000,1.000000,106696985177658,2898946997185,10098642825157,3198233684,0,0
172,25,60000000000,1.000000,106718661135034,2877271039809,10098642825157,3198233684,0,0
172,30,72000000000,0.782849,106127705083647,4423732901218,10103757173650,3148184032,36,4
172,35,60000000000,0.430621,102179282118338,17121673426147,10142344009921,2867368382,175,11
172,40,60000000000,0.864850,98137864944155,13198086743979,10142344009921,2867368382,175,11
172,45,60000000000,1.000000,95881915463075,9891426116963,10142344009921,2867368382,175,11
172,50,60000000000,1.000000,95980372069552,9792969510486,10142344009921,2867368382,175,11
172,55,60000000000,1.000000,96034086774077,9739254805961,10142344009921,2867368382,175,11
172,60,60000000000,1.000000,96121195709288,9652145870750,10142344009921,2867368382,175,11
172,65,60000000000,1.000000,96208949533159,9564392046879,10142344009921,2867368382,175,11
172,70,60000000000,1.000000,96284463636367,9488877943671,10142344009921,2867368382,175,11
172,75,60000000000,1.000000,96373192390391,9400149189647,10142344009921,2867368382,175,11
172,80,60000000000,1.000000,96448963771119,9324377808919,10142344009921,2867368382,175,11
172,85,60000000000,1.000000,96508963188287,9264378391751,10142344009921,2867368382,175,11
172,90,60000000000,1.000000,96614974272119,9158367307919,10142344009921,2867368382,175,11
172,95,60000000000,1.000000,96666168998783,9107172581255,10142344009921,2867368382,175,11
172,100,60000000000,1.000000,96747657808855,9025683771183,10142344009921,2867368382,175,11
172,105,60000000000,1.000000,96829797486615,8943544093423,10142344009921,2867368382,175,11
172,110,60000000000,1.000000,96900409785463,8872931794575,10142344009921,2867368382,175,11
172,115,60000000000,1.000000,96983378940175,8789962639863,10142344009921,2867368382,175,11
172,120,60000000000,1.000000,97054231816087,8719109763951,10142344009921,2867368382,175,11
172,125,60000000000,1.000000,97110336524855,8663005055183,10142344009921,2867368382,175,11
172,130,60000000000,1.000000,97209466171071,8563875408967,10142344009921,2867368382,175,11
172,135,60000000000,1.000000,97257337723303,8516003856735,10142344009921,2867368382,175,11
172,140,60000000000,1.000000,97333536896359,8439804683679,10142344009921,2867368382,175,11
172,145,60000000000,1.000000,97410344687599,8362996892439,10142344009921,2867368382,175,11
172,150,60000000000,1.000000,97476373370239,8296968209799,10142344009921,2867368382,175,11
172,155,60000000000,1.000000,97553956795071,8219384784967,10142344009921,2867368382,175,11
172,160,60000000000,1.000000,97620210438335,8153131141703,10142344009921,2867368382,175,11
172,165,60000000000,1.000000,97672673253871,8100668326167,10142344009921,2867368382,175,11
172,170,60000000000,1.000000,97765368153407,8007973426631,10142344009921,2867368382,175,11
172,175,60000000000,1.000000,97810132246679,7963209333359,10142344009921,2867368382,175,11
172,180,60000000000,1.000000,97881385145839,7891956434199,10142344009921,2867368382,175,11
172,185,60000000000,1.000000,97953207156295,7820134423743,10142344009921,2867368382,175,11
172,190,60000000000,1.000000,98014949756247,7758391823791,10142344009921,2867368382,175,11
172,195,60000000000,1.000000,98087497052063,7685844527975,10142344009921,2867368382,175,11
173,0,60000000000,1.000000,103708828393022,3027079561088,10091117045890,3336398078,0,0
173,5,60000000000,1.000000,103718640452805,3011176876157,10097207671038,3336398078,0,0
173,10,60000000000,1.000000,103741570454143,2987548463893,10097906081964,3336398078,0,0
173,15,60000000000,1.000000,103763925479999,2965193438037,10097906081964,3336398078,0,0
173,20,60000000000,1.000000,103792897407175,2936221510861,10097906081964,3336398078,0,0
173,25,60000000000,1.000000,103814180986487,2914937931549,10097906081964,3336398078,0,0
173,30,72000000000,0.847347,103143987053317,4223124332669,10104584241080,3292630520,48,4
173,35,60000000000,0.327327,101085795542114,17142144114998,10130148527479,3161732760,179,7
173,40,60000000000,0.773831,95668313019475,14251910713256,10130148527479,3161732760,179,7
173,45,60000000000,1.000000,92595546484240,12098622814152,10130148527479,3161732760,179,7
173,50,60000000000,1.000000,92771110414079,11923058884313,10130148527479,3161732760,179,7
173,55,60000000000,1.000000,92837293931654,11856875366738,10130148527479,3161732760,179,7
173,60,60000000000,1.000000,92940094064428,11754075233964,10130148527479,3161732760,179,7
173,65,60000000000,1.000000,93070581081044,11623588217348,10130148527479,3161732760,179,7
173,70,60000000000,1.000000,93132845374380,11561323924012,10130148527479,3161732760,179,7
173,75,60000000000,1.000000,93244183029036,11449986269356,10130148527479,3161732760,179,7
173,80,60000000000,1.000000,93342702787356,11351466511036,10130148527479,3161732760,179,7
173,85,60000000000,1.000000,93411025319364,11283143979028,10130148527479,3161732760,179,7
173,90,60000000000,1.000000,93544372793300,11149796505092,10130148527479,3161732760,179,7
173,95,60000000000,1.000000,93606948554380,11087220744012,10130148527479,3161732760,179,7
173,100,60000000000,1.000000,93703076807084,10991092491308,10130148527479,3161732760,179,7
173,105,60000000000,1.000000,93825096470884,10869072827508,10130148527479,3161732760,179,7
173,110,60000000000,1.000000,93883319037356,10810850261036,10130148527479,3161732760,179,7
173,115,60000000000,1.000000,93987429493788,10706739804604,10130148527479,3161732760,179,7
173,120,60000000000,1.000000,94079554094836,10614615203556,10130148527479,3161732760,179,7
173,125,60000000000,1.000000,94143441644732,10550727653660,10130148527479,3161732760,179,7
173,130,60000000000,1.000000,94268133209548,10426036088844,10130148527479,3161732760,179,7
173,135,60000000000,1.000000,94326647025628,10367522272764,10130148527479,3161732760,179,7
173,140,60000000000,1.000000,94416535359500,10277633938892,10130148527479,3161732760,179,7
173,145,60000000000,1.000000,94530634429764,10163534868628,10130148527479,3161732760,179,7
173,150,60000000000,1.000000,94585077627788,10109091670604,10130148527479,3161732760,179,7
173,155,60000000000,1.000000,94682430021100,10011739277292,10130148527479,3161732760,179,7
173,160,60000000000,1.000000,94768574589932,9925594708460,10130148527479,3161732760,179,7
173,165,60000000000,1.000000,94828315043556,9865854254836,10130148527479,3161732760,179,7
173,170,60000000000,1.000000,94944912575196,9749256723196,10130148527479,3161732760,179,7
173,175,60000000000,1.000000,94999628116852,9694541181540,10130148527479,3161732760,179,7
173,180,60000000000,1.000000,95083681580036,9610487718356,10130148527479,3161732760,179,7
173,185,60000000000,1.000000,95190374201980,9503795096412,10130148527479,3161732760,179,7
173,190,60000000000,1.000000,95241283359404,9452885938988,10130148527479,3161732760,179,7
173,195,60000000000,1.000000,95332316371756,9361852926636,10130148527479,3161732760,179,7
174,0,60000000000,1.000000,104384042601463,3003110999955,10090960398582,3409187432,0,0
174,5,60000000000,1.000000,104391765387431,2990630526277,10095718086292,3409187432,0,0
174,10,60000000000,1.000000,104417371076320,2963313396256,10097429527424,3409187432,0,0
174,15,60000000000,1.000000,104440897036240,2939787436336,10097429527424,3409187432,0,0
174,20,60000000000,1.000000,104464783491440,2915900981136,10097429527424,3409187432,0,0
174,25,60000000000,1.000000,104490966828960,2889717643616,10097429527424,3409187432,0,0
174,30,72000000000,0.854881,103879799529638,4086446214755,10104889939829,3358489455,41,2
174,35,60000000000,0.436953,99705623932868,17484404969546,10132625519796,2998893686,167,5
174,40,60000000000,0.958598,95741700328920,12104959697673,10132625519796,2998893686,167,5
174,45,60000000000,1.000000,93025554563525,9948779035049,10132625519796,2998893686,167,5
174,50,60000000000,1.000000,93166221393305,9808112205269,10132625519796,2998893686,167,5
174,55,60000000000,1.000000,93235057986921,9739275611653,10132625519796,2998893686,167,5
174,60,60000000000,1.000000,93303250979465,9671082619109,10132625519796,2998893686,167,5
174,65,60000000000,1.000000,93406291589325,9568042009249,10132625519796,2998893686,167,5
174,70,60000000000,1.000000,93481215396165,9493118202409,10132625519796,2998893686,167,5
174,75,60000000000,1.000000,93553847040325,9420486558249,10132625519796,2998893686,167,5
174,80,60000000000,1.000000,93629793571469,9344540027105,10132625519796,2998893686,167,5
174,85,60000000000,1.000000,93690609736517,9283723862057,10132625519796,2998893686,167,5
174,90,60000000000,1.000000,93800752807277,9173580791297,10132625519796,2998893686,167,5
174,95,60000000000,1.000000,93866098786845,9108234811729,10132625519796,2998893686,167,5
174,100,60000000000,1.000000,93929927316045,9044406282529,10132625519796,2998893686,167,5
174,105,60000000000,1.000000,94027376469773,8946957128801,10132625519796,2998893686,167,5
174,110,60000000000,1.000000,94097436789773,8876896808801,10132625519796,2998893686,167,5
174,115,60000000000,1.000000,94165353737181,8808979861393,10132625519796,2998893686,167,5
174,120,60000000000,1.000000,94236370394077,8737963204497,10132625519796,2998893686,167,5
174,125,60000000000,1.000000,94293238833645,8681094764929,10132625519796,2998893686,167,5
174,130,60000000000,1.000000,94396232249549,8578101349025,10132625519796,2998893686,167,5
174,135,60000000000,1.000000,94457336462461,8516997136113,10132625519796,2998893686,167,5
174,140,60000000000,1.000000,94517021726469,8457311872105,10132625519796,2998893686,167,5
174,145,60000000000,1.000000,94608145218533,8366188380041,10132625519796,2998893686,167,5
174,150,60000000000,1.000000,94673657752549,8300675846025,10132625519796,2998893686,167,5
174,155,60000000000,1.000000,94737166045413,8237167553161,10132625519796,2998893686,167,5
174,160,60000000000,1.000000,94803572838213,8170760760361,10132625519796,2998893686,167,5
174,165,60000000000,1.000000,94856749809037,8117583789537,10132625519796,2998893686,167,5
174,170,60000000000,1.000000,94953057671501,8021275927073,10132625519796,2998893686,167,5
174,175,60000000000,1.000000,95010195461101,7964138137473,10132625519796,2998893686,167,5
174,180,60000000000,1.000000,95066006409325,7908327189249,10132625519796,2998893686,167,5
174,185,60000000000,1.000000,95151214853565,7823118745009,10132625519796,2998893686,167,5
174,190,60000000000,1.000000,95212474809413,7761858789161,10132625519796,2998893686,167,5
174,195,60000000000,1.000000,95271860624333,7702472974241,10132625519796,2998893686,167,5
175,0,60000000000,1.000000,106976935125373,2943182915141,10089316959486,3084329230,0,0
175,5,60000000000,1.000000,106985811152317,2929473790013,10094150057670,3084329230,0,0
175,10,60000000000,1.000000,107008285010306,2905652744142,10095497245552,3084329230,0,0
175,15,60000000000,1.000000,107031703563590,2882232349414,10095499086996,3084329230,0,0
175,20,60000000000,1.000000,107055595440142,2858340472862,10095499086996,3084329230,0,0
175,25,60000000000,1.000000,107081929174846,2832006738158,10095499086996,3084329230,0,0
175,30,72000000000,0.898564,104971310141466,5454189108194,10137189250396,2942701590,39,3
175,35,60000000000,0.545306,101573915332597,15145094449101,10176815673467,2685837837,186,11
175,40,60000000000,1.000000,97865546090942,10777814699943,10176815673467,2685837837,186,11
175,45,60000000000,1.000000,94243697237945,11108149071447,10176815673467,2685837837,186,11
175,50,60000000000,1.000000,94351830942839,11000015366553,10176815673467,2685837837,186,11
175,55,60000000000,1.000000,94415118911011,10936727398381,10176815673467,2685837837,186,11
175,60,60000000000,1.000000,94504077954950,10847768354442,10176815673467,2685837837,186,11
175,65,60000000000,1.000000,94597368709986,10754477599406,10176815673467,2685837837,186,11
175,70,60000000000,1.000000,94683191388090,10668654921302,10176815673467,2685837837,186,11
175,75,60000000000,1.000000,94786529986898,10565316322494,10176815673467,2685837837,186,11
175,80,60000000000,1.000000,94867375528562,10484470780830,10176815673467,2685837837,186,11
175,85,60000000000,1.000000,94944353739010,10407492570382,10176815673467,2685837837,186,11
175,90,60000000000,1.000000,95062888630162,10288957679230,10176815673467,2685837837,186,11
175,95,60000000000,1.000000,95124934327826,10226911981566,10176815673467,2685837837,186,11
175,100,60000000000,1.000000,95208195523898,10143650785494,10176815673467,2685837837,186,11
175,105,60000000000,1.000000,95295468014594,10056378294798,10176815673467,2685837837,186,11
175,110,60000000000,1.000000,95375719733802,9976126575590,10176815673467,2685837837,186,11
175,115,60000000000,1.000000,95472350372578,9879495936814,10176815673467,2685837837,186,11
175,120,60000000000,1.000000,95547948033234,9803898276158,10176815673467,2685837837,186,11
175,125,60000000000,1.000000,95619929400626,9731916908766,10176815673467,2685837837,186,11
175,130,60000000000,1.000000,95730769903386,9621076406006,10176815673467,2685837837,186,11
175,135,60000000000,1.000000,95788788063698,9563058245694,10176815673467,2685837837,186,11
175,140,60000000000,1.000000,95866644572762,9485201736630,10176815673467,2685837837,186,11
175,145,60000000000,1.000000,95948251993546,9403594315846,10176815673467,2685837837,186,11
175,150,60000000000,1.000000,96023294378258,9328551931134,10176815673467,2685837837,186,11
175,155,60000000000,1.000000,96113652486946,9238193822446,10176815673467,2685837837,186,11
175,160,60000000000,1.000000,96184342919258,9167503390134,10176815673467,2685837837,186,11
175,165,60000000000,1.000000,96251651800826,9100194508566,10176815673467,2685837837,186,11
175,170,60000000000,1.000000,96355297376730,8996548932662,10176815673467,2685837837,186,11
175,175,60000000000,1.000000,96409549437010,8942296872382,10176815673467,2685837837,186,11
175,180,60000000000,1.000000,96482352090490,8869494218902,10176815673467,2685837837,186,11
175,185,60000000000,1.000000,96558662174906,8793184134486,10176815673467,2685837837,186,11
175,190,60000000000,1.000000,96628833375770,8723012933622,10176815673467,2685837837,186,11
175,195,60000000000,1.000000,96713326119674,8638520189718,10176815673467,2685837837,186,11
176,0,60000000000,1.000000,98411755078396,2982276819173,10086409102431,2939792948,0,0
176,5,60000000000,1.000000,98419567524583,2968907709021,10091965766396,2939792948,0,0
176,10,60000000000,1.000000,98443255051415,2944038527695,10093147420890,2939792948,0,0
176,15,60000000000,1.000000,98466233864535,2921059714575,10093147420890,2939792948,0,0
176,20,60000000000,1.000000,98492238926015,2895054653095,10093147420890,2939792948,0,0
176,25,60000000000,1.000000,98518123906943,2869169672167,10093147420890,2939792948,0,0
176,30,72000000000,0.915773,98097885008745,3587066269354,10097616845370,2913814775,34,0
176,35,60000000000,0.569878,92365804121931,15674263117232,10182220240323,2582707974,179,5
176,40,60000000000,0.967052,87923088560872,13830825938485,10182220240323,2582707974,179,5
176,45,60000000000,1.000000,86139390341187,11046717153749,10182220240323,2582707974,179,5
176,50,60000000000,1.000000,86264954162813,10921153332123,10182220240323,2582707974,179,5
176,55,60000000000,1.000000,86316918949020,10869188545916,10182220240323,2582707974,179,5
176,60,60000000000,1.000000,86418355684762,10767751810174,10182220240323,2582707974,179,5
176,65,60000000000,1.000000,86522603648425,10663503846511,10182220240323,2582707974,179,5
176,70,60000000000,1.000000,86586690754329,10599416740607,10182220240323,2582707974,179,5
176,75,60000000000,1.000000,86698287105745,10487820389191,10182220240323,2582707974,179,5
176,80,60000000000,1.000000,86786145062057,10399962432879,10182220240323,2582707974,179,5
176,85,60000000000,1.000000,86848624634177,10337482860759,10182220240323,2582707974,179,5
176,90,60000000000,1.000000,86973217344785,10212890150151,10182220240323,2582707974,179,5
176,95,60000000000,1.000000,87022386168001,10163721326935,10182220240323,2582707974,179,5
176,100,60000000000,1.000000,87117313657753,10068793837183,10182220240323,2582707974,179,5
176,105,60000000000,1.000000,87214797624545,9971309870391,10182220240323,2582707974,179,5
176,110,60000000000,1.000000,87274724680321,9911382814615,10182220240323,2582707974,179,5
176,115,60000000000,1.000000,87379077040841,9807030454095,10182220240323,2582707974,179,5
176,120,60000000000,1.000000,87461231923233,9724875571703,10182220240323,2582707974,179,5
176,125,60000000000,1.000000,87519655794097,9666451700839,10182220240323,2582707974,179,5
176,130,60000000000,1.000000,87636160888409,9549946606527,10182220240323,2582707974,179,5
176,135,60000000000,1.000000,87682138043545,9503969451391,10182220240323,2582707974,179,5
176,140,60000000000,1.000000,87770903558865,9415203936071,10182220240323,2582707974,179,5
176,145,60000000000,1.000000,87862059604057,9324047890879,10182220240323,2582707974,179,5
176,150,60000000000,1.000000,87918096648777,9268010846159,10182220240323,2582707974,179,5
176,155,60000000000,1.000000,88015675243377,9170432251559,10182220240323,2582707974,179,5
176,160,60000000000,1.000000,88092497252321,9093610242615,10182220240323,2582707974,179,5
176,165,60000000000,1.000000,88147128687465,9038978807471,10182220240323,2582707974,179,5
176,170,60000000000,1.000000,88256071152529,8930036342407,10182220240323,2582707974,179,5
176,175,60000000000,1.000000,88299063818561,8887043676375,10182220240323,2582707974,179,5
176,180,60000000000,1.000000,88382067347945,8804040146991,10182220240323,2582707974,179,5
176,185,60000000000,1.000000,88467306232097,8718801262839,10182220240323,2582707974,179,5
176,190,60000000000,1.000000,88519705775713,8666401719223,10182220240323,2582707974,179,5
176,195,60000000000,1.000000,88610950306265,8575157188671,10182220240323,2582707974,179,5
177,0,60000000000,1.000000,112717928839226,3143010132371,10112516028403,3845232966,0,0
177,5,60000000000,1.000000,112727063705465,3128028225140,10118363069395,3845232966,0,0
177,10,60000000000,1.000000,112751678072929,3101725121760,10120051805311,3845232966,0,0
177,15,60000000000,1.000000,112777817786065,3075585408624,10120051805311,3845232966,0,0
177,20,60000000000,1.000000,112803712731449,3049690463240,10120051805311,3845232966,0,0
177,25,60000000000,1.000000,112827154485097,3026248709592,10120051805311,3845232966,0,0
177,30,72000000000,1.000000,108739420705577,4858755539173,10146369944800,3491149469,41,2
177,35,60000000000,0.490624,107381786387748,17188546026254,10158549694362,3382731045,175,14
177,40,60000000000,0.801862,104414434275640,14217499988466,10158549694362,3382731045,175,14
177,45,60000000000,1.000000,101001863435595,10256700607850,10158549694362,3382731045,175,14
177,50,60000000000,1.000000,101130399296831,10128164746614,10158549694362,3382731045,175,14
177,55,60000000000,1.000000,101171316410003,10087247633442,10158549694362,3382731045,175,14
177,60,60000000000,1.000000,101271802923628,9986761119817,10158549694362,3382731045,175,14
177,65,60000000000,1.000000,101362696964400,9895867079045,10158549694362,3382731045,175,14
177,70,60000000000,1.000000,101432516131632,9826047911813,10158549694362,3382731045,175,14
177,75,60000000000,1.000000,101533376587968,9725187455477,10158549694362,3382731045,175,14
177,80,60000000000,1.000000,101603441316952,9655122726493,10158549694362,3382731045,175,14
177,85,60000000000,1.000000,101679261763384,9579302280061,10158549694362,3382731045,175,14
177,90,60000000000,1.000000,101785997454656,9472566588789,10158549694362,3382731045,175,14
177,95,60000000000,1.000000,101826081659752,9432482383693,10158549694362,3382731045,175,14
177,100,60000000000,1.000000,101920047922512,9338516120933,10158549694362,3382731045,175,14
177,105,60000000000,1.000000,102005061769112,9253502274333,10158549694362,3382731045,175,14
177,110,60000000000,1.000000,102070348804296,9188215239149,10158549694362,3382731045,175,14
177,115,60000000000,1.000000,102164662162768,9093901880677,10158549694362,3382731045,175,14
177,120,60000000000,1.000000,102230178819632,9028385223813,10158549694362,3382731045,175,14
177,125,60000000000,1.000000,102301077576312,8957486467133,10158549694362,3382731045,175,14
177,130,60000000000,1.000000,102400884793872,8857679249573,10158549694362,3382731045,175,14
177,135,60000000000,1.000000,102438367035712,8820197007733,10158549694362,3382731045,175,14
177,140,60000000000,1.000000,102526233719472,8732330323973,10158549694362,3382731045,175,14
177,145,60000000000,1.000000,102605729110400,8652834933045,10158549694362,3382731045,175,14
177,150,60000000000,1.000000,102666778205128,8591785838317,10158549694362,3382731045,175,14
177,155,60000000000,1.000000,102754969453904,8503594589541,10158549694362,3382731045,175,14
177,160,60000000000,1.000000,102816233264880,8442330778565,10158549694362,3382731045,175,14
177,165,60000000000,1.000000,102882529810528,8376034232917,10158549694362,3382731045,175,14
177,170,60000000000,1.000000,102975858298760,8282705744685,10158549694362,3382731045,175,14
177,175,60000000000,1.000000,103010907477008,8247656566437,10158549694362,3382731045,175,14
177,180,60000000000,1.000000,103093070520432,8165493523013,10158549694362,3382731045,175,14
177,185,60000000000,1.000000,103167405672016,8091158371429,10158549694362,3382731045,175,14
177,190,60000000000,1.000000,103224491921488,8034072121957,10158549694362,3382731045,175,14
177,195,60000000000,1.000000,103306958461656,7951605581789,10158549694362,3382731045,175,14
178,0,60000000000,1.000000,112648323146072,2973899504240,10099868349688,3436116764,0,0
178,5,60000000000,1.000000,112657789283542,2958777397613,10105524318845,3436116764,0,0
178,10,60000000000,1.000000,112678839540694,2936472847059,10106778612247,3436116764,0,0
178,15,60000000000,1.000000,112705451839275,2909774555611,10106864605114,3436116764,0,0
178,20,60000000000,1.000000,112729224509259,2886001885627,10106864605114,3436116764,0,0
178,25,60000000000,1.000000,112753465630603,2861760764283,10106864605114,3436116764,0,0
178,30,72000000000,0.780138,112469180483186,4031373186953,10107883135770,3405699105,33,2
178,35,60000000000,0.357012,110487910286372,14303499201022,10127656733261,3268346796,164,9
178,40,60000000000,0.779980,101993886327558,17437039502678,10127656733261,3268346796,164,9
178,45,60000000000,1.000000,100013530266608,13716955536150,10127656733261,3268346796,164,9
178,50,60000000000,1.000000,100106251491353,13624234311405,10127656733261,3268346796,164,9
178,55,60000000000,1.000000,100165862215565,13564623587193,10127656733261,3268346796,164,9
178,60,60000000000,1.000000,100298540865929,13431944936829,10127656733261,3268346796,164,9
178,65,60000000000,1.000000,100454666193487,13275819609271,10127656733261,3268346796,164,9
178,70,60000000000,1.000000,100499137894743,13231347908015,10127656733261,3268346796,164,9
178,75,60000000000,1.000000,100647764703719,13082721099039,10127656733261,3268346796,164,9
178,80,60000000000,1.000000,100782872168399,12947613634359,10127656733261,3268346796,164,9
178,85,60000000000,1.000000,100832733095447,12897752707311,10127656733261,3268346796,164,9
178,90,60000000000,1.000000,100989858276823,12740627525935,10127656733261,3268346796,164,9
178,95,60000000000,1.000000,101046329398087,12684156404671,10127656733261,3268346796,164,9
178,100,60000000000,1.000000,101170406596343,12560079206415,10127656733261,3268346796,164,9
178,105,60000000000,1.000000,101316431947047,12414053855711,10127656733261,3268346796,164,9
178,110,60000000000,1.000000,101358016881847,12372468920911,10127656733261,3268346796,164,9
178,115,60000000000,1.000000,101496995962775,12233489839983,10127656733261,3268346796,164,9
178,120,60000000000,1.000000,101623333272863,12107152529895,10127656733261,3268346796,164,9
178,125,60000000000,1.000000,101669957605735,12060528197023,10127656733261,3268346796,164,9
178,130,60000000000,1.000000,101816883408831,11913602393927,10127656733261,3268346796,164,9
178,135,60000000000,1.000000,101869688852079,11860796950679,10127656733261,3268346796,164,9
178,140,60000000000,1.000000,101985711897335,11744773905423,10127656733261,3268346796,164,9
178,145,60000000000,1.000000,102122258387095,11608227415663,10127656733261,3268346796,164,9
178,150,60000000000,1.000000,102161143942479,11569341860279,10127656733261,3268346796,164,9
178,155,60000000000,1.000000,102291101552871,11439384249887,10127656733261,3268346796,164,9
178,160,60000000000,1.000000,102409238000663,11321247802095,10127656733261,3268346796,164,9
178,165,60000000000,1.000000,102452835834679,11277649968079,10127656733261,3268346796,164,9
178,170,60000000000,1.000000,102590224326079,11140261476679,10127656733261,3268346796,164,9
178,175,60000000000,1.000000,102639602039319,11090883763439,10127656733261,3268346796,164,9
178,180,60000000000,1.000000,102748093746119,10982392056639,10127656733261,3268346796,164,9
178,185,60000000000,1.000000,102875776670511,10854709132247,10127656733261,3268346796,164,9
178,190,60000000000,1.000000,102912138069759,10818347732999,10127656733261,3268346796,164,9
178,195,60000000000,1.000000,103033659815143,10696825987615,10127656733261,3268346796,164,9
179,0,60000000000,1.000000,106217889857099,3052902153648,10104109989253,3956793594,0,0
179,5,60000000000,1.000000,106225650455603,3039716961603,10109534582794,3956793594,0,0
179,10,60000000000,1.000000,106250189940920,3014523389055,10110188670025,3956793594,0,0
179,15,60000000000,1.000000,106274622107904,2990091222071,10110188670025,3956793594,0,0
179,20,60000000000,1.000000,106301031178896,2963682151079,10110188670025,3956793594,0,0
179,25,60000000000,1.000000,106326540597664,2938172732311,10110188670025,3956793594,0,0
179,30,72000000000,0.661937,105632464275033,5480622087189,10114609285313,3908239605,36,2
179,35,60000000000,0.598316,96388599078665,21411616817348,10175398240328,3086296280,179,13
179,40,60000000000,1.000000,93436783673424,13635544723119,10175398240328,3086296280,179,13
179,45,60000000000,1.000000,91119606967674,9042114677511,10175398240328,3086296280,179,13
179,50,60000000000,1.000000,91296912468168,8864809177017,10175398240328,3086296280,179,13
179,55,60000000000,1.000000,91345790483472,8815931161713,10175398240328,3086296280,179,13
179,60,60000000000,1.000000,91424210582764,8737511062421,10175398240328,3086296280,179,13
179,65,60000000000,1.000000,91518856390753,8642865254432,10175398240328,3086296280,179,13
179,70,60000000000,1.000000,91565537424953,8596184220232,10175398240328,3086296280,179,13
179,75,60000000000,1.000000,91650894946097,8510826699088,10175398240328,3086296280,179,13
179,80,60000000000,1.000000,91719929205353,8441792439832,10175398240328,3086296280,179,13
179,85,60000000000,1.000000,91775507529665,8386214115520,10175398240328,3086296280,179,13
179,90,60000000000,1.000000,91871366282105,8290355363080,10175398240328,3086296280,179,13
179,95,60000000000,1.000000,91917899258241,8243822386944,10175398240328,3086296280,179,13
179,100,60000000000,1.000000,91991291453265,8170430191920,10175398240328,3086296280,179,13
179,105,60000000000,1.000000,92079885795737,8081835849448,10175398240328,3086296280,179,13
179,110,60000000000,1.000000,92123536650273,8038184994912,10175398240328,3086296280,179,13
179,115,60000000000,1.000000,92203353406769,7958368238416,10175398240328,3086296280,179,13
179,120,60000000000,1.000000,92267906484297,7893815160888,10175398240328,3086296280,179,13
179,125,60000000000,1.000000,92319877084465,7841844560720,10175398240328,3086296280,179,13
179,130,60000000000,1.000000,92409513411881,7752208233304,10175398240328,3086296280,179,13
179,135,60000000000,1.000000,92453025819153,7708695826032,10175398240328,3086296280,179,13
179,140,60000000000,1.000000,92521653948073,7640067697112,10175398240328,3086296280,179,13
179,145,60000000000,1.000000,92604497416121,7557224229064,10175398240328,3086296280,179,13
179,150,60000000000,1.000000,92645314787353,7516406857832,10175398240328,3086296280,179,13
179,155,60000000000,1.000000,92719950443761,7441771201424,10175398240328,3086296280,179,13
179,160,60000000000,1.000000,92780313223721,7381408421464,10175398240328,3086296280,179,13
179,165,60000000000,1.000000,92828910285649,7332811359536,10175398240328,3086296280,179,13
179,170,60000000000,1.000000,92912728100801,7248993544384,10175398240328,3086296280,179,13
179,175,60000000000,1.000000,92953416011793,7208305633392,10175398240328,3086296280,179,13
179,180,60000000000,1.000000,93017589321705,7144132323480,10175398240328,3086296280,179,13
179,185,60000000000,1.000000,93095055218377,7066666426808,10175398240328,3086296280,179,13
179,190,60000000000,1.000000,93133223034745,7028498610440,10175398240328,3086296280,179,13
179,195,60000000000,1.000000,93203013909097,6958707736088,10175398240328,3086296280,179,13
180,0,60000000000,1.000000,106187506748088,3040808077154,10100687174758,3480729784,0,0
180,5,60000000000,1.000000,106198148735877,3025287853549,10105565410574,3480729784,0,0
180,10,60000000000,1.000000,106219971877537,3002378417079,10106651705384,3480729784,0,0
180,15,60000000000,1.000000,106244706542521,2977643752095,10106651705384,3480729784,0,0
180,20,60000000000,1.000000,106270838042145,2951512252471,10106651705384,3480729784,0,0
180,25,60000000000,1.000000,106295128281833,2927222012783,10106651705384,3480729784,0,0
180,30,72000000000,0.756094,104642728196638,6024691756985,10131041272664,3396542279,38,0
180,35,60000000000,0.484316,102392155687079,14012066051674,10150574360194,3240941481,153,4
180,40,60000000000,0.924003,96991627575438,13189133791187,10150574360194,3240941481,153,4
180,45,60000000000,1.000000,93194134483352,13299216000379,10150574360194,3240941481,153,4
180,50,60000000000,1.000000,93304719395832,13188631087899,10150574360194,3240941481,153,4
180,55,60000000000,1.000000,93366909556695,13126440927036,10150574360194,3240941481,153,4
180,60,60000000000,1.000000,93486473202906,13006877280825,10150574360194,3240941481,153,4
180,65,60000000000,1.000000,93632603941305,12860746542426,10150574360194,3240941481,153,4
180,70,60000000000,1.000000,93707355019777,12785995463954,10150574360194,3240941481,153,4
180,75,60000000000,1.000000,93826922334625,12666428149106,10150574360194,3240941481,153,4
180,80,60000000000,1.000000,93931000716361,12562349767370,10150574360194,3240941481,153,4
180,85,60000000000,1.000000,94013289378937,12480061104794,10150574360194,3240941481,153,4
180,90,60000000000,1.000000,94159217659017,12334132824714,10150574360194,3240941481,153,4
180,95,60000000000,1.000000,94218863034129,12274487449602,10150574360194,3240941481,153,4
180,100,60000000000,1.000000,94330775464441,12162575019290,10150574360194,3240941481,153,4
180,105,60000000000,1.000000,94467426291601,12025924192130,10150574360194,3240941481,153,4
180,110,60000000000,1.000000,94537325095505,11956025388226,10150574360194,3240941481,153,4
180,115,60000000000,1.000000,94649131004609,11844219479122,10150574360194,3240941481,153,4
180,120,60000000000,1.000000,94746453405049,11746897078682,10150574360194,3240941481,153,4
180,125,60000000000,1.000000,94823400510065,11669949973666,10150574360194,3240941481,153,4
180,130,60000000000,1.000000,94959856230041,11533494253690,10150574360194,3240941481,153,4
180,135,60000000000,1.000000,95015629878721,11477720605010,10150574360194,3240941481,153,4
180,140,60000000000,1.000000,95120277800665,11373072683066,10150574360194,3240941481,153,4
180,145,60000000000,1.000000,95248058289841,11245292193890,10150574360194,3240941481,153,4
180,150,60000000000,1.000000,95313419792089,11179930691642,10150574360194,3240941481,153,4
180,155,60000000000,1.000000,95417968107377,11075382376354,10150574360194,3240941481,153,4
180,160,60000000000,1.000000,95508973073897,10984377409834,10150574360194,3240941481,153,4
180,165,60000000000,1.000000,95580925355033,10912425128698,10150574360194,3240941481,153,4
180,170,60000000000,1.000000,95708523401977,10784827081754,10150574360194,3240941481,153,4
180,175,60000000000,1.000000,95760676647313,10732673836418,10150574360194,3240941481,153,4
180,180,60000000000,1.000000,95858531617737,10634818865994,10150574360194,3240941481,153,4
180,185,60000000000,1.000000,95978017564113,10515332919618,10150574360194,3240941481,153,4
180,190,60000000000,1.000000,96039136292153,10454214191578,10150574360194,3240941481,153,4
180,195,60000000000,1.000000,96136898122001,10356452361730,10150574360194,3240941481,153,4
181,0,60000000000,1.000000,98942294649519,3009550490131,10086961860350,2977315748,0,0
181,5,60000000000,1.000000,98950587539503,2995533108371,10092686352126,2977315748,0,0
181,10,60000000000,1.000000,98972856497386,2971894683879,10094055818735,2977315748,0,0
181,15,60000000000,1.000000,98999191668559,2945556687439,10094058644002,2977315748,0,0
181,20,60000000000,1.000000,99022467492071,2922280863927,10094058644002,2977315748,0,0
181,25,60000000000,1.000000,99046814830191,2897933525807,10094058644002,2977315748,0,0
181,30,72000000000,0.890543,97244852563380,5273648082858,10097543904392,2767631416,28,2
181,35,60000000000,0.528059,95142655291517,12827115392913,10122684334862,2642106397,170,8
181,40,60000000000,0.953540,89148955546649,13389232930825,10122684334862,2642106397,170,8
181,45,60000000000,1.000000,87390617463081,11305236980161,10122684334862,2642106397,170,8
181,50,60000000000,1.000000,87487850304948,11208004138294,10122684334862,2642106397,170,8
181,55,60000000000,1.000000,87557187658543,11138666784699,10122684334862,2642106397,170,8
181,60,60000000000,1.000000,87645895980670,11049958462572,10122684334862,2642106397,170,8
181,65,60000000000,1.000000,87773444182999,10922410260243,10122684334862,2642106397,170,8
181,70,60000000000,1.000000,87815664788159,10880189655083,10122684334862,2642106397,170,8
181,75,60000000000,1.000000,87935735935007,10760118508235,10122684334862,2642106397,170,8
181,80,60000000000,1.000000,88039301104815,10656553338427,10122684334862,2642106397,170,8
181,85,60000000000,1.000000,88087649605607,10608204837635,10122684334862,2642106397,170,8
181,90,60000000000,1.000000,88214471268535,10481383174707,10122684334862,2642106397,170,8
181,95,60000000000,1.000000,88280003501431,10415850941811,10122684334862,2642106397,170,8
181,100,60000000000,1.000000,88362956231119,10332898212123,10122684334862,2642106397,170,8
181,105,60000000000,1.000000,88482444405319,10213410037923,10122684334862,2642106397,170,8
181,110,60000000000,1.000000,88521924368223,10173930075019,10122684334862,2642106397,170,8
181,115,60000000000,1.000000,88634201404471,10061653038771,10122684334862,2642106397,170,8
181,120,60000000000,1.000000,88731043906871,9964810536371,10122684334862,2642106397,170,8
181,125,60000000000,1.000000,88776253988551,9919600454691,10122684334862,2642106397,170,8
181,130,60000000000,1.000000,88894843348519,9801011094723,10122684334862,2642106397,170,8
181,135,60000000000,1.000000,88956121724543,9739732718699,10122684334862,2642106397,170,8
181,140,60000000000,1.000000,89033689790543,9662164652699,10122684334862,2642106397,170,8
181,145,60000000000,1.000000,89145421696311,9550432746931,10122684334862,2642106397,170,8
181,150,60000000000,1.000000,89182338918623,9513515524619,10122684334862,2642106397,170,8
181,155,60000000000,1.000000,89287327779047,9408526664195,10122684334862,2642106397,170,8
181,160,60000000000,1.000000,89377883998767,9317970444475,10122684334862,2642106397,170,8
181,165,60000000000,1.000000,89420159384207,9275695059035,10122684334862,2642106397,170,8
181,170,60000000000,1.000000,89531050820071,9164803623171,10122684334862,2642106397,170,8
181,175,60000000000,1.000000,89588351467463,9107502975779,10122684334862,2642106397,170,8
181,180,60000000000,1.000000,89660884401527,9034970041715,10122684334862,2642106397,170,8
181,185,60000000000,1.000000,89765363517295,8930490925947,10122684334862,2642106397,170,8
181,190,60000000000,1.000000,89799884352767,8895970090475,10122684334862,2642106397,170,8
181,195,60000000000,1.000000,89898058130575,8797796312667,10122684334862,2642106397,170,8
182,0,60000000000,1.000000,107542652096326,2989731570734,10096070332940,3279078850,0,0
182,5,60000000000,1.000000,107550227217531,2977546733378,10100680049091,3279078850,0,0
182,10,60000000000,1.000000,107577534380801,2948871073886,10102048545313,3279078850,0,0
182,15,60000000000,1.000000,107598582391937,2927763108350,10102108499713,3279078850,0,0
182,20,60000000000,1.000000,107624028951873,2902316548414,10102108499713,3279078850,0,0
182,25,60000000000,1.000000,107649770238161,2876575262126,10102108499713,3279078850,0,0
182,30,72000000000,0.753050,106954919818000,4736568472170,10106663233486,3219424542,43,3
182,35,60000000000,0.417927,103264473818449,17306332767010,10131203524941,2960515815,180,10
182,40,60000000000,0.820928,98159467936130,15029074422137,10131203524941,2960515815,180,10
182,45,60000000000,1.000000,96588487340814,10282893041713,10131203524941,2960515815,180,10
182,50,60000000000,1.000000,96737875608545,10133504773982,10131203524941,2960515815,180,10
182,55,60000000000,1.000000,96809014304140,10062366078387,10131203524941,2960515815,180,10
182,60,60000000000,1.000000,96874884209404,9996496173123,10131203524941,2960515815,180,10
182,65,60000000000,1.000000,96988612744413,9882767638114,10131203524941,2960515815,180,10
182,70,60000000000,1.000000,97068560127717,9802820254810,10131203524941,2960515815,180,10
182,75,60000000000,1.000000,97136332628653,9735047753874,10131203524941,2960515815,180,10
182,80,60000000000,1.000000,97229967201581,9641413180946,10131203524941,2960515815,180,10
182,85,60000000000,1.000000,97293122901213,9578257481314,10131203524941,2960515815,180,10
182,90,60000000000,1.000000,97392144843909,9479235538618,10131203524941,2960515815,180,10
182,95,60000000000,1.000000,97461492998541,9409887383986,10131203524941,2960515815,180,10
182,100,60000000000,1.000000,97523125311605,9348255070922,10131203524941,2960515815,180,10
182,105,60000000000,1.000000,97630127232461,9241253150066,10131203524941,2960515815,180,10
182,110,60000000000,1.000000,97704885036461,9166495346066,10131203524941,2960515815,180,10
182,115,60000000000,1.000000,97768258259341,9103122123186,10131203524941,2960515815,180,10
182,120,60000000000,1.000000,97855814784069,9015565598458,10131203524941,2960515815,180,10
182,125,60000000000,1.000000,97914870893509,8956509489018,10131203524941,2960515815,180,10
182,130,60000000000,1.000000,98007465080749,8863915301778,10131203524941,2960515815,180,10
182,135,60000000000,1.000000,98072311677901,8799068704626,10131203524941,2960515815,180,10
182,140,60000000000,1.000000,98129943287429,8741437095098,10131203524941,2960515815,180,10
182,145,60000000000,1.000000,98229999452917,8641380929610,10131203524941,2960515815,180,10
182,150,60000000000,1.000000,98299904545949,8571475836578,10131203524941,2960515815,180,10
182,155,60000000000,1.000000,98359164058501,8512216324026,10131203524941,2960515815,180,10
182,160,60000000000,1.000000,98441037076021,8430343306506,10131203524941,2960515815,180,10
182,165,60000000000,1.000000,98496259709701,8375120672826,10131203524941,2960515815,180,10
182,170,60000000000,1.000000,98582843382685,8288536999842,10131203524941,2960515815,180,10
182,175,60000000000,1.000000,98643480629157,8227899753370,10131203524941,2960515815,180,10
182,180,60000000000,1.000000,98697371230637,8174009151890,10131203524941,2960515815,180,10
182,185,60000000000,1.000000,98790932506685,8080447875842,10131203524941,2960515815,180,10
182,190,60000000000,1.000000,98856299889797,8015080492730,10131203524941,2960515815,180,10
182,195,60000000000,1.000000,98911712723205,7959667659322,10131203524941,2960515815,180,10
183,0,60000000000,1.000000,109371396826886,3123884707682,10102976465432,4030583358,0,0
183,5,60000000000,1.000000,109382257901523,3106953144259,10109046954218,4030583358,0,0
183,10,60000000000,1.000000,109406384809225,3081639877621,10110233313154,4030583358,0,0
183,15,60000000000,1.000000,109431415725121,3056608961725,10110233313154,4030583358,0,0
183,20,60000000000,1.000000,109457093982065,3030930704781,10110233313154,4030583358,0,0
183,25,60000000000,1.000000,109481566981265,3006457705581,10110233313154,4030583358,0,0
183,30,72000000000,0.868327,108778074521766,4265381623860,10116436031434,3972228247,35,0
183,35,60000000000,0.625380,98683478902855,22021398482408,10143036983989,3169500138,177,10
183,40,60000000000,1.000000,95997871687793,12082311064895,10143036983989,3169500138,177,10
183,45,60000000000,1.000000,94630695890004,7690571284895,10143036983989,3169500138,177,10
183,50,60000000000,1.000000,94782999067145,7538268107754,10143036983989,3169500138,177,10
183,55,60000000000,1.000000,94829358622431,7491908552468,10143036983989,3169500138,177,10
183,60,60000000000,1.000000,94891596110447,7429671064452,10143036983989,3169500138,177,10
183,65,60000000000,1.000000,94968100356922,7353166817977,10143036983989,3169500138,177,10
183,70,60000000000,1.000000,95020565761042,7300701413857,10143036983989,3169500138,177,10
183,75,60000000000,1.000000,95084869660658,7236397514241,10143036983989,3169500138,177,10
183,80,60000000000,1.000000,95150077697226,7171189477673,10143036983989,3169500138,177,10
183,85,60000000000,1.000000,95191828360442,7129438814457,10143036983989,3169500138,177,10
183,90,60000000000,1.000000,95270061735890,7051205439009,10143036983989,3169500138,177,10
183,95,60000000000,1.000000,95315498037058,7005769137841,10143036983989,3169500138,177,10
183,100,60000000000,1.000000,95373772527802,6947494647097,10143036983989,3169500138,177,10
183,105,60000000000,1.000000,95445412296130,6875854878769,10143036983989,3169500138,177,10
183,110,60000000000,1.000000,95494472043178,6826795131721,10143036983989,3169500138,177,10
183,115,60000000000,1.000000,95554601820194,6766665354705,10143036983989,3169500138,177,10
183,120,60000000000,1.000000,95615577044362,6705690130537,10143036983989,3169500138,177,10
183,125,60000000000,1.000000,95654617570434,6666649604465,10143036983989,3169500138,177,10
183,130,60000000000,1.000000,95727772626970,6593494547929,10143036983989,3169500138,177,10
183,135,60000000000,1.000000,95770259547218,6551007627681,10143036983989,3169500138,177,10
183,140,60000000000,1.000000,95824751298810,6496515876089,10143036983989,3169500138,177,10
183,145,60000000000,1.000000,95891740755442,6429526419457,10143036983989,3169500138,177,10
183,150,60000000000,1.000000,95937615914842,6383651260057,10143036983989,3169500138,177,10
183,155,60000000000,1.000000,95993842521522,6327424653377,10143036983989,3169500138,177,10
183,160,60000000000,1.000000,96050859695386,6270407479513,10143036983989,3169500138,177,10
183,165,60000000000,1.000000,96087366005874,6233901169025,10143036983989,3169500138,177,10
183,170,60000000000,1.000000,96155772389602,6165494785297,10143036983989,3169500138,177,10
183,175,60000000000,1.000000,96195501380402,6125765794497,10143036983989,3169500138,177,10
183,180,60000000000,1.000000,96246455939650,6074811235249,10143036983989,3169500138,177,10
183,185,60000000000,1.000000,96309096947434,6012170227465,10143036983989,3169500138,177,10
183,190,60000000000,1.000000,96351994238482,5969272936417,10143036983989,3169500138,177,10
183,195,60000000000,1.000000,96404571039234,5916696135665,10143036983989,3169500138,177,10
184,0,60000000000,1.000000,94730218256512,2926662412408,10079742331080,2936155926,0,0
184,5,60000000000,1.000000,94739103915872,2912169459365,10085349624763,2936155926,0,0
184,10,60000000000,1.000000,94759888486745,2889926040412,10086808472843,2936155926,0,0
184,15,60000000000,1.000000,94786032092169,2863782434988,10086808472843,2936155926,0,0
184,20,60000000000,1.000000,94808595310217,2841219216940,10086808472843,2936155926,0,0
184,25,60000000000,1.000000,94832166048369,2817648478788,10086808472843,2936155926,0,0
184,30,72000000000,0.723146,94537112605775,4298409295966,10091135039963,2913718202,43,0
184,35,60000000000,0.513245,88856696780271,16986503710196,10161693816041,2517108249,174,9
184,40,60000000000,1.000000,85518475136117,11322882411322,10161693816041,2517108249,174,9
184,45,60000000000,1.000000,84037056238156,8994924577482,10161693816041,2517108249,174,9
184,50,60000000000,1.000000,84163665332156,8868315483482,10161693816041,2517108249,174,9
184,55,60000000000,1.000000,84215068695429,8816912120209,10161693816041,2517108249,174,9
184,60,60000000000,1.000000,84289252077321,8742728738317,10161693816041,2517108249,174,9
184,65,60000000000,1.000000,84376371331605,8655609484033,10161693816041,2517108249,174,9
184,70,60000000000,1.000000,84435974982085,8596005833553,10161693816041,2517108249,174,9
184,75,60000000000,1.000000,84517381636813,8514599178825,10161693816041,2517108249,174,9
184,80,60000000000,1.000000,84584342939293,8447637876345,10161693816041,2517108249,174,9
184,85,60000000000,1.000000,84649564666589,8382416149049,10161693816041,2517108249,174,9
184,90,60000000000,1.000000,84737252718837,8294728096801,10161693816041,2517108249,174,9
184,95,60000000000,1.000000,84787370123837,8244610691801,10161693816041,2517108249,174,9
184,100,60000000000,1.000000,84856746317669,8175234497969,10161693816041,2517108249,174,9
184,105,60000000000,1.000000,84938227994757,8093752820881,10161693816041,2517108249,174,9
184,110,60000000000,1.000000,84993962627165,8038018188473,10161693816041,2517108249,174,9
184,115,60000000000,1.000000,85070084977677,7961895837961,10161693816041,2517108249,174,9
184,120,60000000000,1.000000,85132699659109,7899281156529,10161693816041,2517108249,174,9
184,125,60000000000,1.000000,85193687685277,7838293130361,10161693816041,2517108249,174,9
184,130,60000000000,1.000000,85275683692549,7756297123089,10161693816041,2517108249,174,9
184,135,60000000000,1.000000,85322547854765,7709432960873,10161693816041,2517108249,174,9
184,140,60000000000,1.000000,85387420671045,7644560144593,10161693816041,2517108249,174,9
184,145,60000000000,1.000000,85463613174117,7568367641521,10161693816041,2517108249,174,9
184,150,60000000000,1.000000,85515729935901,7516250879737,10161693816041,2517108249,174,9
184,155,60000000000,1.000000,85586910999493,7445069816145,10161693816041,2517108249,174,9
184,160,60000000000,1.000000,85645461209405,7386519606233,10161693816041,2517108249,174,9
184,165,60000000000,1.000000,85702490354453,7329490461185,10161693816041,2517108249,174,9
184,170,60000000000,1.000000,85779163801309,7252817014329,10161693816041,2517108249,174,9
184,175,60000000000,1.000000,85822985896645,7208994918993,10161693816041,2517108249,174,9
184,180,60000000000,1.000000,85883647660501,7148333155137,10161693816041,2517108249,174,9
184,185,60000000000,1.000000,85954894322733,7077086492905,10161693816041,2517108249,174,9
184,190,60000000000,1.000000,86003628058349,7028352757289,10161693816041,2517108249,174,9
184,195,60000000000,1.000000,86070188585781,6961792229857,10161693816041,2517108249,174,9
185,0,60000000000,1.000000,103823513472383,2994057257735,10089375269882,3160130664,0,0
185,5,60000000000,1.000000,103831269482237,2980079550560,10095596967203,3160130664,0,0
185,10,60000000000,1.000000,103857516311810,2953272465576,10096157222614,3160130664,0,0
185,15,60000000000,1.000000,103879639000786,2931149776600,10096157222614,3160130664,0,0
185,20,60000000000,1.000000,103904459418378,2906329359008,10096157222614,3160130664,0,0
185,25,60000000000,1.000000,103928069015434,2882719761952,10096157222614,3160130664,0,0
185,30,72000000000,0.877541,102950140715972,4398092179409,10097301210772,3069011575,38,1
185,35,60000000000,0.505478,100946799706369,11565887974365,10113848942662,2914024941,173,5
185,40,60000000000,0.969934,91165535672489,16111980116226,10113848942662,2914024941,173,5
185,45,60000000000,1.000000,89939017080570,14191295929610,10113848942662,2914024941,173,5
185,50,60000000000,1.000000,90049628018966,14080684991214,10113848942662,2914024941,173,5
185,55,60000000000,1.000000,90134746889569,13995566120611,10113848942662,2914024941,173,5
185,60,60000000000,1.000000,90241448484033,13888864526147,10113848942662,2914024941,173,5
185,65,60000000000,1.000000,90404445839417,13725867170763,10113848942662,2914024941,173,5
185,70,60000000000,1.000000,90497000386889,13633312623291,10113848942662,2914024941,173,5
185,75,60000000000,1.000000,90604252404137,13526060606043,10113848942662,2914024941,173,5
185,80,60000000000,1.000000,90752878633769,13377434376411,10113848942662,2914024941,173,5
185,85,60000000000,1.000000,90816070592905,13314242417275,10113848942662,2914024941,173,5
185,90,60000000000,1.000000,90960228324081,13170084686099,10113848942662,2914024941,173,5
185,95,60000000000,1.000000,91043222175025,13087090835155,10113848942662,2914024941,173,5
185,100,60000000000,1.000000,91143004231129,12987308779051,10113848942662,2914024941,173,5
185,105,60000000000,1.000000,91295425276505,12834887733675,10113848942662,2914024941,173,5
185,110,60000000000,1.000000,91381971883033,12748341127147,10113848942662,2914024941,173,5
185,115,60000000000,1.000000,91482261910745,12648051099435,10113848942662,2914024941,173,5
185,120,60000000000,1.000000,91621240449745,12509072560435,10113848942662,2914024941,173,5
185,125,60000000000,1.000000,91680330464961,12449982545219,10113848942662,2914024941,173,5
185,130,60000000000,1.000000,91815130566865,12315182443315,10113848942662,2914024941,173,5
185,135,60000000000,1.000000,91892737084953,12237575925227,10113848942662,2914024941,173,5
185,140,60000000000,1.000000,91986042044729,12144270965451,10113848942662,2914024941,173,5
185,145,60000000000,1.000000,92128569068857,12001743941323,10113848942662,2914024941,173,5
185,150,60000000000,1.000000,92209497724273,11920815285907,10113848942662,2914024941,173,5
185,155,60000000000,1.000000,92303277682017,11827035328163,10113848942662,2914024941,173,5
185,160,60000000000,1.000000,92433234785777,11697078224403,10113848942662,2914024941,173,5
185,165,60000000000,1.000000,92488489124297,11641823885883,10113848942662,2914024941,173,5
185,170,60000000000,1.000000,92614539023153,11515773987027,10113848942662,2914024941,173,5
185,175,60000000000,1.000000,92687107912985,11443205097195,10113848942662,2914024941,173,5
185,180,60000000000,1.000000,92774356220617,11355956789563,10113848942662,2914024941,173,5
185,185,60000000000,1.000000,92907631468465,11222681541715,10113848942662,2914024941,173,5
185,190,60000000000,1.000000,92983306847873,11147006162307,10113848942662,2914024941,173,5
185,195,60000000000,1.000000,93070999320193,11059313689987,10113848942662,2914024941,173,5
186,0,60000000000,1.000000,102166147875225,3118170993085,10099132131690,3805010286,0,0
186,5,60000000000,1.000000,102175540063323,3103265532749,10104645403928,3805010286,0,0
186,10,60000000000,1.000000,102201052259642,3077362443440,10105036296918,3805010286,0,0
186,15,60000000000,1.000000,102222262832066,3056151871016,10105036296918,3805010286,0,0
186,20,60000000000,1.000000,102253176102154,3025238600928,10105036296918,3805010286,0,0
186,25,60000000000,1.000000,102276817201978,3001597501104,10105036296918,3805010286,0,0
186,30,72000000000,1.000000,100990168140905,4066945337598,10124051482878,3699469453,32,0
186,35,60000000000,0.303452,99038914813188,20449591644053,10139072539819,3552827397,169,5
186,40,60000000000,0.729862,94942923490440,14114245016703,10139072539819,3552827397,169,5
186,45,60000000000,1.000000,91485743566090,10949758920119,10139072539819,3552827397,169,5
186,50,60000000000,1.000000,91702411569231,10733090916978,10139072539819,3552827397,169,5
186,55,60000000000,1.000000,91751970404550,10683532081659,10139072539819,3552827397,169,5
186,60,60000000000,1.000000,91854737182830,10580765303379,10139072539819,3552827397,169,5
186,65,60000000000,1.000000,91966239207441,10469263278768,10139072539819,3552827397,169,5
186,70,60000000000,1.000000,92026584409633,10408918076576,10139072539819,3552827397,169,5
186,75,60000000000,1.000000,92131551181777,10303951304432,10139072539819,3552827397,169,5
186,80,60000000000,1.000000,92209940932657,10225561553552,10139072539819,3552827397,169,5
186,85,60000000000,1.000000,92279122481961,10156380004248,10139072539819,3552827397,169,5
186,90,60000000000,1.000000,92398061931793,10037440554416,10139072539819,3552827397,169,5
186,95,60000000000,1.000000,92445458323321,9990044162888,10139072539819,3552827397,169,5
186,100,60000000000,1.000000,92541557596345,9893944889864,10139072539819,3552827397,169,5
186,105,60000000000,1.000000,92645824555977,9789677930232,10139072539819,3552827397,169,5
186,110,60000000000,1.000000,92702252604041,9733249882168,10139072539819,3552827397,169,5
186,115,60000000000,1.000000,92800405727433,9635096758776,10139072539819,3552827397,169,5
186,120,60000000000,1.000000,92873707008617,9561795477592,10139072539819,3552827397,169,5
186,125,60000000000,1.000000,92938397815113,9497104671096,10139072539819,3552827397,169,5
186,130,60000000000,1.000000,93049616615553,9385885870656,10139072539819,3552827397,169,5
186,135,60000000000,1.000000,93093936391897,9341566094312,10139072539819,3552827397,169,5
186,140,60000000000,1.000000,93183797627105,9251704859104,10139072539819,3552827397,169,5
186,145,60000000000,1.000000,93281296364401,9154206121808,10139072539819,3552827397,169,5
186,150,60000000000,1.000000,93334061530537,9101440955672,10139072539819,3552827397,169,5
186,155,60000000000,1.000000,93425843295593,9009659190616,10139072539819,3552827397,169,5
186,160,60000000000,1.000000,93494386412137,8941116074072,10139072539819,3552827397,169,5
186,165,60000000000,1.000000,93554877980897,8880624505312,10139072539819,3552827397,169,5
186,170,60000000000,1.000000,93658877298025,8776625188184,10139072539819,3552827397,169,5
186,175,60000000000,1.000000,93700320169737,8735182316472,10139072539819,3552827397,169,5
186,180,60000000000,1.000000,93784348293201,8651154193008,10139072539819,3552827397,169,5
186,185,60000000000,1.000000,93875518149945,8559984336264,10139072539819,3552827397,169,5
186,190,60000000000,1.000000,93924858200553,8510644285656,10139072539819,3552827397,169,5
186,195,60000000000,1.000000,94010682187793,8424820298416,10139072539819,3552827397,169,5
187,0,60000000000,1.000000,108334190752838,3011627887775,10099385359387,3379409770,0,0
187,5,60000000000,1.000000,108342738110614,2997949807088,10104516082298,3379409770,0,0
187,10,60000000000,1.000000,108367284593374,2971890973282,10106028433344,3379409770,0,0
187,15,60000000000,1.000000,108391729582742,2947445983914,10106028433344,3379409770,0,0
187,20,60000000000,1.000000,108416464434478,2922711132178,10106028433344,3379409770,0,0
187,25,60000000000,1.000000,108439055889366,2900119677290,10106028433344,3379409770,0,0
187,30,72000000000,0.540074,107899327700249,6360611390174,10110672845342,3342068297,31,1
187,35,60000000000,0.463439,104273687963036,15190198196011,10131788246223,3074070477,157,7
187,40,60000000000,0.835403,99501004682420,14139768648091,10131788246223,3074070477,157,7
187,45,60000000000,1.000000,97610482392721,10321172527243,10131788246223,3074070477,157,7
187,50,60000000000,1.000000,97721660290528,10209994629436,10131788246223,3074070477,157,7
187,55,60000000000,1.000000,97767074901909,10164580018055,10131788246223,3074070477,157,7
187,60,60000000000,1.000000,97864438038199,10067216881765,10131788246223,3074070477,157,7
187,65,60000000000,1.000000,97967677133963,9963977786001,10131788246223,3074070477,157,7
187,70,60000000000,1.000000,98026249311795,9905405608169,10131788246223,3074070477,157,7
187,75,60000000000,1.000000,98128308588563,9803346331401,10131788246223,3074070477,157,7
187,80,60000000000,1.000000,98213962181067,9717692738897,10131788246223,3074070477,157,7
187,85,60000000000,1.000000,98269101001611,9662553918353,10131788246223,3074070477,157,7
187,90,60000000000,1.000000,98383545792419,9548109127545,10131788246223,3074070477,157,7
187,95,60000000000,1.000000,98426576430539,9505078489425,10131788246223,3074070477,157,7
187,100,60000000000,1.000000,98517837582787,9413817337177,10131788246223,3074070477,157,7
187,105,60000000000,1.000000,98614463170307,9317191749657,10131788246223,3074070477,157,7
187,110,60000000000,1.000000,98669233285347,9262421634617,10131788246223,3074070477,157,7
187,115,60000000000,1.000000,98764667645979,9166987273985,10131788246223,3074070477,157,7
187,120,60000000000,1.000000,98844761255291,9086893664673,10131788246223,3074070477,157,7
187,125,60000000000,1.000000,98896320880683,9035334039281,10131788246223,3074070477,157,7
187,130,60000000000,1.000000,99003336781443,8928318138521,10131788246223,3074070477,157,7
187,135,60000000000,1.000000,99043574196019,8888080723945,10131788246223,3074070477,157,7
187,140,60000000000,1.000000,99128911364467,8802743555497,10131788246223,3074070477,157,7
187,145,60000000000,1.000000,99219264749883,8712390170081,10131788246223,3074070477,157,7
187,150,60000000000,1.000000,99270479603251,8661175316713,10131788246223,3074070477,157,7
187,155,60000000000,1.000000,99359719087011,8571935832953,10131788246223,3074070477,157,7
187,160,60000000000,1.000000,99434613625139,8497041294825,10131788246223,3074070477,157,7
187,165,60000000000,1.000000,99482826389827,8448828530137,10131788246223,3074070477,157,7
187,170,60000000000,1.000000,99582895628011,8348759291953,10131788246223,3074070477,157,7
187,175,60000000000,1.000000,99620521134123,8311133785841,10131788246223,3074070477,157,7
187,180,60000000000,1.000000,99700318859331,8231336060633,10131788246223,3074070477,157,7
187,185,60000000000,1.000000,99784807186427,8146847733537,10131788246223,3074070477,157,7
187,190,60000000000,1.000000,99832697559075,8098957360889,10131788246223,3074070477,157,7
187,195,60000000000,1.000000,99916144290627,8015510629337,10131788246223,3074070477,157,7
188,0,60000000000,1.000000,106291335950975,2962048480387,10087141568638,2972636486,0,0
188,5,60000000000,1.000000,106298493771509,2949397475345,10092634753146,2972636486,0,0
188,10,60000000000,1.000000,106323244278231,2923460936857,10093820784912,2972636486,0,0
188,15,60000000000,1.000000,106347104406863,2899600808225,10093820784912,2972636486,0,0
188,20,60000000000,1.000000,106372294796607,2874410418481,10093820784912,2972636486,0,0
188,25,60000000000,1.000000,106396045975751,2850659239337,10093820784912,2972636486,0,0
188,30,72000000000,0.552737,105823163122927,6188474700039,10096761565306,2920014384,42,1
188,35,60000000000,0.545415,100838398949638,15330692175467,10140539906676,2661681984,176,7
188,40,60000000000,0.963546,96534170814147,13145002366745,10140539906676,2661681984,176,7
188,45,60000000000,1.000000,94883060938175,10734708130849,10140539906676,2661681984,176,7
188,50,60000000000,1.000000,94991222871729,10626546197295,10140539906676,2661681984,176,7
188,55,60000000000,1.000000,95042723787468,10575045281556,10140539906676,2661681984,176,7
188,60,60000000000,1.000000,95139139739569,10478629329455,10140539906676,2661681984,176,7
188,65,60000000000,1.000000,95253832823651,10363936245373,10140539906676,2661681984,176,7
188,70,60000000000,1.000000,95309967144507,10307801924517,10140539906676,2661681984,176,7
188,75,60000000000,1.000000,95413246266323,10204522802701,10140539906676,2661681984,176,7
188,80,60000000000,1.000000,95507456981883,10110312087141,10140539906676,2661681984,176,7
188,85,60000000000,1.000000,95559024774667,10058744294357,10140539906676,2661681984,176,7
188,90,60000000000,1.000000,95678472422875,9939296646149,10140539906676,2661681984,176,7
188,95,60000000000,1.000000,95729029818115,9888739250909,10140539906676,2661681984,176,7
188,100,60000000000,1.000000,95819244015819,9798525053205,10140539906676,2661681984,176,7
188,105,60000000000,1.000000,95926581137819,9691187931205,10140539906676,2661681984,176,7
188,110,60000000000,1.000000,95979071643227,9638697425797,10140539906676,2661681984,176,7
188,115,60000000000,1.000000,96075646665739,9542122403285,10140539906676,2661681984,176,7
188,120,60000000000,1.000000,96163741934491,9454027134533,10140539906676,2661681984,176,7
188,125,60000000000,1.000000,96211962336291,9405806732733,10140539906676,2661681984,176,7
188,130,60000000000,1.000000,96323656346675,9294112722349,10140539906676,2661681984,176,7
188,135,60000000000,1.000000,96370931938363,9246837130661,10140539906676,2661681984,176,7
188,140,60000000000,1.000000,96455290112675,9162478956349,10140539906676,2661681984,176,7
188,145,60000000000,1.000000,96555659720667,9062109348357,10140539906676,2661681984,176,7
188,150,60000000000,1.000000,96604742939587,9013026129437,10140539906676,2661681984,176,7
188,155,60000000000,1.000000,96695049042267,8922720026757,10140539906676,2661681984,176,7
188,160,60000000000,1.000000,96777425832579,8840343236445,10140539906676,2661681984,176,7
188,165,60000000000,1.000000,96822516130651,8795252938373,10140539906676,2661681984,176,7
188,170,60000000000,1.000000,96926959811011,8690809258013,10140539906676,2661681984,176,7
188,175,60000000000,1.000000,96971166628875,8646602440149,10140539906676,2661681984,176,7
188,180,60000000000,1.000000,97050048908843,8567720160181,10140539906676,2661681984,176,7
188,185,60000000000,1.000000,97143903281211,8473865787813,10140539906676,2661681984,176,7
188,190,60000000000,1.000000,97189800388835,8427968680189,10140539906676,2661681984,176,7
188,195,60000000000,1.000000,97274244502491,8343524566533,10140539906676,2661681984,176,7
189,0,60000000000,1.000000,97502636824910,2907427455629,10075608719461,2640120774,0,0
189,5,60000000000,1.000000,97511279486356,2893114973438,10081278540206,2640120774,0,0
189,10,60000000000,1.000000,97532962722406,2870665859476,10082044418118,2640120774,0,0
189,15,60000000000,1.000000,97556642837490,2846977155292,10082053007218,2640120774,0,0
189,20,60000000000,1.000000,97578287993802,2825331998980,10082053007218,2640120774,0,0
189,25,60000000000,1.000000,97605344445082,2798275547700,10082053007218,2640120774,0,0
189,30,72000000000,0.661209,97100152864493,4987702535421,10087604050221,2599130062,33,4
189,35,60000000000,0.438415,94463590599405,13463616644307,10119434609257,2413060314,154,8
189,40,60000000000,0.751041,88869767274114,15307377589630,10119434609257,2413060314,154,8
189,45,60000000000,1.000000,87241395450675,10571415629486,10119434609257,2413060314,154,8
189,50,60000000000,1.000000,87317874644005,10494936436156,10119434609257,2413060314,154,8
189,55,60000000000,1.000000,87368993721232,10443817358929,10119434609257,2413060314,154,8
189,60,60000000000,1.000000,87464447259564,10348363820597,10119434609257,2413060314,154,8
189,65,60000000000,1.000000,87579975387916,10232835692245,10119434609257,2413060314,154,8
189,70,60000000000,1.000000,87633999537468,10178811542693,10119434609257,2413060314,154,8
189,75,60000000000,1.000000,87734235563788,10078575516373,10119434609257,2413060314,154,8
189,80,60000000000,1.000000,87835525868388,9977285211773,10119434609257,2413060314,154,8
189,85,60000000000,1.000000,87880819090212,9931991989949,10119434609257,2413060314,154,8
189,90,60000000000,1.000000,87998450791780,9814360288381,10119434609257,2413060314,154,8
189,95,60000000000,1.000000,88046916212140,9765894868021,10119434609257,2413060314,154,8
189,100,60000000000,1.000000,88136183573756,9676627506405,10119434609257,2413060314,154,8
189,105,60000000000,1.000000,88244213645388,9568597434773,10119434609257,2413060314,154,8
189,110,60000000000,1.000000,88294730955732,9518080124429,10119434609257,2413060314,154,8
189,115,60000000000,1.000000,88388460417564,9424350662597,10119434609257,2413060314,154,8
189,120,60000000000,1.000000,88483175721852,9329635358309,10119434609257,2413060314,154,8
189,125,60000000000,1.000000,88525528850444,9287282229717,10119434609257,2413060314,154,8
189,130,60000000000,1.000000,88635524791684,9177286288477,10119434609257,2413060314,154,8
189,135,60000000000,1.000000,88680844203436,9131966876725,10119434609257,2413060314,154,8
189,140,60000000000,1.000000,88764317003388,9048494076773,10119434609257,2413060314,154,8
189,145,60000000000,1.000000,88865334580020,8947476500141,10119434609257,2413060314,154,8
189,150,60000000000,1.000000,88912572688772,8900238391389,10119434609257,2413060314,154,8
189,155,60000000000,1.000000,89000217942940,8812593137221,10119434609257,2413060314,154,8
189,160,60000000000,1.000000,89088785046276,8724026033885,10119434609257,2413060314,154,8
189,165,60000000000,1.000000,89128388930212,8684422149949,10119434609257,2413060314,154,8
189,170,60000000000,1.000000,89231244767220,8581566312941,10119434609257,2413060314,154,8
189,175,60000000000,1.000000,89273622385628,8539188694533,10119434609257,2413060314,154,8
189,180,60000000000,1.000000,89351676762828,8461134317333,10119434609257,2413060314,154,8
189,185,60000000000,1.000000,89446137042644,8366674037517,10119434609257,2413060314,154,8
189,190,60000000000,1.000000,89490308810796,8322502269365,10119434609257,2413060314,154,8
189,195,60000000000,1.000000,89572264798148,8240546282013,10119434609257,2413060314,154,8
190,0,60000000000,1.000000,100131433445040,2883960944170,10082138610790,2702329036,0,0
190,5,60000000000,1.000000,100138684356338,2870607231013,10088241412649,2702329036,0,0
190,10,60000000000,1.000000,100160278738755,2847949573346,10089304687899,2702329036,0,0
190,15,60000000000,1.000000,100185566332587,2822661979514,10089304687899,2702329036,0,0
190,20,60000000000,1.000000,100209121356827,2799106955274,10089304687899,2702329036,0,0
190,25,60000000000,1.000000,100231223354035,2777004958066,10089304687899,2702329036,0,0
190,30,72000000000,0.837530,99410524104752,4286438713956,10096987455115,2645598274,36,2
190,35,60000000000,0.680297,95305177063335,11246690925588,10141263258736,2338508704,171,8
190,40,60000000000,1.000000,92050604803235,9064456201146,10141263258736,2338508704,171,8
190,45,60000000000,1.000000,89705629945134,9153919156666,10141263258736,2338508704,171,8
190,50,60000000000,1.000000,89786237288394,9073311813406,10141263258736,2338508704,171,8
190,55,60000000000,1.000000,89838805159420,9020743942380,10141263258736,2338508704,171,8
190,60,60000000000,1.000000,89917432973203,8942116128597,10141263258736,2338508704,171,8
190,65,60000000000,1.000000,90006746392025,8852802709775,10141263258736,2338508704,171,8
190,70,60000000000,1.000000,90059871786897,8799677314903,10141263258736,2338508704,171,8
190,75,60000000000,1.000000,90149822387193,8709726714607,10141263258736,2338508704,171,8
190,80,60000000000,1.000000,90219660200945,8639888900855,10141263258736,2338508704,171,8
190,85,60000000000,1.000000,90274342304633,8585206797167,10141263258736,2338508704,171,8
190,90,60000000000,1.000000,90374787398801,8484761702999,10141263258736,2338508704,171,8
190,95,60000000000,1.000000,90424278335745,8435270766055,10141263258736,2338508704,171,8
190,100,60000000000,1.000000,90497878621561,8361670480239,10141263258736,2338508704,171,8
190,105,60000000000,1.000000,90581403348833,8278145752967,10141263258736,2338508704,171,8
190,110,60000000000,1.000000,90631080244929,8228468856871,10141263258736,2338508704,171,8
190,115,60000000000,1.000000,90715191932753,8144357169047,10141263258736,2338508704,171,8
190,120,60000000000,1.000000,90780496404017,8079052697783,10141263258736,2338508704,171,8
190,125,60000000000,1.000000,90831628959177,8027920142623,10141263258736,2338508704,171,8
190,130,60000000000,1.000000,90925553917537,7933995184263,10141263258736,2338508704,171,8
190,135,60000000000,1.000000,90971832277201,7887716824599,10141263258736,2338508704,171,8
190,140,60000000000,1.000000,91040654989217,7818894112583,10141263258736,2338508704,171,8
190,145,60000000000,1.000000,91118757922985,7740791178815,10141263258736,2338508704,171,8
190,150,60000000000,1.000000,91165210170881,7694338930919,10141263258736,2338508704,171,8
190,155,60000000000,1.000000,91243861964297,7615687137503,10141263258736,2338508704,171,8
190,160,60000000000,1.000000,91304927363377,7554621738423,10141263258736,2338508704,171,8
190,165,60000000000,1.000000,91352740779745,7506808322055,10141263258736,2338508704,171,8
190,170,60000000000,1.000000,91440568840249,7418980261551,10141263258736,2338508704,171,8
190,175,60000000000,1.000000,91483843159097,7375705942703,10141263258736,2338508704,171,8
190,180,60000000000,1.000000,91548198421273,7311350680527,10141263258736,2338508704,171,8
190,185,60000000000,1.000000,91621231503481,7238317598319,10141263258736,2338508704,171,8
190,190,60000000000,1.000000,91664668422889,7194880678911,10141263258736,2338508704,171,8
190,195,60000000000,1.000000,91738214736753,7121334365047,10141263258736,2338508704,171,8
191,0,60000000000,1.000000,99358173217729,2917179334242,10081395448029,2977366764,0,0
191,5,60000000000,1.000000,99365723027043,2904748743267,10086276229690,2977366764,0,0
191,10,60000000000,1.000000,99389252542276,2880329701736,10087165755988,2977366764,0,0
191,15,60000000000,1.000000,99409878127260,2859704116752,10087165755988,2977366764,0,0
191,20,60000000000,1.000000,99439749839524,2829832404488,10087165755988,2977366764,0,0
191,25,60000000000,1.000000,99461976539588,2807605704424,10087165755988,2977366764,0,0
191,30,72000000000,0.787255,98684470538327,4539481074039,10098546433686,2921574827,45,1
191,35,60000000000,0.463907,95414947663503,14670936195013,10135846209976,2715495402,180,9
191,40,60000000000,0.899003,88522705842660,15237094005514,10135846209976,2715495402,180,9
191,45,60000000000,1.000000,87286429922901,11984850651482,10135846209976,2715495402,180,9
191,50,60000000000,1.000000,87394304288546,11876976285837,10135846209976,2715495402,180,9
191,55,60000000000,1.000000,87429585292441,11841695281942,10135846209976,2715495402,180,9
191,60,60000000000,1.000000,87562720004166,11708560570217,10135846209976,2715495402,180,9
191,65,60000000000,1.000000,87696798066084,11574482508299,10135846209976,2715495402,180,9
191,70,60000000000,1.000000,87731750751956,11539529822427,10135846209976,2715495402,180,9
191,75,60000000000,1.000000,87867055780252,11404224794131,10135846209976,2715495402,180,9
191,80,60000000000,1.000000,87987863790300,11283416784083,10135846209976,2715495402,180,9
191,85,60000000000,1.000000,88029850937204,11241429637179,10135846209976,2715495402,180,9
191,90,60000000000,1.000000,88164573648940,11106706925443,10135846209976,2715495402,180,9
191,95,60000000000,1.000000,88198210606748,11073069967635,10135846209976,2715495402,180,9
191,100,60000000000,1.000000,88322729850980,10948550723403,10135846209976,2715495402,180,9
191,105,60000000000,1.000000,88448125885364,10823154689019,10135846209976,2715495402,180,9
191,110,60000000000,1.000000,88480809707244,10790470867139,10135846209976,2715495402,180,9
191,115,60000000000,1.000000,88607331756644,10663948817739,10135846209976,2715495402,180,9
191,120,60000000000,1.000000,88720297824660,10550982749723,10135846209976,2715495402,180,9
191,125,60000000000,1.000000,88759559483500,10511721090883,10135846209976,2715495402,180,9
191,130,60000000000,1.000000,88885537015972,10385743558411,10135846209976,2715495402,180,9
191,135,60000000000,1.000000,88916990517036,10354290057347,10135846209976,2715495402,180,9
191,140,60000000000,1.000000,89033426913916,10237853660467,10135846209976,2715495402,180,9
191,145,60000000000,1.000000,89150683186268,10120597388115,10135846209976,2715495402,180,9
191,150,60000000000,1.000000,89181245421804,10090035152579,10135846209976,2715495402,180,9
191,155,60000000000,1.000000,89299554616892,9971725957491,10135846209976,2715495402,180,9
191,160,60000000000,1.000000,89405187782476,9866092791907,10135846209976,2715495402,180,9
191,165,60000000000,1.000000,89441900871516,9829379702867,10135846209976,2715495402,180,9
191,170,60000000000,1.000000,89559700895460,9711579678923,10135846209976,2715495402,180,9
191,175,60000000000,1.000000,89589112673052,9682167901331,10135846209976,2715495402,180,9
191,180,60000000000,1.000000,89697990899884,9573289674499,10135846209976,2715495402,180,9
191,185,60000000000,1.000000,89807635782148,9463644792235,10135846209976,2715495402,180,9
191,190,60000000000,1.000000,89836214148532,9435066425851,10135846209976,2715495402,180,9
191,195,60000000000,1.000000,89946843605724,9324436968659,10135846209976,2715495402,180,9
192,0,60000000000,1.000000,104885738639179,3006464145576,10094619215245,3738854628,0,0
192,5,60000000000,1.000000,104893752481918,2993324684463,10099744833619,3738854628,0,0
192,10,60000000000,1.000000,104919399860859,2966608421655,10100813717486,3738854628,0,0
192,15,60000000000,1.000000,104941162311635,2944820212103,10100839476262,3738854628,0,0
192,20,60000000000,1.000000,104967162824483,2918819699255,10100839476262,3738854628,0,0
192,25,60000000000,1.000000,104992669737459,2893312786279,10100839476262,3738854628,0,0
192,30,72000000000,0.653268,104361267922027,5386826986219,10106512851916,3697392385,44,1
192,35,60000000000,0.470626,98970115682734,18846078367636,10147256619493,3349006884,190,8
192,40,60000000000,1.000000,94269931824325,10600395322726,10147256619493,3349006884,190,8
192,45,60000000000,1.000000,92247089835140,11134264218062,10147256619493,3349006884,190,8
192,50,60000000000,1.000000,92406253828810,10975100224392,10147256619493,3349006884,190,8
192,55,60000000000,1.000000,92461281300330,10920072752872,10147256619493,3349006884,190,8
192,60,60000000000,1.000000,92559133814560,10822220238642,10147256619493,3349006884,190,8
192,65,60000000000,1.000000,92677181588640,10704172464562,10147256619493,3349006884,190,8
192,70,60000000000,1.000000,92737620430200,10643733623002,10147256619493,3349006884,190,8
192,75,60000000000,1.000000,92841781136744,10539572916458,10147256619493,3349006884,190,8
192,80,60000000000,1.000000,92925008329088,10456345724114,10147256619493,3349006884,190,8
192,85,60000000000,1.000000,92992037629744,10389316423458,10147256619493,3349006884,190,8
192,90,60000000000,1.000000,93117563359048,10263790694154,10147256619493,3349006884,190,8
192,95,60000000000,1.000000,93169421043520,10211933009682,10147256619493,3349006884,190,8
192,100,60000000000,1.000000,93261492844864,10119861208338,10147256619493,3349006884,190,8
192,105,60000000000,1.000000,93372015464120,10009338589082,10147256619493,3349006884,190,8
192,110,60000000000,1.000000,93428531073304,9952822979898,10147256619493,3349006884,190,8
192,115,60000000000,1.000000,93525930454584,9855423598618,10147256619493,3349006884,190,8
192,120,60000000000,1.000000,93603755167072,9777598886130,10147256619493,3349006884,190,8
192,125,60000000000,1.000000,93666433432528,9714920620674,10147256619493,3349006884,190,8
192,130,60000000000,1.000000,93783810981248,9597543071954,10147256619493,3349006884,190,8
192,135,60000000000,1.000000,93832302457168,9549051596034,10147256619493,3349006884,190,8
192,140,60000000000,1.000000,93918397653760,9462956399442,10147256619493,3349006884,190,8
192,145,60000000000,1.000000,94021745980688,9359608072514,10147256619493,3349006884,190,8
192,150,60000000000,1.000000,94074593024112,9306761029090,10147256619493,3349006884,190,8
192,155,60000000000,1.000000,94165669974480,9215684078722,10147256619493,3349006884,190,8
192,160,60000000000,1.000000,94238442895608,9142911157594,10147256619493,3349006884,190,8
192,165,60000000000,1.000000,94297052562272,9084301490930,10147256619493,3349006884,190,8
192,170,60000000000,1.000000,94406810848360,8974543204842,10147256619493,3349006884,190,8
192,175,60000000000,1.000000,94452154624552,8929199428650,10147256619493,3349006884,190,8
192,180,60000000000,1.000000,94532661172136,8848692881066,10147256619493,3349006884,190,8
192,185,60000000000,1.000000,94629300907544,8752053145658,10147256619493,3349006884,190,8
192,190,60000000000,1.000000,94678717520720,8702636532482,10147256619493,3349006884,190,8
192,195,60000000000,1.000000,94763882444456,8617471608746,10147256619493,3349006884,190,8
193,0,60000000000,1.000000,109120028334468,3036204609339,10097684056193,3530078060,0,0
193,5,60000000000,1.000000,109127695955018,3022626991348,10103594053634,3530078060,0,0
193,10,60000000000,1.000000,109153962116269,2995862758988,10104092124743,3530078060,0,0
193,15,60000000000,1.000000,109175918853605,2973906021652,10104092124743,3530078060,0,0
193,20,60000000000,1.000000,109201607866909,2948217008348,10104092124743,3530078060,0,0
193,25,60000000000,1.000000,109228098846813,2921726028444,10104092124743,3530078060,0,0
193,30,72000000000,0.989318,108452380883169,3729636562719,10111739124863,3463140367,37,0
193,35,60000000000,0.385164,105635178504451,16852514957386,10127753514800,3226153561,157,2
193,40,60000000000,1.000000,99066819270312,12371452977821,10127753514800,3226153561,157,2
193,45,60000000000,1.000000,96922680034853,12108766942501,10127753514800,3226153561,157,2
193,50,60000000000,1.000000,97074243324654,11957203652700,10127753514800,3226153561,157,2
193,55,60000000000,1.000000,97143890817228,11887556160126,10127753514800,3226153561,157,2
193,60,60000000000,1.000000,97240271335184,11791175642170,10127753514800,3226153561,157,2
193,65,60000000000,1.000000,97367870942997,11663576034357,10127753514800,3226153561,157,2
193,70,60000000000,1.000000,97437985041133,11593461936221,10127753514800,3226153561,157,2
193,75,60000000000,1.000000,97547463623205,11483983354149,10127753514800,3226153561,157,2
193,80,60000000000,1.000000,97657882564877,11373564412477,10127753514800,3226153561,157,2
193,85,60000000000,1.000000,97712130160869,11319316816485,10127753514800,3226153561,157,2
193,90,60000000000,1.000000,97849853912789,11181593064565,10127753514800,3226153561,157,2
193,95,60000000000,1.000000,97915537264733,11115909712621,10127753514800,3226153561,157,2
193,100,60000000000,1.000000,98005663931805,11025783045549,10127753514800,3226153561,157,2
193,105,60000000000,1.000000,98124982040181,10906464937173,10127753514800,3226153561,157,2
193,110,60000000000,1.000000,98190544861557,10840902115797,10127753514800,3226153561,157,2
193,115,60000000000,1.000000,98292916922165,10738530055189,10127753514800,3226153561,157,2
193,120,60000000000,1.000000,98396168301509,10635278675845,10127753514800,3226153561,157,2
193,125,60000000000,1.000000,98446894554149,10584552423205,10127753514800,3226153561,157,2
193,130,60000000000,1.000000,98575678322053,10455768655301,10127753514800,3226153561,157,2
193,135,60000000000,1.000000,98637098007597,10394348969757,10127753514800,3226153561,157,2
193,140,60000000000,1.000000,98721374333149,10310072644205,10127753514800,3226153561,157,2
193,145,60000000000,1.000000,98832947212429,10198499764925,10127753514800,3226153561,157,2
193,150,60000000000,1.000000,98894254191413,10137192785941,10127753514800,3226153561,157,2
193,155,60000000000,1.000000,98989981032437,10041465944917,10127753514800,3226153561,157,2
193,160,60000000000,1.000000,99086530113205,9944916864149,10127753514800,3226153561,157,2
193,165,60000000000,1.000000,99133963601061,9897483376293,10127753514800,3226153561,157,2
193,170,60000000000,1.000000,99254387700869,9777059276485,10127753514800,3226153561,157,2
193,175,60000000000,1.000000,99311820485189,9719626492165,10127753514800,3226153561,157,2
193,180,60000000000,1.000000,99390626229285,9640820748069,10127753514800,3226153561,157,2
193,185,60000000000,1.000000,99494956641253,9536490336101,10127753514800,3226153561,157,2
193,190,60000000000,1.000000,99552284034925,9479162942429,10127753514800,3226153561,157,2
193,195,60000000000,1.000000,99641797013493,9389649963861,10127753514800,3226153561,157,2
194,0,60000000000,1.000000,112930063560533,3125117146647,10107408292820,3836222244,0,0
194,5,60000000000,1.000000,112938456013239,3111973459486,10112159527275,3836222244,0,0
194,10,60000000000,1.000000,112965894061941,3083013981209,10113680956850,3836222244,0,0
194,15,60000000000,1.000000,112988501337053,3060406706097,10113680956850,3836222244,0,0
194,20,60000000000,1.000000,113014338508925,3034569534225,10113680956850,3836222244,0,0
194,25,60000000000,1.000000,113044068015925,3004840027225,10113680956850,3836222244,0,0
194,30,72000000000,0.965729,112373673753529,3797605321212,10121455804529,3783588931,39,4
194,35,60000000000,0.337992,109522295525774,19229236269482,10140973526436,3556512303,192,8
194,40,60000000000,0.656667,98882645968581,26099947449679,10140973526436,3556512303,192,8
194,45,60000000000,1.000000,97748705770766,15374657240223,10140973526436,3556512303,192,8
194,50,60000000000,1.000000,97942780869838,15180582141151,10140973526436,3556512303,192,8
194,55,60000000000,1.000000,98030586060531,15092776950458,10140973526436,3556512303,192,8
194,60,60000000000,1.000000,98152527093802,14970835917187,10140973526436,3556512303,192,8
194,65,60000000000,1.000000,98333690026780,14789672984209,10140973526436,3556512303,192,8
194,70,60000000000,1.000000,98420633460076,14702729550913,10140973526436,3556512303,192,8
194,75,60000000000,1.000000,98543721250012,14579641760977,10140973526436,3556512303,192,8
194,80,60000000000,1.000000,98707519840388,14415843170601,10140973526436,3556512303,192,8
194,85,60000000000,1.000000,98750445370028,14372917640961,10140973526436,3556512303,192,8
194,90,60000000000,1.000000,98926783037324,14196579973665,10140973526436,3556512303,192,8
194,95,60000000000,1.000000,99010134395420,14113228615569,10140973526436,3556512303,192,8
194,100,60000000000,1.000000,99124274959500,13999088051489,10140973526436,3556512303,192,8
194,105,60000000000,1.000000,99293723688804,13829639322185,10140973526436,3556512303,192,8
194,110,60000000000,1.000000,99375023412132,13748339598857,10140973526436,3556512303,192,8
194,115,60000000000,1.000000,99490121273812,13633241737177,10140973526436,3556512303,192,8
194,120,60000000000,1.000000,99643287298884,13480075712105,10140973526436,3556512303,192,8
194,125,60000000000,1.000000,99683426427812,13439936583177,10140973526436,3556512303,192,8
194,130,60000000000,1.000000,99848317587868,13275045423121,10140973526436,3556512303,192,8
194,135,60000000000,1.000000,99926258406500,13197104604489,10140973526436,3556512303,192,8
194,140,60000000000,1.000000,100032989828804,13090373182185,10140973526436,3556512303,192,8
194,145,60000000000,1.000000,100191439228516,12931923782473,10140973526436,3556512303,192,8
194,150,60000000000,1.000000,100267461588780,12855901422209,10140973526436,3556512303,192,8
194,155,60000000000,1.000000,100375088168052,12748274842937,10140973526436,3556512303,192,8
194,160,60000000000,1.000000,100518311813404,12605051197585,10140973526436,3556512303,192,8
194,165,60000000000,1.000000,100555845413716,12567517597273,10140973526436,3556512303,192,8
194,170,60000000000,1.000000,100710033087076,12413329923913,10140973526436,3556512303,192,8
194,175,60000000000,1.000000,100782914577316,12340448433673,10140973526436,3556512303,192,8
194,180,60000000000,1.000000,100882717802980,12240645208009,10140973526436,3556512303,192,8
194,185,60000000000,1.000000,101030881866348,12092481144641,10140973526436,3556512303,192,8
194,190,60000000000,1.000000,101101969430116,12021393580873,10140973526436,3556512303,192,8
194,195,60000000000,1.000000,101202609705916,11920753305073,10140973526436,3556512303,192,8
195,0,60000000000,1.000000,101377310615117,2932820605182,10081269779701,3137720646,0,0
195,5,60000000000,1.000000,101385912557759,2919144193252,10086344248989,3137720646,0,0
195,10,60000000000,1.000000,101409308782868,2894642693786,10087449523346,3137720646,0,0
195,15,60000000000,1.000000,101432633241028,2871318235626,10087449523346,3137720646,0,0
195,20,60000000000,1.000000,101455554966764,2848396509890,10087449523346,3137720646,0,0
195,25,60000000000,1.000000,101481574885676,2822376590978,10087449523346,3137720646,0,0
195,30,72000000000,0.714458,100675554270186,5067639620968,10095232680390,3066357877,34,2
195,35,60000000000,0.430630,97458766726050,15813425354117,10122904059317,2836739718,171,11
195,40,60000000000,1.000000,94573439956325,8725066486003,10122904059317,2836739718,171,11
195,45,60000000000,1.000000,89658298536976,11364906241331,10122904059317,2836739718,171,11
195,50,60000000000,1.000000,89777550704073,11245654074234,10122904059317,2836739718,171,11
195,55,60000000000,1.000000,89830377392035,11192827386272,10122904059317,2836739718,171,11
195,60,60000000000,1.000000,89932722920218,11090481858089,10122904059317,2836739718,171,11
195,65,60000000000,1.000000,90028369900560,10994834877747,10122904059317,2836739718,171,11
195,70,60000000000,1.000000,90118308129656,10904896648651,10122904059317,2836739718,171,11
195,75,60000000000,1.000000,90223117638624,10800087139683,10122904059317,2836739718,171,11
195,80,60000000000,1.000000,90289806410592,10733398367715,10122904059317,2836739718,171,11
195,85,60000000000,1.000000,90376329761968,10646875016339,10122904059317,2836739718,171,11
195,90,60000000000,1.000000,90505903101576,10517301676731,10122904059317,2836739718,171,11
195,95,60000000000,1.000000,90556786013952,10466418764355,10122904059317,2836739718,171,11
195,100,60000000000,1.000000,90652567171952,10370637606355,10122904059317,2836739718,171,11
195,105,60000000000,1.000000,90742071380784,10281133397523,10122904059317,2836739718,171,11
195,110,60000000000,1.000000,90826171500440,10197033277867,10122904059317,2836739718,171,11
195,115,60000000000,1.000000,90924177568992,10099027209315,10122904059317,2836739718,171,11
195,120,60000000000,1.000000,90986537410456,10036667367851,10122904059317,2836739718,171,11
195,125,60000000000,1.000000,91067444320280,9955760458027,10122904059317,2836739718,171,11
195,130,60000000000,1.000000,91188606739000,9834598039307,10122904059317,2836739718,171,11
195,135,60000000000,1.000000,91236186717640,9787018060667,10122904059317,2836739718,171,11
195,140,60000000000,1.000000,91325750487464,9697454290843,10122904059317,2836739718,171,11
195,145,60000000000,1.000000,91409444760160,9613760018147,10122904059317,2836739718,171,11
195,150,60000000000,1.000000,91488085736152,9535119042155,10122904059317,2836739718,171,11
195,155,60000000000,1.000000,91579729992024,9443474786283,10122904059317,2836739718,171,11
195,160,60000000000,1.000000,91638041904272,9385162874035,10122904059317,2836739718,171,11
195,165,60000000000,1.000000,91713696949648,9309507828659,10122904059317,2836739718,171,11
195,170,60000000000,1.000000,91826994420664,9196210357643,10122904059317,2836739718,171,11
195,175,60000000000,1.000000,91871485866976,9151718911331,10122904059317,2836739718,171,11
195,180,60000000000,1.000000,91955235834248,9067968944059,10122904059317,2836739718,171,11
195,185,60000000000,1.000000,92033497307936,8989707470371,10122904059317,2836739718,171,11
195,190,60000000000,1.000000,92107033506632,8916171271675,10122904059317,2836739718,171,11
195,195,60000000000,1.000000,92192728910824,8830475867483,10122904059317,2836739718,171,11
196,0,60000000000,1.000000,99564229547513,2937490874981,10083092577506,2787301046,0,0
196,5,60000000000,1.000000,99575540504508,2920617881297,10088654614195,2787301046,0,0
196,10,60000000000,1.000000,99593622312978,2901849802247,10089340884775,2787301046,0,0
196,15,60000000000,1.000000,99619670510026,2875801605199,10089340884775,2787301046,0,0
196,20,60000000000,1.000000,99644000847898,2851471267327,10089340884775,2787301046,0,0
196,25,60000000000,1.000000,99667025508906,2828446606319,10089340884775,2787301046,0,0
196,30,72000000000,1.000000,97866917223819,4383762076326,10105582690329,2630423336,32,2
196,35,60000000000,0.653622,95807742400098,10174557121954,10126758346333,2488070757,167,10
196,40,60000000000,1.000000,91027457380730,10047951520718,10126758346333,2488070757,167,10
196,45,60000000000,1.000000,90033555353221,8959752234174,10126758346333,2488070757,167,10
196,50,60000000000,1.000000,90110775574331,8882532013064,10126758346333,2488070757,167,10
196,55,60000000000,1.000000,90150022833560,8843284753835,10126758346333,2488070757,167,10
196,60,60000000000,1.000000,90239060427426,8754247159969,10126758346333,2488070757,167,10
196,65,60000000000,1.000000,90332842401028,8660465186367,10126758346333,2488070757,167,10
196,70,60000000000,1.000000,90377428804532,8615878782863,10126758346333,2488070757,167,10
196,75,60000000000,1.000000,90467055332604,8526252254791,10126758346333,2488070757,167,10
196,80,60000000000,1.000000,90549723494268,8443584093127,10126758346333,2488070757,167,10
196,85,60000000000,1.000000,90593331136460,8399976450935,10126758346333,2488070757,167,10
196,90,60000000000,1.000000,90686368238596,8306939348799,10126758346333,2488070757,167,10
196,95,60000000000,1.000000,90723920324764,8269387262631,10126758346333,2488070757,167,10
196,100,60000000000,1.000000,90807277062052,8186030525343,10126758346333,2488070757,167,10
196,105,60000000000,1.000000,90895014260404,8098293326991,10126758346333,2488070757,167,10
196,110,60000000000,1.000000,90936706451916,8056601135479,10126758346333,2488070757,167,10
196,115,60000000000,1.000000,91020515103908,7972792483487,10126758346333,2488070757,167,10
196,120,60000000000,1.000000,91097817073948,7895490513447,10126758346333,2488070757,167,10
196,125,60000000000,1.000000,91138594037892,7854713549503,10126758346333,2488070757,167,10
196,130,60000000000,1.000000,91225591875108,7767715712287,10126758346333,2488070757,167,10
196,135,60000000000,1.000000,91260706363868,7732601223527,10126758346333,2488070757,167,10
196,140,60000000000,1.000000,91338652212284,7654655375111,10126758346333,2488070757,167,10
196,145,60000000000,1.000000,91420694175332,7572613412063,10126758346333,2488070757,167,10
196,150,60000000000,1.000000,91459680025172,7533627562223,10126758346333,2488070757,167,10
196,155,60000000000,1.000000,91538048453492,7455259133903,10126758346333,2488070757,167,10
196,160,60000000000,1.000000,91610332564356,7382975023039,10126758346333,2488070757,167,10
196,165,60000000000,1.000000,91648462596196,7344844991199,10126758346333,2488070757,167,10
196,170,60000000000,1.000000,91729813191908,7263494395487,10126758346333,2488070757,167,10
196,175,60000000000,1.000000,91762648313764,7230659273631,10126758346333,2488070757,167,10
196,180,60000000000,1.000000,91835534507356,7157773080039,10126758346333,2488070757,167,10
196,185,60000000000,1.000000,91912250926924,7081056660471,10126758346333,2488070757,167,10
196,190,60000000000,1.000000,91948706110300,7044601477095,10126758346333,2488070757,167,10
196,195,60000000000,1.000000,92021987453044,6971320134351,10126758346333,2488070757,167,10
197,0,60000000000,1.000000,101651595086277,2916918215323,10083382698400,2993175596,0,0
197,5,60000000000,1.000000,101658281168394,2905590587812,10088024243794,2993175596,0,0
197,10,60000000000,1.000000,101683466104504,2879687929788,10088741965708,2993175596,0,0
197,15,60000000000,1.000000,101705009645272,2858144389020,10088741965708,2993175596,0,0
197,20,60000000000,1.000000,101731113341776,2832040692516,10088741965708,2993175596,0,0
197,25,60000000000,1.000000,101756832666440,2806321367852,10088741965708,2993175596,0,0
197,30,72000000000,0.410213,101279746060394,7985341482661,10096461620778,2959524610,33,1
197,35,60000000000,0.382874,99054473569727,14324938838350,10112779371060,2782105230,162,9
197,40,60000000000,0.989938,92226387344562,12437880368984,10112779371060,2782105230,162,9
197,45,60000000000,1.000000,91076648342876,11128465905872,10112779371060,2782105230,162,9
197,50,60000000000,1.000000,91162893849984,11042220398764,10112779371060,2782105230,162,9
197,55,60000000000,1.000000,91213452578595,10991661670153,10112779371060,2782105230,162,9
197,60,60000000000,1.000000,91316713929105,10888400319643,10112779371060,2782105230,162,9
197,65,60000000000,1.000000,91443871338734,10761242910014,10112779371060,2782105230,162,9
197,70,60000000000,1.000000,91482555212622,10722559036126,10112779371060,2782105230,162,9
197,75,60000000000,1.000000,91601792896446,10603321352302,10112779371060,2782105230,162,9
197,80,60000000000,1.000000,91715132598590,10489981650158,10112779371060,2782105230,162,9
197,85,60000000000,1.000000,91752511026486,10452603222262,10112779371060,2782105230,162,9
197,90,60000000000,1.000000,91878294037190,10326820211558,10112779371060,2782105230,162,9
197,95,60000000000,1.000000,91926841811294,10278272437454,10112779371060,2782105230,162,9
197,100,60000000000,1.000000,92023502079886,10181612168862,10112779371060,2782105230,162,9
197,105,60000000000,1.000000,92142409795398,10062704453350,10112779371060,2782105230,162,9
197,110,60000000000,1.000000,92178582605070,10026531643678,10112779371060,2782105230,162,9
197,115,60000000000,1.000000,92290080280710,9915033968038,10112779371060,2782105230,162,9
197,120,60000000000,1.000000,92396062826806,9809051421942,10112779371060,2782105230,162,9
197,125,60000000000,1.000000,92431014929798,9774099318950,10112779371060,2782105230,162,9
197,130,60000000000,1.000000,92548633058950,9656481189798,10112779371060,2782105230,162,9
197,135,60000000000,1.000000,92594029478814,9611084769934,10112779371060,2782105230,162,9
197,140,60000000000,1.000000,92684415294038,9520698954710,10112779371060,2782105230,162,9
197,145,60000000000,1.000000,92795604420254,9409509828494,10112779371060,2782105230,162,9
197,150,60000000000,1.000000,92829429164662,9375685084086,10112779371060,2782105230,162,9
197,155,60000000000,1.000000,92933689254582,9271424994166,10112779371060,2782105230,162,9
197,160,60000000000,1.000000,93032792215590,9172322033158,10112779371060,2782105230,162,9
197,165,60000000000,1.000000,93065475492502,9139638756246,10112779371060,2782105230,162,9
197,170,60000000000,1.000000,93175458742526,9029655506222,10112779371060,2782105230,162,9
197,175,60000000000,1.000000,93217908370190,8987205878558,10112779371060,2782105230,162,9
197,180,60000000000,1.000000,93302427022062,8902687226686,10112779371060,2782105230,162,9
197,185,60000000000,1.000000,93406398591422,8798715657326,10112779371060,2782105230,162,9
197,190,60000000000,1.000000,93438027689294,8767086559454,10112779371060,2782105230,162,9
197,195,60000000000,1.000000,93535520002878,8669594245870,10112779371060,2782105230,162,9
198,0,60000000000,1.000000,109312341266180,3073835395101,10108789338719,3760537640,0,0
198,5,60000000000,1.000000,109320267980705,3059389788218,10115308231077,3760537640,0,0
198,10,60000000000,1.000000,109344523232974,3034786193263,10115656573763,3760537640,0,0
198,15,60000000000,1.000000,109369056659246,3010252766991,10115656573763,3760537640,0,0
198,20,60000000000,1.000000,109393390007582,2985919418655,10115656573763,3760537640,0,0
198,25,60000000000,1.000000,109420469664438,2958839761799,10115656573763,3760537640,0,0
198,30,72000000000,0.586987,108675754425344,6296766787587,10123089512829,3700636082,37,4
198,35,60000000000,0.319336,106649254524864,17860890720902,10142086179564,3562320860,176,8
198,40,60000000000,0.917760,98443116572459,15156218031343,10142086179564,3562320860,176,8
198,45,60000000000,1.000000,95991553561326,14212377694927,10142086179564,3562320860,176,8
198,50,60000000000,1.000000,96135368337961,14068562918292,10142086179564,3562320860,176,8
198,55,60000000000,1.000000,96211016412612,13992914843641,10142086179564,3562320860,176,8
198,60,60000000000,1.000000,96326445178372,13877486077881,10142086179564,3562320860,176,8
198,65,60000000000,1.000000,96474462434679,13729468821574,10142086179564,3562320860,176,8
198,70,60000000000,1.000000,96572892527127,13631038729126,10142086179564,3562320860,176,8
198,75,60000000000,1.000000,96690217060527,13513714195726,10142086179564,3562320860,176,8
198,80,60000000000,1.000000,96821991666759,13381939589494,10142086179564,3562320860,176,8
198,85,60000000000,1.000000,96909204062687,13294727193566,10142086179564,3562320860,176,8
198,90,60000000000,1.000000,97044417109191,13159514147062,10142086179564,3562320860,176,8
198,95,60000000000,1.000000,97119252618103,13084678638150,10142086179564,3562320860,176,8
198,100,60000000000,1.000000,97227188621095,12976742635158,10142086179564,3562320860,176,8
198,105,60000000000,1.000000,97365675663567,12838255592686,10142086179564,3562320860,176,8
198,110,60000000000,1.000000,97457716418983,12746214837270,10142086179564,3562320860,176,8
198,115,60000000000,1.000000,97567425131247,12636506125006,10142086179564,3562320860,176,8
198,120,60000000000,1.000000,97690645926647,12513285329606,10142086179564,3562320860,176,8
198,125,60000000000,1.000000,97772197153399,12431734102854,10142086179564,3562320860,176,8
198,130,60000000000,1.000000,97898633191871,12305298064382,10142086179564,3562320860,176,8
198,135,60000000000,1.000000,97968610945703,12235320310550,10142086179564,3562320860,176,8
198,140,60000000000,1.000000,98069540559959,12134390696294,10142086179564,3562320860,176,8
198,145,60000000000,1.000000,98199038071279,12004893184974,10142086179564,3562320860,176,8
198,150,60000000000,1.000000,98285104237231,11918827019022,10142086179564,3562320860,176,8
198,155,60000000000,1.000000,98387691489959,11816239766294,10142086179564,3562320860,176,8
198,160,60000000000,1.000000,98502913723535,11701017532718,10142086179564,3562320860,176,8
198,165,60000000000,1.000000,98579171261671,11624759994582,10142086179564,3562320860,176,8
198,170,60000000000,1.000000,98697400028935,11506531227318,10142086179564,3562320860,176,8
198,175,60000000000,1.000000,98762835356407,11441095899846,10142086179564,3562320860,176,8
198,180,60000000000,1.000000,98857213383591,11346717872662,10142086179564,3562320860,176,8
198,185,60000000000,1.000000,98978304896143,11225626360110,10142086179564,3562320860,176,8
198,190,60000000000,1.000000,99058784297615,11145146958638,10142086179564,3562320860,176,8
198,195,60000000000,1.000000,99154712361903,11049218894350,10142086179564,3562320860,176,8
199,0,60000000000,1.000000,110801486910833,2937660749727,10088477339440,2883929334,0,0
199,5,60000000000,1.000000,110808661420216,2924736083359,10094227496425,2883929334,0,0
199,10,60000000000,1.000000,110834508797542,2898324072116,10094792130342,2883929334,0,0
199,15,60000000000,1.000000,110853720394286,2879112475372,10094792130342,2883929334,0,0
199,20,60000000000,1.000000,110878955437038,2853877432620,10094792130342,2883929334,0,0
199,25,60000000000,1.000000,110904533422310,2828299447348,10094792130342,2883929334,0,0
199,30,72000000000,0.668936,110517316811993,4802287350300,10097886745335,2854013283,35,1
199,35,60000000000,0.500156,107924584349149,11572650434919,10114904769007,2649859516,168,8
199,40,60000000000,0.968590,101902325919647,12193392359338,10114904769007,2649859516,168,8
199,45,60000000000,1.000000,99723080079162,11433270101706,10114904769007,2649859516,168,8
199,50,60000000000,1.000000,99823048824588,11333301356280,10114904769007,2649859516,168,8
199,55,60000000000,1.000000,99867397825003,11288952355865,10114904769007,2649859516,168,8
199,60,60000000000,1.000000,99977346189464,11179003991404,10114904769007,2649859516,168,8
199,65,60000000000,1.000000,100109062919069,11047287261799,10114904769007,2649859516,168,8
199,70,60000000000,1.000000,100159331967741,10997018213127,10114904769007,2649859516,168,8
199,75,60000000000,1.000000,100270934173421,10885416007447,10114904769007,2649859516,168,8
199,80,60000000000,1.000000,100372645510069,10783704670799,10114904769007,2649859516,168,8
199,85,60000000000,1.000000,100430274212613,10726075968255,10114904769007,2649859516,168,8
199,90,60000000000,1.000000,100556640885333,10599709295535,10114904769007,2649859516,168,8
199,95,60000000000,1.000000,100600184819973,10556165360895,10114904769007,2649859516,168,8
199,100,60000000000,1.000000,100703002034213,10453348146655,10114904769007,2649859516,168,8
199,105,60000000000,1.000000,100826169211237,10330180969631,10114904769007,2649859516,168,8
199,110,60000000000,1.000000,100873175173677,10283175007191,10114904769007,2649859516,168,8
199,115,60000000000,1.000000,100977533008493,10178817172375,10114904769007,2649859516,168,8
199,120,60000000000,1.000000,101072642014541,10083708166327,10114904769007,2649859516,168,8
199,125,60000000000,1.000000,101126529897613,10029820283255,10114904769007,2649859516,168,8
199,130,60000000000,1.000000,101244693801765,9911656379103,10114904769007,2649859516,168,8
199,135,60000000000,1.000000,101285411193565,9870938987303,10114904769007,2649859516,168,8
199,140,60000000000,1.000000,101381554292133,9774795888735,10114904769007,2649859516,168,8
199,145,60000000000,1.000000,101496726387821,9659623793047,10114904769007,2649859516,168,8
199,150,60000000000,1.000000,101540681078725,9615669102143,10114904769007,2649859516,168,8
199,155,60000000000,1.000000,101638264792413,9518085388455,10114904769007,2649859516,168,8
199,160,60000000000,1.000000,101727200041285,9429150139583,10114904769007,2649859516,168,8
199,165,60000000000,1.000000,101777589930693,9378760250175,10114904769007,2649859516,168,8
199,170,60000000000,1.000000,101888083528261,9268266652607,10114904769007,2649859516,168,8
199,175,60000000000,1.000000,101926157855045,9230192325823,10114904769007,2649859516,168,8
199,180,60000000000,1.000000,102016060071037,9140290109831,10114904769007,2649859516,168,8
199,185,60000000000,1.000000,102123756065437,9032594115431,10114904769007,2649859516,168,8
199,190,60000000000,1.000000,102164857550381,8991492630487,10114904769007,2649859516,168,8
199,195,60000000000,1.000000,102256106867557,8900243313311,10114904769007,2649859516,168,8
200,0,60000000000,1.000000,104566649922576,2984896416913,10091554660511,3421549800,0,0
200,5,60000000000,1.000000,104575548207183,2969097840986,10098454951831,3421549800,0,0
200,10,60000000000,1.000000,104595557573064,2948125280692,10099418146244,3421549800,0,0
200,15,60000000000,1.000000,104623478763200,2920204090556,10099418146244,3421549800,0,0
200,20,60000000000,1.000000,104648211468312,2895471385444,10099418146244,3421549800,0,0
200,25,60000000000,1.000000,104668902388472,2874780465284,10099418146244,3421549800,0,0
200,30,72000000000,0.674630,103417784063565,6113942508116,10100670796100,3293327162,29,2
200,35,60000000000,0.363292,100707066834709,18759125048102,10120987331783,3062354994,170,10
200,40,60000000000,0.848727,98541430423890,10581359745388,10120987331783,3062354994,170,10
200,45,60000000000,1.000000,90573665542747,13254964673564,10120987331783,3062354994,170,10
200,50,60000000000,1.000000,90732734440117,13095895776194,10120987331783,3062354994,170,10
200,55,60000000000,1.000000,90777765731755,13050864484556,10120987331783,3062354994,170,10
200,60,60000000000,1.000000,90918886639362,12909743576949,10120987331783,3062354994,170,10
200,65,60000000000,1.000000,91017021176446,12811609039865,10120987331783,3062354994,170,10
200,70,60000000000,1.000000,91106163104022,12722467112289,10120987331783,3062354994,170,10
200,75,60000000000,1.000000,91255158819774,12573471396537,10120987331783,3062354994,170,10
200,80,60000000000,1.000000,91319213760622,12509416455689,10120987331783,3062354994,170,10
200,85,60000000000,1.000000,91432926092646,12395704123665,10120987331783,3062354994,170,10
200,90,60000000000,1.000000,91581902091998,12246728124313,10120987331783,3062354994,170,10
200,95,60000000000,1.000000,91624889187334,12203741028977,10120987331783,3062354994,170,10
200,100,60000000000,1.000000,91756863900302,12071766316009,10120987331783,3062354994,170,10
200,105,60000000000,1.000000,91848653891142,11979976325169,10120987331783,3062354994,170,10
200,110,60000000000,1.000000,91932009399046,11896620817265,10120987331783,3062354994,170,10
200,115,60000000000,1.000000,92071333440102,11757296776209,10120987331783,3062354994,170,10
200,120,60000000000,1.000000,92131230418726,11697399797585,10120987331783,3062354994,170,10
200,125,60000000000,1.000000,92237561406558,11591068809753,10120987331783,3062354994,170,10
200,130,60000000000,1.000000,92376867011110,11451763205201,10120987331783,3062354994,170,10
200,135,60000000000,1.000000,92417063709542,11411566506769,10120987331783,3062354994,170,10
200,140,60000000000,1.000000,92540471622542,11288158593769,10120987331783,3062354994,170,10
200,145,60000000000,1.000000,92626303301550,11202326914761,10120987331783,3062354994,170,10
200,150,60000000000,1.000000,92704248000406,11124382215905,10120987331783,3062354994,170,10
200,155,60000000000,1.000000,92834528178606,10994102037705,10120987331783,3062354994,170,10
200,160,60000000000,1.000000,92890537098518,10938093117793,10120987331783,3062354994,170,10
200,165,60000000000,1.000000,92989965883046,10838664333265,10120987331783,3062354994,170,10
200,170,60000000000,1.000000,93120228821582,10708401394729,10120987331783,3062354994,170,10
200,175,60000000000,1.000000,93157816254398,10670813961913,10120987331783,3062354994,170,10
200,180,60000000000,1.000000,93273213459342,10555416756969,10120987331783,3062354994,170,10
200,185,60000000000,1.000000,93353473595054,10475156621257,10120987331783,3062354994,170,10
200,190,60000000000,1.000000,93426358713710,10402271502601,10120987331783,3062354994,170,10
200,195,60000000000,1.000000,93548182088270,10280448128041,10120987331783,3062354994,170,10
